Farm_ID,Date,NDVI,crop label,ground truth month
T001,01-08-2022,0.09703614,Tomato,01-10-2022
T001,03-01-2023,0.18468468,Tomato,01-10-2022
T001,03-04-2022,0.80750406,Tomato,01-10-2022
T001,03-05-2022,0.12681477,Tomato,01-10-2022
T001,04-03-2023,0.22919151,Tomato,01-10-2022
T001,04-12-2022,0.21987315,Tomato,01-10-2022
T001,05-09-2022,0.38968325,Tomato,01-10-2022
T001,07-02-2023,0.2643026,Tomato,01-10-2022
T001,08-01-2023,0.23091881,Tomato,01-10-2022
T001,08-04-2022,0.80004245,Tomato,01-10-2022
T001,09-11-2022,0.33043477,Tomato,01-10-2022
T001,12-02-2023,0.2783924,Tomato,01-10-2022
T001,12-06-2022,0.18093412,Tomato,01-10-2022
T001,13-01-2023,0.19515885,Tomato,01-10-2022
T001,13-04-2022,0.9122687,Tomato,01-10-2022
T001,14-03-2023,0.19783686,Tomato,01-10-2022
T001,16-08-2022,-0.049084857,Tomato,01-10-2022
T001,17-02-2023,0.26873037,Tomato,01-10-2022
T001,18-01-2023,0.22663379,Tomato,01-10-2022
T001,18-04-2022,0.028354386,Tomato,01-10-2022
T001,19-03-2023,0.19368975,Tomato,01-10-2022
T001,19-11-2022,0.36331835,Tomato,01-10-2022
T001,22-02-2023,0.27845883,Tomato,01-10-2022
T001,23-01-2023,0.21748401,Tomato,01-10-2022
T001,23-05-2022,0.20421608,Tomato,01-10-2022
T001,24-03-2023,0.16540085,Tomato,01-10-2022
T001,24-12-2022,0.19674134,Tomato,01-10-2022
T001,25-09-2022,0.42129797,Tomato,01-10-2022
T001,25-10-2022,0.26956522,Tomato,01-10-2022
T001,27-02-2023,0.27061972,Tomato,01-10-2022
T001,28-01-2023,0.25658536,Tomato,01-10-2022
T001,28-04-2022,0.14930694,Tomato,01-10-2022
T001,28-05-2022,0.16242318,Tomato,01-10-2022
T001,29-03-2023,0.17039107,Tomato,01-10-2022
T001,29-11-2022,0.10357995,Tomato,01-10-2022
T001,29-12-2022,0.18344688,Tomato,01-10-2022
T002,01-08-2022,0.064730294,Tomato,01-10-2022
T002,03-01-2023,0.20176083,Tomato,01-10-2022
T002,03-04-2022,0.36207455,Tomato,01-10-2022
T002,03-05-2022,0.36104262,Tomato,01-10-2022
T002,04-03-2023,0.2,Tomato,01-10-2022
T002,04-12-2022,0.18131162,Tomato,01-10-2022
T002,05-09-2022,0.3587609,Tomato,01-10-2022
T002,07-02-2023,0.07470079,Tomato,01-10-2022
T002,08-01-2023,0.26566124,Tomato,01-10-2022
T002,08-04-2022,0.32341528,Tomato,01-10-2022
T002,09-11-2022,0.24833998,Tomato,01-10-2022
T002,12-02-2023,0.055093143,Tomato,01-10-2022
T002,12-06-2022,0.6724701,Tomato,01-10-2022
T002,13-01-2023,0.2305923,Tomato,01-10-2022
T002,13-04-2022,0.32088095,Tomato,01-10-2022
T002,14-03-2023,0.49529514,Tomato,01-10-2022
T002,16-08-2022,-0.055127077,Tomato,01-10-2022
T002,17-02-2023,0.05113418,Tomato,01-10-2022
T002,18-01-2023,0.21660748,Tomato,01-10-2022
T002,18-04-2022,0.047779415,Tomato,01-10-2022
T002,19-03-2023,0.4979757,Tomato,01-10-2022
T002,19-11-2022,0.27764705,Tomato,01-10-2022
T002,22-02-2023,0.071058474,Tomato,01-10-2022
T002,23-01-2023,0.09342327,Tomato,01-10-2022
T002,23-05-2022,0.5339915,Tomato,01-10-2022
T002,24-03-2023,0.48845613,Tomato,01-10-2022
T002,24-12-2022,0.24887691,Tomato,01-10-2022
T002,25-09-2022,0.54565036,Tomato,01-10-2022
T002,25-10-2022,0.45653394,Tomato,01-10-2022
T002,27-02-2023,0.10981211,Tomato,01-10-2022
T002,28-01-2023,0.1924722,Tomato,01-10-2022
T002,28-04-2022,0.32090816,Tomato,01-10-2022
T002,28-05-2022,0.6065389,Tomato,01-10-2022
T002,29-03-2023,0.6194707,Tomato,01-10-2022
T002,29-11-2022,0.011904762,Tomato,01-10-2022
T002,29-12-2022,0.21158488,Tomato,01-10-2022
T003,01-08-2022,0.06434316,Tomato,01-09-2022
T003,03-01-2023,0.42257217,Tomato,01-09-2022
T003,03-04-2022,0.29676357,Tomato,01-09-2022
T003,03-05-2022,0.23526616,Tomato,01-09-2022
T003,04-03-2022,0.28879073,Tomato,01-09-2022
T003,04-12-2022,0.24017467,Tomato,01-09-2022
T003,05-09-2022,0.4343666,Tomato,01-09-2022
T003,07-02-2023,0.6504065,Tomato,01-09-2022
T003,08-01-2023,0.43665436,Tomato,01-09-2022
T003,08-04-2022,0.26293778,Tomato,01-09-2022
T003,09-03-2022,0.27175367,Tomato,01-09-2022
T003,09-11-2022,0.6179775,Tomato,01-09-2022
T003,12-02-2023,0.78821075,Tomato,01-09-2022
T003,12-06-2022,0.5119438,Tomato,01-09-2022
T003,13-01-2023,0.47548535,Tomato,01-09-2022
T003,13-04-2022,0.215311,Tomato,01-09-2022
T003,14-03-2022,0.27311945,Tomato,01-09-2022
T003,16-08-2022,-0.045382164,Tomato,01-09-2022
T003,17-02-2023,0.74327755,Tomato,01-09-2022
T003,18-01-2023,0.5826197,Tomato,01-09-2022
T003,18-04-2022,0.21121822,Tomato,01-09-2022
T003,19-03-2022,0.24278182,Tomato,01-09-2022
T003,19-11-2022,0.32824427,Tomato,01-09-2022
T003,22-02-2023,0.6768,Tomato,01-09-2022
T003,23-01-2023,0.5525751,Tomato,01-09-2022
T003,23-05-2022,0.28286016,Tomato,01-09-2022
T003,24-12-2022,0.3200692,Tomato,01-09-2022
T003,25-09-2022,0.52380955,Tomato,01-09-2022
T003,25-10-2022,0.5500752,Tomato,01-09-2022
T003,27-02-2023,0.67328477,Tomato,01-09-2022
T003,28-01-2023,0.6488594,Tomato,01-09-2022
T003,28-04-2022,0.2544264,Tomato,01-09-2022
T003,28-05-2022,0.4423408,Tomato,01-09-2022
T003,29-03-2022,0.28563252,Tomato,01-09-2022
T003,29-11-2022,0.29746443,Tomato,01-09-2022
T003,29-12-2022,0.38036808,Tomato,01-09-2022
T004,01-08-2022,0.07897934,Tomato,01-09-2022
T004,03-01-2023,0.48998177,Tomato,01-09-2022
T004,03-04-2022,0.3025292,Tomato,01-09-2022
T004,03-05-2022,0.2423841,Tomato,01-09-2022
T004,04-03-2022,0.24961871,Tomato,01-09-2022
T004,04-12-2022,0.29635036,Tomato,01-09-2022
T004,05-09-2022,0.34078458,Tomato,01-09-2022
T004,07-02-2023,0.6536537,Tomato,01-09-2022
T004,08-01-2023,0.51249236,Tomato,01-09-2022
T004,08-04-2022,0.27748692,Tomato,01-09-2022
T004,09-03-2022,0.25118986,Tomato,01-09-2022
T004,09-11-2022,0.57009345,Tomato,01-09-2022
T004,12-02-2023,0.76008606,Tomato,01-09-2022
T004,12-06-2022,0.5577012,Tomato,01-09-2022
T004,13-01-2023,0.5467671,Tomato,01-09-2022
T004,13-04-2022,0.23423423,Tomato,01-09-2022
T004,14-03-2022,0.28627658,Tomato,01-09-2022
T004,16-08-2022,-0.062052507,Tomato,01-09-2022
T004,17-02-2023,0.7302959,Tomato,01-09-2022
T004,18-01-2023,0.6495434,Tomato,01-09-2022
T004,18-04-2022,0.2140016,Tomato,01-09-2022
T004,19-03-2022,0.2561613,Tomato,01-09-2022
T004,19-11-2022,0.3552795,Tomato,01-09-2022
T004,22-02-2023,0.62946796,Tomato,01-09-2022
T004,23-01-2023,0.5375527,Tomato,01-09-2022
T004,23-05-2022,0.49067244,Tomato,01-09-2022
T004,24-12-2022,0.39067525,Tomato,01-09-2022
T004,25-09-2022,0.43140244,Tomato,01-09-2022
T004,25-10-2022,0.5847119,Tomato,01-09-2022
T004,27-02-2023,0.6115343,Tomato,01-09-2022
T004,28-01-2023,0.70553595,Tomato,01-09-2022
T004,28-04-2022,0.22924304,Tomato,01-09-2022
T004,28-05-2022,0.48969072,Tomato,01-09-2022
T004,29-03-2022,0.2931521,Tomato,01-09-2022
T004,29-11-2022,0.30151057,Tomato,01-09-2022
T004,29-12-2022,0.39977688,Tomato,01-09-2022
T005,01-08-2022,0.2303133,Tomato,01-09-2022
T005,03-01-2023,0.43135887,Tomato,01-09-2022
T005,03-04-2022,0.42389524,Tomato,01-09-2022
T005,03-05-2022,0.4958074,Tomato,01-09-2022
T005,04-03-2022,0.33937198,Tomato,01-09-2022
T005,04-12-2022,0.41658208,Tomato,01-09-2022
T005,05-09-2022,0.5659697,Tomato,01-09-2022
T005,07-02-2023,0.45730782,Tomato,01-09-2022
T005,08-01-2023,0.4577578,Tomato,01-09-2022
T005,08-04-2022,0.39689058,Tomato,01-09-2022
T005,09-03-2022,0.3782936,Tomato,01-09-2022
T005,09-11-2022,0.61273384,Tomato,01-09-2022
T005,12-02-2023,0.53747183,Tomato,01-09-2022
T005,12-06-2022,0.6361702,Tomato,01-09-2022
T005,13-01-2023,0.46378306,Tomato,01-09-2022
T005,13-04-2022,0.4454015,Tomato,01-09-2022
T005,14-03-2022,0.3909866,Tomato,01-09-2022
T005,16-08-2022,0.005529954,Tomato,01-09-2022
T005,17-02-2023,0.51540285,Tomato,01-09-2022
T005,18-01-2023,0.5199425,Tomato,01-09-2022
T005,18-04-2022,0.4633166,Tomato,01-09-2022
T005,19-03-2022,0.37988827,Tomato,01-09-2022
T005,19-11-2022,0.46633723,Tomato,01-09-2022
T005,22-02-2023,0.5163959,Tomato,01-09-2022
T005,23-01-2023,0.46119535,Tomato,01-09-2022
T005,23-05-2022,0.28890416,Tomato,01-09-2022
T005,24-12-2022,0.3716123,Tomato,01-09-2022
T005,25-09-2022,0.47648263,Tomato,01-09-2022
T005,25-10-2022,0.54434997,Tomato,01-09-2022
T005,27-02-2023,0.4841735,Tomato,01-09-2022
T005,28-01-2023,0.4989339,Tomato,01-09-2022
T005,28-04-2022,0.41169977,Tomato,01-09-2022
T005,28-05-2022,0.5059718,Tomato,01-09-2022
T005,29-03-2022,0.41614908,Tomato,01-09-2022
T005,29-11-2022,0.39472887,Tomato,01-09-2022
T005,29-12-2022,0.4221482,Tomato,01-09-2022
T006,02-02-2024,0.47739992,Tomato,01-12-2023
T006,02-04-2024,0.22951488,Tomato,01-12-2023
T006,02-05-2024,0.14168224,Tomato,01-12-2023
T006,02-06-2023,0.26263762,Tomato,01-12-2023
T006,03-03-2024,0.33436534,Tomato,01-12-2023
T006,05-10-2023,0.2545799,Tomato,01-12-2023
T006,06-08-2023,0.07939189,Tomato,01-12-2023
T006,07-02-2024,0.6708418,Tomato,01-12-2023
T006,07-04-2024,0.20107651,Tomato,01-12-2023
T006,08-03-2024,0.3197073,Tomato,01-12-2023
T006,10-10-2023,0.17975831,Tomato,01-12-2023
T006,12-02-2024,0.6057666,Tomato,01-12-2023
T006,12-04-2024,0.14650495,Tomato,01-12-2023
T006,12-06-2023,0.1900299,Tomato,01-12-2023
T006,13-03-2024,0.2680363,Tomato,01-12-2023
T006,15-10-2023,0.15608664,Tomato,01-12-2023
T006,16-08-2023,0.15460889,Tomato,01-12-2023
T006,17-02-2024,0.5441008,Tomato,01-12-2023
T006,18-01-2024,0.68072003,Tomato,01-12-2023
T006,18-03-2024,0.2736792,Tomato,01-12-2023
T006,19-11-2023,0.1455607,Tomato,01-12-2023
T006,20-10-2023,0.17077176,Tomato,01-12-2023
T006,21-08-2023,0.12771392,Tomato,01-12-2023
T006,22-02-2024,0.3529412,Tomato,01-12-2023
T006,22-04-2024,0.15606937,Tomato,01-12-2023
T006,23-01-2024,0.7518509,Tomato,01-12-2023
T006,23-03-2024,0.2860433,Tomato,01-12-2023
T006,24-12-2023,0.75898933,Tomato,01-12-2023
T006,25-10-2023,0.11004785,Tomato,01-12-2023
T006,27-02-2024,0.11907811,Tomato,01-12-2023
T006,27-04-2024,0.14325842,Tomato,01-12-2023
T006,28-03-2024,0.25431323,Tomato,01-12-2023
T006,29-12-2023,0.71688575,Tomato,01-12-2023
T007,02-02-2024,0.5472028,Tomato,01-12-2023
T007,02-04-2024,0.45270935,Tomato,01-12-2023
T007,02-05-2024,0.18816389,Tomato,01-12-2023
T007,02-06-2023,0.38034743,Tomato,01-12-2023
T007,03-03-2024,0.5415755,Tomato,01-12-2023
T007,05-10-2023,0.35699934,Tomato,01-12-2023
T007,06-08-2023,0.0832618,Tomato,01-12-2023
T007,07-02-2024,0.7934662,Tomato,01-12-2023
T007,07-04-2024,0.41522652,Tomato,01-12-2023
T007,08-03-2024,0.52538747,Tomato,01-12-2023
T007,10-10-2023,0.18299536,Tomato,01-12-2023
T007,12-02-2024,0.72944015,Tomato,01-12-2023
T007,12-04-2024,0.037865944,Tomato,01-12-2023
T007,12-06-2023,0.23358192,Tomato,01-12-2023
T007,13-03-2024,0.42670682,Tomato,01-12-2023
T007,15-10-2023,0.16460742,Tomato,01-12-2023
T007,16-08-2023,0.15073815,Tomato,01-12-2023
T007,17-02-2024,0.747851,Tomato,01-12-2023
T007,18-01-2024,0.7314554,Tomato,01-12-2023
T007,18-03-2024,0.48878923,Tomato,01-12-2023
T007,19-11-2023,0.17116451,Tomato,01-12-2023
T007,20-10-2023,0.18615857,Tomato,01-12-2023
T007,21-08-2023,0.11892797,Tomato,01-12-2023
T007,22-02-2024,0.43140167,Tomato,01-12-2023
T007,22-04-2024,0.23468208,Tomato,01-12-2023
T007,23-01-2024,0.8118669,Tomato,01-12-2023
T007,23-03-2024,0.5252879,Tomato,01-12-2023
T007,24-12-2023,0.7929423,Tomato,01-12-2023
T007,25-10-2023,0.089649715,Tomato,01-12-2023
T007,27-02-2024,0.006230529,Tomato,01-12-2023
T007,27-04-2024,0.20821114,Tomato,01-12-2023
T007,28-03-2024,0.5138712,Tomato,01-12-2023
T007,29-12-2023,0.77388656,Tomato,01-12-2023
T008,02-02-2024,0.23262031,Tomato,01-12-2023
T008,02-04-2024,0.51815766,Tomato,01-12-2023
T008,02-05-2024,0.17710944,Tomato,01-12-2023
T008,02-06-2023,0.2719766,Tomato,01-12-2023
T008,03-03-2024,0.57436156,Tomato,01-12-2023
T008,05-10-2023,0.31652662,Tomato,01-12-2023
T008,06-08-2023,0.12,Tomato,01-12-2023
T008,07-02-2024,0.37732223,Tomato,01-12-2023
T008,07-04-2024,0.521414,Tomato,01-12-2023
T008,08-03-2024,0.5968024,Tomato,01-12-2023
T008,10-10-2023,0.27626458,Tomato,01-12-2023
T008,12-02-2024,0.4031232,Tomato,01-12-2023
T008,12-04-2024,0.06684888,Tomato,01-12-2023
T008,12-06-2023,0.20900321,Tomato,01-12-2023
T008,13-03-2024,0.50285715,Tomato,01-12-2023
T008,15-10-2023,0.3720448,Tomato,01-12-2023
T008,16-08-2023,0.16936104,Tomato,01-12-2023
T008,17-02-2024,0.45168296,Tomato,01-12-2023
T008,18-01-2024,0.34615386,Tomato,01-12-2023
T008,18-03-2024,0.5469534,Tomato,01-12-2023
T008,19-11-2023,0.3915618,Tomato,01-12-2023
T008,20-10-2023,0.44474393,Tomato,01-12-2023
T008,21-08-2023,0.10782241,Tomato,01-12-2023
T008,22-02-2024,0.4237805,Tomato,01-12-2023
T008,22-04-2024,0.4308137,Tomato,01-12-2023
T008,23-01-2024,0.32084894,Tomato,01-12-2023
T008,23-03-2024,0.5606964,Tomato,01-12-2023
T008,24-12-2023,0.31333333,Tomato,01-12-2023
T008,25-10-2023,0.43092406,Tomato,01-12-2023
T008,27-02-2024,0.36302295,Tomato,01-12-2023
T008,27-04-2024,0.2252,Tomato,01-12-2023
T008,28-03-2024,0.512334,Tomato,01-12-2023
T008,29-12-2023,0.3018746,Tomato,01-12-2023
T009,02-02-2024,0.28629443,Tomato,01-12-2023
T009,02-04-2024,0.56311697,Tomato,01-12-2023
T009,02-05-2024,0.16746412,Tomato,01-12-2023
T009,02-06-2023,0.45061728,Tomato,01-12-2023
T009,03-03-2024,0.61849713,Tomato,01-12-2023
T009,05-10-2023,0.2983596,Tomato,01-12-2023
T009,06-08-2023,0.10297811,Tomato,01-12-2023
T009,07-02-2024,0.3757094,Tomato,01-12-2023
T009,07-04-2024,0.5819895,Tomato,01-12-2023
T009,08-03-2024,0.6544552,Tomato,01-12-2023
T009,10-10-2023,0.2100955,Tomato,01-12-2023
T009,12-02-2024,0.39455095,Tomato,01-12-2023
T009,12-04-2024,0.12353608,Tomato,01-12-2023
T009,12-06-2023,0.28042328,Tomato,01-12-2023
T009,13-03-2024,0.56962025,Tomato,01-12-2023
T009,15-10-2023,0.33606556,Tomato,01-12-2023
T009,16-08-2023,0.24059437,Tomato,01-12-2023
T009,17-02-2024,0.44997382,Tomato,01-12-2023
T009,18-01-2024,0.32208923,Tomato,01-12-2023
T009,18-03-2024,0.6246099,Tomato,01-12-2023
T009,19-11-2023,0.38243285,Tomato,01-12-2023
T009,20-10-2023,0.40231937,Tomato,01-12-2023
T009,21-08-2023,0.10897744,Tomato,01-12-2023
T009,22-02-2024,0.40443808,Tomato,01-12-2023
T009,22-04-2024,0.52701646,Tomato,01-12-2023
T009,23-01-2024,0.32620922,Tomato,01-12-2023
T009,23-03-2024,0.6282107,Tomato,01-12-2023
T009,24-12-2023,0.27055305,Tomato,01-12-2023
T009,25-10-2023,0.4092715,Tomato,01-12-2023
T009,27-02-2024,0.10074319,Tomato,01-12-2023
T009,27-04-2024,0.3713851,Tomato,01-12-2023
T009,28-03-2024,0.60291517,Tomato,01-12-2023
T009,29-12-2023,0.25707814,Tomato,01-12-2023
T010,01-03-2026,0.8908484,Tomato,01-11-2025
T010,01-11-2025,0.6155228,Tomato,01-11-2025
T010,01-12-2025,0.52219874,Tomato,01-11-2025
T010,03-11-2025,0.60291195,Tomato,01-11-2025
T010,04-02-2026,0.80255234,Tomato,01-11-2025
T010,05-01-2026,0.43501484,Tomato,01-11-2025
T010,05-04-2026,0.23522459,Tomato,01-11-2025
T010,05-05-2025,0.85897803,Tomato,01-11-2025
T010,06-03-2026,0.8604103,Tomato,01-11-2025
T010,06-11-2025,0.53817505,Tomato,01-11-2025
T010,06-12-2025,0.5457454,Tomato,01-11-2025
T010,09-02-2026,0.9136271,Tomato,01-11-2025
T010,09-06-2025,0.2158516,Tomato,01-11-2025
T010,10-01-2026,0.45814583,Tomato,01-11-2025
T010,10-04-2026,0.18897638,Tomato,01-11-2025
T010,10-05-2025,-0.05894309,Tomato,01-11-2025
T010,11-03-2026,0.8597561,Tomato,01-11-2025
T010,11-11-2025,0.56795067,Tomato,01-11-2025
T010,11-12-2025,0.5173283,Tomato,01-11-2025
T010,12-10-2025,0.48119575,Tomato,01-11-2025
T010,13-12-2025,0.521324,Tomato,01-11-2025
T010,14-02-2026,0.89011496,Tomato,01-11-2025
T010,14-06-2025,0.18396227,Tomato,01-11-2025
T010,14-10-2025,0.4065934,Tomato,01-11-2025
T010,15-01-2026,0.539028,Tomato,01-11-2025
T010,15-04-2026,0.1644515,Tomato,01-11-2025
T010,16-03-2026,0.77054346,Tomato,01-11-2025
T010,16-11-2025,0.58474046,Tomato,01-11-2025
T010,16-12-2025,0.54242617,Tomato,01-11-2025
T010,17-09-2025,0.45002824,Tomato,01-11-2025
T010,17-10-2025,0.45405036,Tomato,01-11-2025
T010,20-01-2026,0.69794345,Tomato,01-11-2025
T010,20-04-2026,0.13449523,Tomato,01-11-2025
T010,20-05-2025,0.49044585,Tomato,01-11-2025
T010,21-11-2025,0.6002579,Tomato,01-11-2025
T010,22-04-2026,0.134754,Tomato,01-11-2025
T010,22-09-2025,0.5182482,Tomato,01-11-2025
T010,23-11-2025,0.46335834,Tomato,01-11-2025
T010,24-02-2026,0.89933836,Tomato,01-11-2025
T010,24-09-2025,0.50050557,Tomato,01-11-2025
T010,25-01-2026,0.42270863,Tomato,01-11-2025
T010,25-04-2026,0.14330056,Tomato,01-11-2025
T010,26-03-2026,0.57781297,Tomato,01-11-2025
T010,26-11-2025,0.44848123,Tomato,01-11-2025
T010,26-12-2025,0.28525788,Tomato,01-11-2025
T010,30-04-2026,0.10336455,Tomato,01-11-2025
T010,31-03-2026,0.35498196,Tomato,01-11-2025
T010,31-12-2025,0.3280915,Tomato,01-11-2025
T011,02-02-2024,0.2592036,Tomato,01-12-2023
T011,02-04-2024,0.2360515,Tomato,01-12-2023
T011,02-05-2024,0.1724138,Tomato,01-12-2023
T011,02-06-2023,0.14162755,Tomato,01-12-2023
T011,03-03-2024,0.3622251,Tomato,01-12-2023
T011,05-10-2023,0.06524118,Tomato,01-12-2023
T011,06-08-2023,0.089020774,Tomato,01-12-2023
T011,07-02-2024,0.501292,Tomato,01-12-2023
T011,07-04-2024,0.23159784,Tomato,01-12-2023
T011,08-03-2024,0.33943155,Tomato,01-12-2023
T011,10-10-2023,-0.02614601,Tomato,01-12-2023
T011,12-02-2024,0.4723599,Tomato,01-12-2023
T011,12-04-2024,0.17741935,Tomato,01-12-2023
T011,12-06-2023,0.09653916,Tomato,01-12-2023
T011,13-03-2024,0.26658905,Tomato,01-12-2023
T011,15-10-2023,0.47078386,Tomato,01-12-2023
T011,16-08-2023,0.3955774,Tomato,01-12-2023
T011,17-02-2024,0.47350994,Tomato,01-12-2023
T011,18-01-2024,0.4704264,Tomato,01-12-2023
T011,18-03-2024,0.26693228,Tomato,01-12-2023
T011,19-11-2023,0.64366126,Tomato,01-12-2023
T011,20-10-2023,0.4957537,Tomato,01-12-2023
T011,21-08-2023,0.49466667,Tomato,01-12-2023
T011,22-02-2024,0.30740276,Tomato,01-12-2023
T011,22-04-2024,0.1970803,Tomato,01-12-2023
T011,23-01-2024,0.51655626,Tomato,01-12-2023
T011,23-03-2024,0.28143713,Tomato,01-12-2023
T011,24-12-2023,0.51924586,Tomato,01-12-2023
T011,25-10-2023,0.4886609,Tomato,01-12-2023
T011,27-02-2024,0.017988553,Tomato,01-12-2023
T011,27-04-2024,0.19570085,Tomato,01-12-2023
T011,28-03-2024,0.24474393,Tomato,01-12-2023
T011,29-12-2023,0.5383312,Tomato,01-12-2023
T012,02-02-2024,0.40548137,Tomato,01-12-2023
T012,02-04-2024,0.53439456,Tomato,01-12-2023
T012,02-05-2024,0.15846539,Tomato,01-12-2023
T012,02-06-2023,0.37219918,Tomato,01-12-2023
T012,03-03-2024,0.6323948,Tomato,01-12-2023
T012,05-10-2023,0.14188904,Tomato,01-12-2023
T012,06-08-2023,0.065910086,Tomato,01-12-2023
T012,07-02-2024,0.71953857,Tomato,01-12-2023
T012,07-04-2024,0.5585014,Tomato,01-12-2023
T012,08-03-2024,0.66323906,Tomato,01-12-2023
T012,10-10-2023,0.011519078,Tomato,01-12-2023
T012,12-02-2024,0.6733542,Tomato,01-12-2023
T012,12-04-2024,0.27884614,Tomato,01-12-2023
T012,12-06-2023,0.1293805,Tomato,01-12-2023
T012,13-03-2024,0.53372514,Tomato,01-12-2023
T012,15-10-2023,0.4106885,Tomato,01-12-2023
T012,16-08-2023,0.24460432,Tomato,01-12-2023
T012,17-02-2024,0.6646622,Tomato,01-12-2023
T012,18-01-2024,0.675898,Tomato,01-12-2023
T012,18-03-2024,0.5906921,Tomato,01-12-2023
T012,19-11-2023,0.39118943,Tomato,01-12-2023
T012,20-10-2023,0.44134077,Tomato,01-12-2023
T012,21-08-2023,0.3531915,Tomato,01-12-2023
T012,22-02-2024,0.48122472,Tomato,01-12-2023
T012,22-04-2024,0.21665251,Tomato,01-12-2023
T012,23-01-2024,0.79379565,Tomato,01-12-2023
T012,23-03-2024,0.60238093,Tomato,01-12-2023
T012,24-12-2023,0.67682725,Tomato,01-12-2023
T012,25-10-2023,0.39395618,Tomato,01-12-2023
T012,27-02-2024,0.008159565,Tomato,01-12-2023
T012,27-04-2024,0.17410073,Tomato,01-12-2023
T012,28-03-2024,0.57004833,Tomato,01-12-2023
T012,29-12-2023,0.7570928,Tomato,01-12-2023
T013,02-02-2024,0.24914908,Tomato,01-12-2023
T013,02-04-2024,0.16377953,Tomato,01-12-2023
T013,02-05-2024,0.13494809,Tomato,01-12-2023
T013,02-06-2023,0.59758466,Tomato,01-12-2023
T013,03-03-2024,0.20180996,Tomato,01-12-2023
T013,05-10-2023,0.053846154,Tomato,01-12-2023
T013,06-08-2023,0.045930702,Tomato,01-12-2023
T013,07-02-2024,0.33096084,Tomato,01-12-2023
T013,07-04-2024,0.1756966,Tomato,01-12-2023
T013,08-03-2024,0.19596912,Tomato,01-12-2023
T013,10-10-2023,-0.025737014,Tomato,01-12-2023
T013,12-02-2024,0.25878277,Tomato,01-12-2023
T013,12-04-2024,0.024312476,Tomato,01-12-2023
T013,12-06-2023,0.38855106,Tomato,01-12-2023
T013,13-03-2024,0.18006992,Tomato,01-12-2023
T013,15-10-2023,0.3825114,Tomato,01-12-2023
T013,16-08-2023,0.13585746,Tomato,01-12-2023
T013,17-02-2024,0.271556,Tomato,01-12-2023
T013,18-01-2024,0.42254302,Tomato,01-12-2023
T013,18-03-2024,0.16924985,Tomato,01-12-2023
T013,19-11-2023,0.3500785,Tomato,01-12-2023
T013,20-10-2023,0.44160584,Tomato,01-12-2023
T013,21-08-2023,0.1988555,Tomato,01-12-2023
T013,22-02-2024,0.23818438,Tomato,01-12-2023
T013,22-04-2024,0.1594203,Tomato,01-12-2023
T013,23-01-2024,0.4388043,Tomato,01-12-2023
T013,23-03-2024,0.17457697,Tomato,01-12-2023
T013,24-12-2023,0.44726452,Tomato,01-12-2023
T013,25-10-2023,0.415185,Tomato,01-12-2023
T013,27-02-2024,0.029048946,Tomato,01-12-2023
T013,27-04-2024,0.14379086,Tomato,01-12-2023
T013,28-03-2024,0.16552003,Tomato,01-12-2023
T013,29-12-2023,0.4816092,Tomato,01-12-2023
T014,02-02-2024,0.3514782,Tomato,01-12-2023
T014,02-04-2024,0.23703565,Tomato,01-12-2023
T014,02-05-2024,0.15650624,Tomato,01-12-2023
T014,02-06-2023,0.24882482,Tomato,01-12-2023
T014,03-03-2024,0.2875613,Tomato,01-12-2023
T014,05-10-2023,0.29228857,Tomato,01-12-2023
T014,06-08-2023,0.13993755,Tomato,01-12-2023
T014,07-02-2024,0.40983605,Tomato,01-12-2023
T014,07-04-2024,0.23065667,Tomato,01-12-2023
T014,08-03-2024,0.40111065,Tomato,01-12-2023
T014,10-10-2023,0.06824748,Tomato,01-12-2023
T014,12-02-2024,0.4100802,Tomato,01-12-2023
T014,12-04-2024,0.12768361,Tomato,01-12-2023
T014,12-06-2023,0.23409513,Tomato,01-12-2023
T014,13-03-2024,0.24765158,Tomato,01-12-2023
T014,15-10-2023,0.42315137,Tomato,01-12-2023
T014,16-08-2023,0.2889191,Tomato,01-12-2023
T014,17-02-2024,0.4598131,Tomato,01-12-2023
T014,18-01-2024,0.37752524,Tomato,01-12-2023
T014,18-03-2024,0.35012186,Tomato,01-12-2023
T014,19-11-2023,0.36240602,Tomato,01-12-2023
T014,20-10-2023,0.45655173,Tomato,01-12-2023
T014,21-08-2023,0.3128795,Tomato,01-12-2023
T014,22-02-2024,0.3669973,Tomato,01-12-2023
T014,22-04-2024,0.17966574,Tomato,01-12-2023
T014,23-01-2024,0.40771636,Tomato,01-12-2023
T014,23-03-2024,0.22666667,Tomato,01-12-2023
T014,24-12-2023,0.3233735,Tomato,01-12-2023
T014,25-10-2023,0.36619392,Tomato,01-12-2023
T014,27-02-2024,0.015164279,Tomato,01-12-2023
T014,27-04-2024,0.20682012,Tomato,01-12-2023
T014,28-03-2024,0.29601893,Tomato,01-12-2023
T014,29-12-2023,0.3358706,Tomato,01-12-2023
T015,02-02-2024,0.33275488,Tomato,01-12-2023
T015,02-04-2024,0.25012073,Tomato,01-12-2023
T015,02-05-2024,0.16179678,Tomato,01-12-2023
T015,02-06-2023,0.1416482,Tomato,01-12-2023
T015,03-03-2024,0.5785044,Tomato,01-12-2023
T015,05-10-2023,0.67458606,Tomato,01-12-2023
T015,06-08-2023,0.04784833,Tomato,01-12-2023
T015,07-02-2024,0.71611524,Tomato,01-12-2023
T015,07-04-2024,0.22858474,Tomato,01-12-2023
T015,08-03-2024,0.5645604,Tomato,01-12-2023
T015,10-10-2023,0.60045487,Tomato,01-12-2023
T015,12-02-2024,0.74719435,Tomato,01-12-2023
T015,12-04-2024,0.16618076,Tomato,01-12-2023
T015,12-06-2023,0.13384755,Tomato,01-12-2023
T015,13-03-2024,0.3360996,Tomato,01-12-2023
T015,15-10-2023,0.55922604,Tomato,01-12-2023
T015,16-08-2023,0.32747254,Tomato,01-12-2023
T015,17-02-2024,0.77268505,Tomato,01-12-2023
T015,18-01-2024,0.39852268,Tomato,01-12-2023
T015,18-03-2024,0.34614283,Tomato,01-12-2023
T015,19-11-2023,0.685519,Tomato,01-12-2023
T015,20-10-2023,0.6646116,Tomato,01-12-2023
T015,21-08-2023,0.4166065,Tomato,01-12-2023
T015,22-02-2024,0.5079192,Tomato,01-12-2023
T015,22-04-2024,0.20332313,Tomato,01-12-2023
T015,23-01-2024,0.50237715,Tomato,01-12-2023
T015,23-03-2024,0.3074761,Tomato,01-12-2023
T015,24-12-2023,0.40892193,Tomato,01-12-2023
T015,25-10-2023,0.6421159,Tomato,01-12-2023
T015,27-02-2024,0.44351298,Tomato,01-12-2023
T015,27-04-2024,0.20913513,Tomato,01-12-2023
T015,28-03-2024,0.3076723,Tomato,01-12-2023
T015,29-12-2023,0.39070228,Tomato,01-12-2023
T016,02-02-2024,0.2680641,Tomato,01-12-2023
T016,02-04-2024,0.04735082,Tomato,01-12-2023
T016,02-05-2024,0.26283288,Tomato,01-12-2023
T016,02-06-2023,0.20825933,Tomato,01-12-2023
T016,03-03-2024,0.17628866,Tomato,01-12-2023
T016,05-10-2023,0.48387095,Tomato,01-12-2023
T016,06-08-2023,0.028905964,Tomato,01-12-2023
T016,07-02-2024,0.3389626,Tomato,01-12-2023
T016,07-04-2024,0.07928301,Tomato,01-12-2023
T016,08-03-2024,0.14822547,Tomato,01-12-2023
T016,10-10-2023,-0.050445363,Tomato,01-12-2023
T016,12-02-2024,0.25694838,Tomato,01-12-2023
T016,12-04-2024,0.14160264,Tomato,01-12-2023
T016,12-06-2023,0.16923077,Tomato,01-12-2023
T016,13-03-2024,0.15640274,Tomato,01-12-2023
T016,15-10-2023,0.5212381,Tomato,01-12-2023
T016,16-08-2023,0.57988644,Tomato,01-12-2023
T016,17-02-2024,0.18327527,Tomato,01-12-2023
T016,18-01-2024,0.3902271,Tomato,01-12-2023
T016,18-03-2024,0.1510286,Tomato,01-12-2023
T016,19-11-2023,0.5692554,Tomato,01-12-2023
T016,20-10-2023,0.5253722,Tomato,01-12-2023
T016,21-08-2023,0.5552075,Tomato,01-12-2023
T016,22-02-2024,0.16019417,Tomato,01-12-2023
T016,22-04-2024,0.31261295,Tomato,01-12-2023
T016,23-01-2024,0.43148357,Tomato,01-12-2023
T016,23-03-2024,0.04390613,Tomato,01-12-2023
T016,24-12-2023,0.465,Tomato,01-12-2023
T016,25-10-2023,0.58229506,Tomato,01-12-2023
T016,27-02-2024,0.14692788,Tomato,01-12-2023
T016,27-04-2024,0.3388008,Tomato,01-12-2023
T016,28-03-2024,0.034258924,Tomato,01-12-2023
T016,29-12-2023,0.46502057,Tomato,01-12-2023
T017,01-08-2022,0.07351022,Tomato,01-11-2022
T017,03-01-2023,0.42646644,Tomato,01-11-2022
T017,03-04-2023,0.604,Tomato,01-11-2022
T017,03-05-2022,0.22553192,Tomato,01-11-2022
T017,04-03-2023,0.39887112,Tomato,01-11-2022
T017,04-12-2022,0.6009053,Tomato,01-11-2022
T017,05-09-2022,0.7807814,Tomato,01-11-2022
T017,08-01-2023,0.44352618,Tomato,01-11-2022
T017,08-04-2023,0.6669789,Tomato,01-11-2022
T017,09-11-2022,0.6777868,Tomato,01-11-2022
T017,12-02-2023,0.47136968,Tomato,01-11-2022
T017,12-06-2022,0.1698315,Tomato,01-11-2022
T017,13-01-2023,0.39900497,Tomato,01-11-2022
T017,13-04-2023,0.5478175,Tomato,01-11-2022
T017,14-03-2023,0.3800588,Tomato,01-11-2022
T017,16-08-2022,-0.07750632,Tomato,01-11-2022
T017,17-02-2023,0.45454547,Tomato,01-11-2022
T017,18-01-2023,0.47398102,Tomato,01-11-2022
T017,18-04-2023,0.47177222,Tomato,01-11-2022
T017,19-03-2023,0.39616936,Tomato,01-11-2022
T017,19-11-2022,0.60027194,Tomato,01-11-2022
T017,22-02-2023,0.41733363,Tomato,01-11-2022
T017,23-01-2023,0.037641723,Tomato,01-11-2022
T017,23-04-2023,0.40347186,Tomato,01-11-2022
T017,23-05-2022,0.6003717,Tomato,01-11-2022
T017,24-03-2023,0.6744186,Tomato,01-11-2022
T017,24-12-2022,-0.019514516,Tomato,01-11-2022
T017,25-09-2022,0.7423729,Tomato,01-11-2022
T017,25-10-2022,0.66699314,Tomato,01-11-2022
T017,27-02-2023,0.4240363,Tomato,01-11-2022
T017,28-01-2023,0.49865624,Tomato,01-11-2022
T017,28-04-2023,0.36754298,Tomato,01-11-2022
T017,28-05-2022,0.22436643,Tomato,01-11-2022
T017,29-03-2023,0.70720917,Tomato,01-11-2022
T017,29-11-2022,0.5528652,Tomato,01-11-2022
T017,29-12-2022,0.4759929,Tomato,01-11-2022
T018,01-08-2022,0.15701792,Tomato,01-11-2022
T018,03-01-2023,0.31362095,Tomato,01-11-2022
T018,03-04-2023,0.4918415,Tomato,01-11-2022
T018,03-05-2022,0.15220039,Tomato,01-11-2022
T018,04-03-2023,0.6256572,Tomato,01-11-2022
T018,04-12-2022,0.48102054,Tomato,01-11-2022
T018,05-09-2022,0.3645782,Tomato,01-11-2022
T018,08-01-2023,0.509434,Tomato,01-11-2022
T018,08-04-2023,0.4934459,Tomato,01-11-2022
T018,09-11-2022,0.41505376,Tomato,01-11-2022
T018,12-02-2023,0.7852487,Tomato,01-11-2022
T018,12-06-2022,0.15949881,Tomato,01-11-2022
T018,13-01-2023,0.6979742,Tomato,01-11-2022
T018,13-04-2023,0.4300278,Tomato,01-11-2022
T018,14-03-2023,0.6147781,Tomato,01-11-2022
T018,16-08-2022,-0.06793169,Tomato,01-11-2022
T018,17-02-2023,0.79885167,Tomato,01-11-2022
T018,18-01-2023,0.7774044,Tomato,01-11-2022
T018,18-04-2023,0.3608341,Tomato,01-11-2022
T018,19-03-2023,0.5853069,Tomato,01-11-2022
T018,19-11-2022,0.38433516,Tomato,01-11-2022
T018,22-02-2023,0.7360386,Tomato,01-11-2022
T018,23-01-2023,0.6950413,Tomato,01-11-2022
T018,23-04-2023,0.3995204,Tomato,01-11-2022
T018,23-05-2022,0.20565149,Tomato,01-11-2022
T018,24-03-2023,0.6738739,Tomato,01-11-2022
T018,24-12-2022,0.026055705,Tomato,01-11-2022
T018,25-09-2022,0.4878049,Tomato,01-11-2022
T018,25-10-2022,0.5019502,Tomato,01-11-2022
T018,27-02-2023,0.65851617,Tomato,01-11-2022
T018,28-01-2023,0.8222706,Tomato,01-11-2022
T018,28-04-2023,0.3336285,Tomato,01-11-2022
T018,28-05-2022,0.1635784,Tomato,01-11-2022
T018,29-03-2023,0.5957257,Tomato,01-11-2022
T018,29-11-2022,0.49574536,Tomato,01-11-2022
T018,29-12-2022,0.19878209,Tomato,01-11-2022
T019,01-08-2022,0.16988063,Tomato,01-11-2022
T019,03-01-2023,0.63283485,Tomato,01-11-2022
T019,03-04-2023,0.27891156,Tomato,01-11-2022
T019,03-05-2022,0.20472299,Tomato,01-11-2022
T019,04-03-2023,0.15482695,Tomato,01-11-2022
T019,04-12-2022,0.70880264,Tomato,01-11-2022
T019,05-09-2022,0.44510463,Tomato,01-11-2022
T019,08-01-2023,0.5813672,Tomato,01-11-2022
T019,08-04-2023,0.31593663,Tomato,01-11-2022
T019,09-11-2022,0.60448,Tomato,01-11-2022
T019,12-02-2023,0.17681646,Tomato,01-11-2022
T019,12-06-2022,0.27604815,Tomato,01-11-2022
T019,13-01-2023,0.596424,Tomato,01-11-2022
T019,13-04-2023,0.3342416,Tomato,01-11-2022
T019,14-03-2023,0.14654003,Tomato,01-11-2022
T019,16-08-2022,-0.058609724,Tomato,01-11-2022
T019,17-02-2023,0.17250673,Tomato,01-11-2022
T019,18-01-2023,0.4842995,Tomato,01-11-2022
T019,18-04-2023,0.38206896,Tomato,01-11-2022
T019,19-03-2023,0.2320888,Tomato,01-11-2022
T019,19-11-2022,0.6066631,Tomato,01-11-2022
T019,22-02-2023,0.16659977,Tomato,01-11-2022
T019,23-01-2023,0.24888226,Tomato,01-11-2022
T019,23-04-2023,0.3653846,Tomato,01-11-2022
T019,23-05-2022,0.44570994,Tomato,01-11-2022
T019,24-03-2023,0.2699011,Tomato,01-11-2022
T019,24-12-2022,-0.028437866,Tomato,01-11-2022
T019,25-09-2022,0.61535233,Tomato,01-11-2022
T019,25-10-2022,0.49819994,Tomato,01-11-2022
T019,27-02-2023,0.12417145,Tomato,01-11-2022
T019,28-01-2023,0.24254473,Tomato,01-11-2022
T019,28-04-2023,0.4154863,Tomato,01-11-2022
T019,28-05-2022,0.3578054,Tomato,01-11-2022
T019,29-03-2023,0.26399294,Tomato,01-11-2022
T019,29-11-2022,0.65356123,Tomato,01-11-2022
T019,29-12-2022,0.6100424,Tomato,01-11-2022
T020,02-02-2024,0.39969215,Tomato,01-12-2023
T020,02-04-2024,0.20374341,Tomato,01-12-2023
T020,02-05-2024,0.17203107,Tomato,01-12-2023
T020,02-06-2023,0.37936914,Tomato,01-12-2023
T020,03-03-2024,0.3236559,Tomato,01-12-2023
T020,05-10-2023,0.30402932,Tomato,01-12-2023
T020,06-08-2023,0.1565762,Tomato,01-12-2023
T020,07-02-2024,0.6010165,Tomato,01-12-2023
T020,07-04-2024,0.2102336,Tomato,01-12-2023
T020,08-03-2024,0.28096387,Tomato,01-12-2023
T020,10-10-2023,0.4960778,Tomato,01-12-2023
T020,12-02-2024,0.5725928,Tomato,01-12-2023
T020,12-04-2024,0.1705591,Tomato,01-12-2023
T020,12-06-2023,0.27668846,Tomato,01-12-2023
T020,13-03-2024,0.24096936,Tomato,01-12-2023
T020,15-10-2023,0.54431343,Tomato,01-12-2023
T020,16-08-2023,0.19050248,Tomato,01-12-2023
T020,17-02-2024,0.54183537,Tomato,01-12-2023
T020,18-01-2024,0.40398064,Tomato,01-12-2023
T020,18-03-2024,0.21723987,Tomato,01-12-2023
T020,19-11-2023,0.6561551,Tomato,01-12-2023
T020,20-10-2023,0.3069185,Tomato,01-12-2023
T020,21-08-2023,0.22969837,Tomato,01-12-2023
T020,22-02-2024,0.45328283,Tomato,01-12-2023
T020,22-04-2024,0.1846897,Tomato,01-12-2023
T020,23-01-2024,0.56248033,Tomato,01-12-2023
T020,23-03-2024,0.22473727,Tomato,01-12-2023
T020,24-12-2023,0.53165334,Tomato,01-12-2023
T020,25-10-2023,0.3372646,Tomato,01-12-2023
T020,27-02-2024,0.37880307,Tomato,01-12-2023
T020,27-04-2024,0.18121739,Tomato,01-12-2023
T020,28-03-2024,0.22351994,Tomato,01-12-2023
T020,29-12-2023,0.52969843,Tomato,01-12-2023
T021,01-08-2022,0.07521121,Tomato,01-10-2022
T021,03-01-2023,0.28829247,Tomato,01-10-2022
T021,03-04-2022,0.21900648,Tomato,01-10-2022
T021,03-05-2022,0.16864097,Tomato,01-10-2022
T021,04-03-2023,0.3788979,Tomato,01-10-2022
T021,04-12-2022,0.3171206,Tomato,01-10-2022
T021,05-09-2022,0.2099792,Tomato,01-10-2022
T021,07-02-2023,0.22813688,Tomato,01-10-2022
T021,08-01-2023,0.29244852,Tomato,01-10-2022
T021,08-04-2022,0.18365592,Tomato,01-10-2022
T021,09-11-2022,0.55270195,Tomato,01-10-2022
T021,12-02-2023,0.26958105,Tomato,01-10-2022
T021,12-06-2022,0.13810082,Tomato,01-10-2022
T021,13-01-2023,0.18799648,Tomato,01-10-2022
T021,13-04-2022,0.13833448,Tomato,01-10-2022
T021,14-03-2023,0.4152293,Tomato,01-10-2022
T021,16-08-2022,0.035341367,Tomato,01-10-2022
T021,17-02-2023,0.33114755,Tomato,01-10-2022
T021,18-01-2023,0.19660138,Tomato,01-10-2022
T021,18-04-2022,0.23422159,Tomato,01-10-2022
T021,19-03-2023,0.41145605,Tomato,01-10-2022
T021,19-11-2022,0.45744097,Tomato,01-10-2022
T021,22-02-2023,0.3860197,Tomato,01-10-2022
T021,23-01-2023,0.006599208,Tomato,01-10-2022
T021,23-05-2022,0.3813311,Tomato,01-10-2022
T021,24-03-2023,0.28627452,Tomato,01-10-2022
T021,24-12-2022,0.3017807,Tomato,01-10-2022
T021,25-09-2022,0.1065531,Tomato,01-10-2022
T021,25-10-2022,0.434005,Tomato,01-10-2022
T021,27-02-2023,0.39185363,Tomato,01-10-2022
T021,28-01-2023,0.18497385,Tomato,01-10-2022
T021,28-04-2022,0.18018413,Tomato,01-10-2022
T021,28-05-2022,0.15713215,Tomato,01-10-2022
T021,29-03-2023,0.42845082,Tomato,01-10-2022
T021,29-11-2022,0.36853334,Tomato,01-10-2022
T021,29-12-2022,0.28630278,Tomato,01-10-2022
T022,01-08-2022,0.50108695,Tomato,01-10-2022
T022,03-01-2023,0.5050079,Tomato,01-10-2022
T022,03-04-2022,0.16798197,Tomato,01-10-2022
T022,03-05-2022,-0.003867496,Tomato,01-10-2022
T022,04-03-2023,0.3839549,Tomato,01-10-2022
T022,04-12-2022,0.37316018,Tomato,01-10-2022
T022,05-09-2022,0.06258862,Tomato,01-10-2022
T022,07-02-2023,0.36126724,Tomato,01-10-2022
T022,08-01-2023,0.43422353,Tomato,01-10-2022
T022,08-04-2022,0.13532652,Tomato,01-10-2022
T022,09-11-2022,0.4711583,Tomato,01-10-2022
T022,12-02-2023,0.3898305,Tomato,01-10-2022
T022,12-06-2022,0.46876717,Tomato,01-10-2022
T022,13-01-2023,0.40995026,Tomato,01-10-2022
T022,13-04-2022,0.10375843,Tomato,01-10-2022
T022,14-03-2023,0.3838941,Tomato,01-10-2022
T022,16-08-2022,0.0658093,Tomato,01-10-2022
T022,17-02-2023,0.40397352,Tomato,01-10-2022
T022,18-01-2023,0.40252662,Tomato,01-10-2022
T022,18-04-2022,0.09044456,Tomato,01-10-2022
T022,19-03-2023,0.30095038,Tomato,01-10-2022
T022,19-11-2022,0.45627284,Tomato,01-10-2022
T022,22-02-2023,0.37477797,Tomato,01-10-2022
T022,23-01-2023,0.006773619,Tomato,01-10-2022
T022,23-05-2022,0.21416053,Tomato,01-10-2022
T022,24-03-2023,0.24226348,Tomato,01-10-2022
T022,24-12-2022,0.27453768,Tomato,01-10-2022
T022,25-09-2022,0.09994767,Tomato,01-10-2022
T022,25-10-2022,0.38306275,Tomato,01-10-2022
T022,27-02-2023,0.37584946,Tomato,01-10-2022
T022,28-01-2023,0.4456693,Tomato,01-10-2022
T022,28-04-2022,0.027724048,Tomato,01-10-2022
T022,28-05-2022,0.3451082,Tomato,01-10-2022
T022,29-03-2023,0.41923937,Tomato,01-10-2022
T022,29-11-2022,0.42005676,Tomato,01-10-2022
T022,29-12-2022,0.492635,Tomato,01-10-2022
T023,01-08-2022,0.123655915,Tomato,01-09-2022
T023,03-01-2023,0.56594723,Tomato,01-09-2022
T023,03-04-2022,0.5246741,Tomato,01-09-2022
T023,03-05-2022,0.5953065,Tomato,01-09-2022
T023,04-03-2022,0.42581302,Tomato,01-09-2022
T023,04-12-2022,0.7199248,Tomato,01-09-2022
T023,05-09-2022,0.34550264,Tomato,01-09-2022
T023,07-02-2023,0.3321407,Tomato,01-09-2022
T023,08-01-2023,0.4555926,Tomato,01-09-2022
T023,08-04-2022,0.5358427,Tomato,01-09-2022
T023,09-03-2022,0.4450753,Tomato,01-09-2022
T023,09-11-2022,0.7111644,Tomato,01-09-2022
T023,12-02-2023,0.34011367,Tomato,01-09-2022
T023,12-06-2022,0.5558699,Tomato,01-09-2022
T023,13-01-2023,0.43091905,Tomato,01-09-2022
T023,13-04-2022,0.54988813,Tomato,01-09-2022
T023,14-03-2022,0.42095417,Tomato,01-09-2022
T023,16-08-2022,0.29002875,Tomato,01-09-2022
T023,17-02-2023,0.34292036,Tomato,01-09-2022
T023,18-01-2023,0.46409807,Tomato,01-09-2022
T023,18-04-2022,0.43461797,Tomato,01-09-2022
T023,19-03-2022,0.4648289,Tomato,01-09-2022
T023,19-11-2022,0.6599892,Tomato,01-09-2022
T023,22-02-2023,0.27411443,Tomato,01-09-2022
T023,23-01-2023,0.21740632,Tomato,01-09-2022
T023,23-05-2022,0.5969939,Tomato,01-09-2022
T023,24-12-2022,0.018825386,Tomato,01-09-2022
T023,25-09-2022,0.50048405,Tomato,01-09-2022
T023,25-10-2022,0.5872642,Tomato,01-09-2022
T023,27-02-2023,0.26979557,Tomato,01-09-2022
T023,28-01-2023,0.39905548,Tomato,01-09-2022
T023,28-04-2022,0.5,Tomato,01-09-2022
T023,28-05-2022,0.58601266,Tomato,01-09-2022
T023,29-03-2022,0.50243425,Tomato,01-09-2022
T023,29-11-2022,0.38627535,Tomato,01-09-2022
T023,29-12-2022,0.60361993,Tomato,01-09-2022
T024,01-08-2022,0.12548713,Tomato,01-09-2022
T024,03-01-2023,0.3961977,Tomato,01-09-2022
T024,03-04-2022,0.47529292,Tomato,01-09-2022
T024,03-05-2022,0.554626,Tomato,01-09-2022
T024,04-03-2022,0.42436633,Tomato,01-09-2022
T024,04-12-2022,0.7668631,Tomato,01-09-2022
T024,05-09-2022,0.39788198,Tomato,01-09-2022
T024,07-02-2023,0.4306914,Tomato,01-09-2022
T024,08-01-2023,0.41115242,Tomato,01-09-2022
T024,08-04-2022,0.4917068,Tomato,01-09-2022
T024,09-03-2022,0.4294958,Tomato,01-09-2022
T024,09-11-2022,0.5810517,Tomato,01-09-2022
T024,12-02-2023,0.45918366,Tomato,01-09-2022
T024,12-06-2022,0.43024963,Tomato,01-09-2022
T024,13-01-2023,0.5119545,Tomato,01-09-2022
T024,13-04-2022,0.5302144,Tomato,01-09-2022
T024,14-03-2022,0.41618192,Tomato,01-09-2022
T024,16-08-2022,0.22401686,Tomato,01-09-2022
T024,17-02-2023,0.42695037,Tomato,01-09-2022
T024,18-01-2023,0.5686573,Tomato,01-09-2022
T024,18-04-2022,0.32093468,Tomato,01-09-2022
T024,19-03-2022,0.45093945,Tomato,01-09-2022
T024,19-11-2022,0.60299116,Tomato,01-09-2022
T024,22-02-2023,0.3916084,Tomato,01-09-2022
T024,23-01-2023,0.20353982,Tomato,01-09-2022
T024,23-05-2022,0.47361207,Tomato,01-09-2022
T024,24-12-2022,0.002832861,Tomato,01-09-2022
T024,25-09-2022,0.6420613,Tomato,01-09-2022
T024,25-10-2022,0.5181222,Tomato,01-09-2022
T024,27-02-2023,0.32046333,Tomato,01-09-2022
T024,28-01-2023,0.5075594,Tomato,01-09-2022
T024,28-04-2022,0.4468409,Tomato,01-09-2022
T024,28-05-2022,0.4370229,Tomato,01-09-2022
T024,29-03-2022,0.44680852,Tomato,01-09-2022
T024,29-11-2022,0.3815261,Tomato,01-09-2022
T024,29-12-2022,0.40458015,Tomato,01-09-2022
T025,01-08-2022,0.25835866,Tomato,01-10-2022
T025,03-01-2023,0.38411668,Tomato,01-10-2022
T025,03-04-2022,0.30191195,Tomato,01-10-2022
T025,03-05-2022,0.31768745,Tomato,01-10-2022
T025,04-03-2023,0.36772215,Tomato,01-10-2022
T025,04-12-2022,0.04657933,Tomato,01-10-2022
T025,05-09-2022,0.6539821,Tomato,01-10-2022
T025,08-01-2023,0.4896104,Tomato,01-10-2022
T025,08-04-2022,0.2658001,Tomato,01-10-2022
T025,09-11-2022,0.6423077,Tomato,01-10-2022
T025,12-02-2023,0.7205577,Tomato,01-10-2022
T025,12-06-2022,0.41160056,Tomato,01-10-2022
T025,13-01-2023,0.5302267,Tomato,01-10-2022
T025,13-04-2022,0.29262814,Tomato,01-10-2022
T025,14-03-2023,0.30584365,Tomato,01-10-2022
T025,16-08-2022,0.3368565,Tomato,01-10-2022
T025,17-02-2023,0.64945054,Tomato,01-10-2022
T025,18-01-2023,0.56616193,Tomato,01-10-2022
T025,18-04-2022,0.28492892,Tomato,01-10-2022
T025,19-03-2023,0.28599605,Tomato,01-10-2022
T025,19-11-2022,0.49627587,Tomato,01-10-2022
T025,22-02-2023,0.58388835,Tomato,01-10-2022
T025,23-01-2023,0.4214123,Tomato,01-10-2022
T025,23-05-2022,0.35167286,Tomato,01-10-2022
T025,24-03-2023,0.35163206,Tomato,01-10-2022
T025,24-12-2022,0.30860674,Tomato,01-10-2022
T025,25-09-2022,0.7354871,Tomato,01-10-2022
T025,25-10-2022,0.62033534,Tomato,01-10-2022
T025,27-02-2023,0.54538065,Tomato,01-10-2022
T025,28-01-2023,0.6781609,Tomato,01-10-2022
T025,28-04-2022,0.29312044,Tomato,01-10-2022
T025,28-05-2022,0.37321824,Tomato,01-10-2022
T025,29-03-2023,0.329475,Tomato,01-10-2022
T025,29-11-2022,0.40968585,Tomato,01-10-2022
T025,29-12-2022,0.3270073,Tomato,01-10-2022
T026,01-08-2022,0.19347665,Tomato,01-10-2022
T026,03-01-2023,0.38213998,Tomato,01-10-2022
T026,03-04-2022,0.28373015,Tomato,01-10-2022
T026,03-05-2022,0.34970912,Tomato,01-10-2022
T026,04-03-2023,0.34687418,Tomato,01-10-2022
T026,04-12-2022,0.015862739,Tomato,01-10-2022
T026,05-09-2022,0.6380862,Tomato,01-10-2022
T026,08-01-2023,0.5156354,Tomato,01-10-2022
T026,08-04-2022,0.20511606,Tomato,01-10-2022
T026,09-11-2022,0.641293,Tomato,01-10-2022
T026,12-02-2023,0.7278481,Tomato,01-10-2022
T026,12-06-2022,0.34535617,Tomato,01-10-2022
T026,13-01-2023,0.50419325,Tomato,01-10-2022
T026,13-04-2022,0.23869878,Tomato,01-10-2022
T026,14-03-2023,0.25161958,Tomato,01-10-2022
T026,16-08-2022,0.29591614,Tomato,01-10-2022
T026,17-02-2023,0.6584743,Tomato,01-10-2022
T026,18-01-2023,0.590624,Tomato,01-10-2022
T026,18-04-2022,0.23484378,Tomato,01-10-2022
T026,19-03-2023,0.26041666,Tomato,01-10-2022
T026,19-11-2022,0.50969213,Tomato,01-10-2022
T026,22-02-2023,0.55637604,Tomato,01-10-2022
T026,23-01-2023,0.4148095,Tomato,01-10-2022
T026,23-05-2022,0.34253246,Tomato,01-10-2022
T026,24-03-2023,0.20026264,Tomato,01-10-2022
T026,24-12-2022,0.3093314,Tomato,01-10-2022
T026,25-09-2022,0.7640797,Tomato,01-10-2022
T026,25-10-2022,0.61735,Tomato,01-10-2022
T026,27-02-2023,0.6015891,Tomato,01-10-2022
T026,28-01-2023,0.66467905,Tomato,01-10-2022
T026,28-04-2022,0.22914799,Tomato,01-10-2022
T026,28-05-2022,0.3008547,Tomato,01-10-2022
T026,29-03-2023,0.35754642,Tomato,01-10-2022
T026,29-11-2022,0.3868081,Tomato,01-10-2022
T026,29-12-2022,0.47227535,Tomato,01-10-2022
T027,01-08-2022,0.06124924,Tomato,01-10-2022
T027,03-01-2023,0.38973647,Tomato,01-10-2022
T027,03-04-2022,0.16877453,Tomato,01-10-2022
T027,03-05-2022,0.16850625,Tomato,01-10-2022
T027,04-03-2023,0.27724278,Tomato,01-10-2022
T027,04-12-2022,0.07792706,Tomato,01-10-2022
T027,05-09-2022,0.6062435,Tomato,01-10-2022
T027,08-01-2023,0.5337423,Tomato,01-10-2022
T027,08-04-2022,0.15697674,Tomato,01-10-2022
T027,09-11-2022,0.44857943,Tomato,01-10-2022
T027,12-02-2023,0.80499697,Tomato,01-10-2022
T027,12-06-2022,0.27309978,Tomato,01-10-2022
T027,13-01-2023,0.57698816,Tomato,01-10-2022
T027,13-04-2022,0.14615385,Tomato,01-10-2022
T027,14-03-2023,0.2005305,Tomato,01-10-2022
T027,16-08-2022,0.20084746,Tomato,01-10-2022
T027,17-02-2023,0.73868704,Tomato,01-10-2022
T027,18-01-2023,0.64343596,Tomato,01-10-2022
T027,18-04-2022,0.16276456,Tomato,01-10-2022
T027,19-03-2023,0.14298481,Tomato,01-10-2022
T027,19-11-2022,0.34739456,Tomato,01-10-2022
T027,22-02-2023,0.61305636,Tomato,01-10-2022
T027,23-01-2023,0.47506925,Tomato,01-10-2022
T027,23-05-2022,0.23702951,Tomato,01-10-2022
T027,24-03-2023,0.18460535,Tomato,01-10-2022
T027,24-12-2022,0.28385898,Tomato,01-10-2022
T027,25-09-2022,0.58036983,Tomato,01-10-2022
T027,25-10-2022,0.47144756,Tomato,01-10-2022
T027,27-02-2023,0.59357333,Tomato,01-10-2022
T027,28-01-2023,0.7490125,Tomato,01-10-2022
T027,28-04-2022,0.15971555,Tomato,01-10-2022
T027,28-05-2022,0.24097829,Tomato,01-10-2022
T027,29-03-2023,0.19897772,Tomato,01-10-2022
T027,29-11-2022,0.2562101,Tomato,01-10-2022
T027,29-12-2022,0.4018297,Tomato,01-10-2022
T028,01-08-2022,0.116504855,Tomato,01-10-2022
T028,03-01-2023,0.39784947,Tomato,01-10-2022
T028,03-04-2022,0.2032594,Tomato,01-10-2022
T028,03-05-2022,0.23315655,Tomato,01-10-2022
T028,04-03-2023,0.33366287,Tomato,01-10-2022
T028,04-12-2022,0.12701696,Tomato,01-10-2022
T028,05-09-2022,0.5149864,Tomato,01-10-2022
T028,08-01-2023,0.47644305,Tomato,01-10-2022
T028,08-04-2022,0.17662683,Tomato,01-10-2022
T028,09-11-2022,0.69660914,Tomato,01-10-2022
T028,12-02-2023,0.7270789,Tomato,01-10-2022
T028,12-06-2022,0.42956927,Tomato,01-10-2022
T028,13-01-2023,0.5537619,Tomato,01-10-2022
T028,13-04-2022,0.18152611,Tomato,01-10-2022
T028,14-03-2023,0.2385037,Tomato,01-10-2022
T028,16-08-2022,0.25167918,Tomato,01-10-2022
T028,17-02-2023,0.67715317,Tomato,01-10-2022
T028,18-01-2023,0.6345425,Tomato,01-10-2022
T028,18-04-2022,0.16859306,Tomato,01-10-2022
T028,19-03-2023,0.21171388,Tomato,01-10-2022
T028,19-11-2022,0.5268002,Tomato,01-10-2022
T028,22-02-2023,0.5880535,Tomato,01-10-2022
T028,23-01-2023,0.47096774,Tomato,01-10-2022
T028,23-05-2022,0.37142858,Tomato,01-10-2022
T028,24-03-2023,0.3024911,Tomato,01-10-2022
T028,24-12-2022,0.2380546,Tomato,01-10-2022
T028,25-09-2022,0.71715146,Tomato,01-10-2022
T028,25-10-2022,0.60140616,Tomato,01-10-2022
T028,27-02-2023,0.5843961,Tomato,01-10-2022
T028,28-01-2023,0.705298,Tomato,01-10-2022
T028,28-04-2022,0.17134207,Tomato,01-10-2022
T028,28-05-2022,0.30327144,Tomato,01-10-2022
T028,29-03-2023,0.33386838,Tomato,01-10-2022
T028,29-11-2022,0.38107416,Tomato,01-10-2022
T028,29-12-2022,0.5988539,Tomato,01-10-2022
T029,01-08-2022,0.20665558,Tomato,01-10-2022
T029,03-01-2023,0.42723632,Tomato,01-10-2022
T029,03-04-2022,0.46892068,Tomato,01-10-2022
T029,03-05-2022,0.2588332,Tomato,01-10-2022
T029,04-03-2023,0.6090652,Tomato,01-10-2022
T029,04-12-2022,0.06518405,Tomato,01-10-2022
T029,05-09-2022,0.53602237,Tomato,01-10-2022
T029,08-01-2023,0.45556176,Tomato,01-10-2022
T029,08-04-2022,0.45276874,Tomato,01-10-2022
T029,09-11-2022,0.59767777,Tomato,01-10-2022
T029,12-02-2023,0.61937046,Tomato,01-10-2022
T029,12-06-2022,0.3493222,Tomato,01-10-2022
T029,13-01-2023,0.46418414,Tomato,01-10-2022
T029,13-04-2022,0.4553058,Tomato,01-10-2022
T029,14-03-2023,0.61804086,Tomato,01-10-2022
T029,16-08-2022,0.37639385,Tomato,01-10-2022
T029,17-02-2023,0.60646385,Tomato,01-10-2022
T029,18-01-2023,0.500623,Tomato,01-10-2022
T029,18-04-2022,0.3647059,Tomato,01-10-2022
T029,19-03-2023,0.5962733,Tomato,01-10-2022
T029,19-11-2022,0.40884253,Tomato,01-10-2022
T029,22-02-2023,0.55212164,Tomato,01-10-2022
T029,23-01-2023,0.3735726,Tomato,01-10-2022
T029,23-05-2022,0.29056925,Tomato,01-10-2022
T029,24-03-2023,0.61296475,Tomato,01-10-2022
T029,24-12-2022,0.3529674,Tomato,01-10-2022
T029,25-09-2022,0.53000385,Tomato,01-10-2022
T029,25-10-2022,0.5497268,Tomato,01-10-2022
T029,27-02-2023,0.6449814,Tomato,01-10-2022
T029,28-01-2023,0.55155814,Tomato,01-10-2022
T029,28-04-2022,0.2593847,Tomato,01-10-2022
T029,28-05-2022,0.3037037,Tomato,01-10-2022
T029,29-03-2023,0.66477567,Tomato,01-10-2022
T029,29-11-2022,0.37529138,Tomato,01-10-2022
T029,29-12-2022,0.4177215,Tomato,01-10-2022
T030,01-08-2022,0.62858045,Tomato,01-10-2022
T030,03-01-2023,0.53605443,Tomato,01-10-2022
T030,03-04-2022,0.19097586,Tomato,01-10-2022
T030,03-05-2022,0.14211212,Tomato,01-10-2022
T030,04-03-2023,0.4601903,Tomato,01-10-2022
T030,04-12-2022,0.043990575,Tomato,01-10-2022
T030,05-09-2022,0.6212446,Tomato,01-10-2022
T030,08-01-2023,0.5238606,Tomato,01-10-2022
T030,08-04-2022,0.19427627,Tomato,01-10-2022
T030,09-11-2022,0.5358105,Tomato,01-10-2022
T030,12-02-2023,0.4963351,Tomato,01-10-2022
T030,12-06-2022,0.59893525,Tomato,01-10-2022
T030,13-01-2023,0.53314847,Tomato,01-10-2022
T030,13-04-2022,0.025621118,Tomato,01-10-2022
T030,14-03-2023,0.46526212,Tomato,01-10-2022
T030,16-08-2022,0.5856789,Tomato,01-10-2022
T030,17-02-2023,0.46840522,Tomato,01-10-2022
T030,18-01-2023,0.45342836,Tomato,01-10-2022
T030,18-04-2022,0.049107965,Tomato,01-10-2022
T030,19-03-2023,0.4466119,Tomato,01-10-2022
T030,19-11-2022,0.52755153,Tomato,01-10-2022
T030,22-02-2023,0.43971267,Tomato,01-10-2022
T030,23-01-2023,0.40788624,Tomato,01-10-2022
T030,23-05-2022,0.35654926,Tomato,01-10-2022
T030,24-03-2023,0.44680852,Tomato,01-10-2022
T030,24-12-2022,0.5186441,Tomato,01-10-2022
T030,25-09-2022,0.63082135,Tomato,01-10-2022
T030,25-10-2022,0.55119824,Tomato,01-10-2022
T030,27-02-2023,0.49544072,Tomato,01-10-2022
T030,28-01-2023,0.44981414,Tomato,01-10-2022
T030,28-04-2022,0.074264005,Tomato,01-10-2022
T030,28-05-2022,0.48852324,Tomato,01-10-2022
T030,29-03-2023,0.4991671,Tomato,01-10-2022
T030,29-11-2022,0.5760649,Tomato,01-10-2022
T030,29-12-2022,0.5125828,Tomato,01-10-2022
T031,01-08-2022,0.2562925,Tomato,01-10-2022
T031,03-01-2023,0.45790553,Tomato,01-10-2022
T031,03-04-2022,0.27897388,Tomato,01-10-2022
T031,03-05-2022,0.24174266,Tomato,01-10-2022
T031,04-03-2023,0.033562474,Tomato,01-10-2022
T031,04-12-2022,0.32963648,Tomato,01-10-2022
T031,05-09-2022,0.15216859,Tomato,01-10-2022
T031,08-01-2023,0.37510443,Tomato,01-10-2022
T031,08-04-2022,0.24823944,Tomato,01-10-2022
T031,09-11-2022,0.42971087,Tomato,01-10-2022
T031,12-02-2023,0.1888032,Tomato,01-10-2022
T031,12-06-2022,0.37173998,Tomato,01-10-2022
T031,13-01-2023,0.32300884,Tomato,01-10-2022
T031,13-04-2022,0.22357894,Tomato,01-10-2022
T031,14-03-2023,0.012732615,Tomato,01-10-2022
T031,16-08-2022,0.16231805,Tomato,01-10-2022
T031,17-02-2023,0.18171926,Tomato,01-10-2022
T031,18-01-2023,0.32921258,Tomato,01-10-2022
T031,18-04-2022,0.24870913,Tomato,01-10-2022
T031,19-03-2023,0.06450271,Tomato,01-10-2022
T031,19-11-2022,0.4083641,Tomato,01-10-2022
T031,22-02-2023,0.21006002,Tomato,01-10-2022
T031,23-01-2023,0.051917624,Tomato,01-10-2022
T031,23-05-2022,0.2133861,Tomato,01-10-2022
T031,24-03-2023,0.22013965,Tomato,01-10-2022
T031,24-12-2022,0.40092153,Tomato,01-10-2022
T031,25-09-2022,0.014563107,Tomato,01-10-2022
T031,25-10-2022,0.48529008,Tomato,01-10-2022
T031,27-02-2023,0.19491094,Tomato,01-10-2022
T031,28-01-2023,0.22334003,Tomato,01-10-2022
T031,28-04-2022,0.2377202,Tomato,01-10-2022
T031,28-05-2022,0.25176984,Tomato,01-10-2022
T031,29-03-2023,0.43681085,Tomato,01-10-2022
T031,29-11-2022,0.3928225,Tomato,01-10-2022
T031,29-12-2022,0.42092153,Tomato,01-10-2022
T032,01-08-2022,0.48364422,Tomato,01-09-2022
T032,03-01-2023,0.27430093,Tomato,01-09-2022
T032,03-04-2022,0.2139069,Tomato,01-09-2022
T032,03-05-2022,0.25546995,Tomato,01-09-2022
T032,04-03-2022,0.2429441,Tomato,01-09-2022
T032,04-12-2022,0.28880644,Tomato,01-09-2022
T032,05-09-2022,0.30358815,Tomato,01-09-2022
T032,08-01-2023,0.3400631,Tomato,01-09-2022
T032,08-04-2022,0.18767507,Tomato,01-09-2022
T032,09-03-2022,0.23433386,Tomato,01-09-2022
T032,09-11-2022,0.19974874,Tomato,01-09-2022
T032,12-02-2023,0.2214854,Tomato,01-09-2022
T032,12-06-2022,0.43803903,Tomato,01-09-2022
T032,13-01-2023,0.34739456,Tomato,01-09-2022
T032,13-04-2022,0.162982,Tomato,01-09-2022
T032,14-03-2022,0.22754169,Tomato,01-09-2022
T032,16-08-2022,0.56640035,Tomato,01-09-2022
T032,17-02-2023,0.21750158,Tomato,01-09-2022
T032,18-01-2023,0.25813448,Tomato,01-09-2022
T032,18-04-2022,0.18701701,Tomato,01-09-2022
T032,19-03-2022,0.23329799,Tomato,01-09-2022
T032,19-11-2022,0.25907227,Tomato,01-09-2022
T032,22-02-2023,0.24146813,Tomato,01-09-2022
T032,23-01-2023,0.08586792,Tomato,01-09-2022
T032,23-05-2022,0.2738048,Tomato,01-09-2022
T032,24-12-2022,0.27144948,Tomato,01-09-2022
T032,25-09-2022,0.21857025,Tomato,01-09-2022
T032,25-10-2022,0.7048524,Tomato,01-09-2022
T032,27-02-2023,0.24924196,Tomato,01-09-2022
T032,28-01-2023,0.27790973,Tomato,01-09-2022
T032,28-04-2022,0.17880163,Tomato,01-09-2022
T032,28-05-2022,0.35207567,Tomato,01-09-2022
T032,29-03-2022,0.20387174,Tomato,01-09-2022
T032,29-11-2022,0.31829897,Tomato,01-09-2022
T032,29-12-2022,0.23473541,Tomato,01-09-2022
T033,01-08-2022,0.16662693,Tomato,01-09-2022
T033,03-01-2023,0.62640023,Tomato,01-09-2022
T033,03-04-2022,0.74960166,Tomato,01-09-2022
T033,03-05-2022,0.9771649,Tomato,01-09-2022
T033,04-03-2022,0.2386059,Tomato,01-09-2022
T033,04-12-2022,0.52670676,Tomato,01-09-2022
T033,05-09-2022,0.18089104,Tomato,01-09-2022
T033,08-01-2023,0.5823389,Tomato,01-09-2022
T033,08-04-2022,0.81571925,Tomato,01-09-2022
T033,09-03-2022,0.2545799,Tomato,01-09-2022
T033,09-11-2022,0.6312595,Tomato,01-09-2022
T033,12-02-2023,0.32767624,Tomato,01-09-2022
T033,12-06-2022,0.49118388,Tomato,01-09-2022
T033,13-01-2023,0.5685059,Tomato,01-09-2022
T033,13-04-2022,0.8213059,Tomato,01-09-2022
T033,14-03-2022,0.17530163,Tomato,01-09-2022
T033,16-08-2022,0.550479,Tomato,01-09-2022
T033,17-02-2023,0.20030007,Tomato,01-09-2022
T033,18-01-2023,0.5084217,Tomato,01-09-2022
T033,18-04-2022,0.8043165,Tomato,01-09-2022
T033,19-03-2022,0.22168088,Tomato,01-09-2022
T033,19-11-2022,0.5046528,Tomato,01-09-2022
T033,22-02-2023,0.18381344,Tomato,01-09-2022
T033,23-01-2023,0.21140142,Tomato,01-09-2022
T033,23-05-2022,0.3452954,Tomato,01-09-2022
T033,24-12-2022,0.5549327,Tomato,01-09-2022
T033,25-09-2022,0.37216827,Tomato,01-09-2022
T033,25-10-2022,0.73546755,Tomato,01-09-2022
T033,27-02-2023,0.19835842,Tomato,01-09-2022
T033,28-01-2023,0.41446924,Tomato,01-09-2022
T033,28-04-2022,0.87852323,Tomato,01-09-2022
T033,28-05-2022,0.388691,Tomato,01-09-2022
T033,29-03-2022,0.68359375,Tomato,01-09-2022
T033,29-11-2022,0.3144743,Tomato,01-09-2022
T033,29-12-2022,0.60385233,Tomato,01-09-2022
T034,01-08-2022,0.14021,Tomato,01-09-2022
T034,03-01-2023,0.39934853,Tomato,01-09-2022
T034,03-04-2022,0.73956513,Tomato,01-09-2022
T034,03-05-2022,0.92311746,Tomato,01-09-2022
T034,04-03-2022,0.58987343,Tomato,01-09-2022
T034,04-12-2022,0.36349455,Tomato,01-09-2022
T034,05-09-2022,0.13093802,Tomato,01-09-2022
T034,08-01-2023,0.35535008,Tomato,01-09-2022
T034,08-04-2022,0.8100619,Tomato,01-09-2022
T034,09-03-2022,0.70772445,Tomato,01-09-2022
T034,09-11-2022,0.6497175,Tomato,01-09-2022
T034,12-02-2023,0.5420023,Tomato,01-09-2022
T034,12-06-2022,0.15434892,Tomato,01-09-2022
T034,13-01-2023,0.32654446,Tomato,01-09-2022
T034,13-04-2022,0.8452722,Tomato,01-09-2022
T034,14-03-2022,0.7171216,Tomato,01-09-2022
T034,16-08-2022,0.06356138,Tomato,01-09-2022
T034,17-02-2023,0.23702031,Tomato,01-09-2022
T034,18-01-2023,0.37010905,Tomato,01-09-2022
T034,18-04-2022,0.71020913,Tomato,01-09-2022
T034,19-03-2022,0.7764858,Tomato,01-09-2022
T034,19-11-2022,0.52283615,Tomato,01-09-2022
T034,22-02-2023,0.16489659,Tomato,01-09-2022
T034,23-01-2023,0.024293505,Tomato,01-09-2022
T034,23-05-2022,0.41030928,Tomato,01-09-2022
T034,24-12-2022,0.3024654,Tomato,01-09-2022
T034,25-09-2022,0.40025094,Tomato,01-09-2022
T034,25-10-2022,0.63973063,Tomato,01-09-2022
T034,27-02-2023,0.2501723,Tomato,01-09-2022
T034,28-01-2023,0.39688474,Tomato,01-09-2022
T034,28-04-2022,0.71420807,Tomato,01-09-2022
T034,28-05-2022,0.19142719,Tomato,01-09-2022
T034,29-03-2022,0.7295614,Tomato,01-09-2022
T034,29-11-2022,0.3936713,Tomato,01-09-2022
T034,29-12-2022,0.31758165,Tomato,01-09-2022
T035,02-02-2024,0.24523018,Tomato,01-12-2023
T035,02-04-2024,0.4561961,Tomato,01-12-2023
T035,02-05-2024,0.39528558,Tomato,01-12-2023
T035,02-06-2023,0.51095265,Tomato,01-12-2023
T035,03-03-2024,0.59961957,Tomato,01-12-2023
T035,05-10-2023,0.1484863,Tomato,01-12-2023
T035,06-08-2023,0.08977166,Tomato,01-12-2023
T035,07-02-2024,0.729563,Tomato,01-12-2023
T035,07-04-2024,0.4910859,Tomato,01-12-2023
T035,08-03-2024,0.57575756,Tomato,01-12-2023
T035,10-10-2023,0.09846329,Tomato,01-12-2023
T035,12-02-2024,0.68030447,Tomato,01-12-2023
T035,12-04-2024,0.2693147,Tomato,01-12-2023
T035,12-06-2023,0.5532359,Tomato,01-12-2023
T035,13-03-2024,0.47882137,Tomato,01-12-2023
T035,15-10-2023,0.39290187,Tomato,01-12-2023
T035,16-08-2023,0.1353167,Tomato,01-12-2023
T035,17-02-2024,0.69215494,Tomato,01-12-2023
T035,18-01-2024,0.6363636,Tomato,01-12-2023
T035,18-03-2024,0.4875993,Tomato,01-12-2023
T035,19-11-2023,0.69772255,Tomato,01-12-2023
T035,20-10-2023,0.3165314,Tomato,01-12-2023
T035,21-08-2023,0.33439872,Tomato,01-12-2023
T035,22-02-2024,0.4893204,Tomato,01-12-2023
T035,22-04-2024,0.47510093,Tomato,01-12-2023
T035,23-01-2024,0.69078606,Tomato,01-12-2023
T035,23-03-2024,0.4793741,Tomato,01-12-2023
T035,24-12-2023,0.73333335,Tomato,01-12-2023
T035,25-10-2023,0.39761093,Tomato,01-12-2023
T035,27-02-2024,0.06430617,Tomato,01-12-2023
T035,27-04-2024,0.45616376,Tomato,01-12-2023
T035,28-03-2024,0.45566037,Tomato,01-12-2023
T035,29-12-2023,0.7568203,Tomato,01-12-2023
T036,01-06-2024,0.6078915,Tomato,01-05-2024
T036,02-02-2024,0.17246597,Tomato,01-05-2024
T036,02-04-2024,0.016853932,Tomato,01-05-2024
T036,02-05-2024,0.22792132,Tomato,01-05-2024
T036,03-03-2024,0.16108787,Tomato,01-05-2024
T036,07-02-2024,0.17608371,Tomato,01-05-2024
T036,07-04-2024,0.019795222,Tomato,01-05-2024
T036,08-03-2024,0.15170941,Tomato,01-05-2024
T036,12-02-2024,0.19429025,Tomato,01-05-2024
T036,12-04-2024,-0.024126045,Tomato,01-05-2024
T036,13-03-2024,0.14967021,Tomato,01-05-2024
T036,16-06-2024,0.70516205,Tomato,01-05-2024
T036,17-02-2024,0.17460318,Tomato,01-05-2024
T036,18-01-2024,0.20573184,Tomato,01-05-2024
T036,18-03-2024,0.1454257,Tomato,01-05-2024
T036,19-11-2023,0.19464524,Tomato,01-05-2024
T036,22-02-2024,0.17280453,Tomato,01-05-2024
T036,22-04-2024,0.08423326,Tomato,01-05-2024
T036,23-01-2024,0.18438178,Tomato,01-05-2024
T036,23-03-2024,0.15243903,Tomato,01-05-2024
T036,24-12-2023,0.20470734,Tomato,01-05-2024
T036,27-02-2024,0.15882353,Tomato,01-05-2024
T036,27-04-2024,0.1371562,Tomato,01-05-2024
T036,28-03-2024,0.025240602,Tomato,01-05-2024
T036,29-09-2024,0.82614297,Tomato,01-05-2024
T036,29-10-2024,0.7619155,Tomato,01-05-2024
T036,29-12-2023,0.27816293,Tomato,01-05-2024
T037,01-08-2022,0.19352975,Tomato,01-10-2022
T037,03-01-2023,0.42635658,Tomato,01-10-2022
T037,03-04-2022,0.28564078,Tomato,01-10-2022
T037,03-05-2022,0.2630137,Tomato,01-10-2022
T037,04-03-2023,0.41357163,Tomato,01-10-2022
T037,04-12-2022,0.049689442,Tomato,01-10-2022
T037,05-09-2022,0.08635746,Tomato,01-10-2022
T037,08-01-2023,0.4359655,Tomato,01-10-2022
T037,08-04-2022,0.29485178,Tomato,01-10-2022
T037,09-11-2022,0.5646007,Tomato,01-10-2022
T037,12-02-2023,0.41140777,Tomato,01-10-2022
T037,12-06-2022,0.27242708,Tomato,01-10-2022
T037,13-01-2023,0.41299525,Tomato,01-10-2022
T037,13-04-2022,0.24777518,Tomato,01-10-2022
T037,14-03-2023,0.4570957,Tomato,01-10-2022
T037,16-08-2022,0.052464228,Tomato,01-10-2022
T037,17-02-2023,0.37527353,Tomato,01-10-2022
T037,18-01-2023,0.4813864,Tomato,01-10-2022
T037,18-04-2022,0.27104622,Tomato,01-10-2022
T037,19-03-2023,0.4543339,Tomato,01-10-2022
T037,19-11-2022,0.52553916,Tomato,01-10-2022
T037,22-02-2023,0.4034695,Tomato,01-10-2022
T037,23-01-2023,0.25676566,Tomato,01-10-2022
T037,23-05-2022,0.3311819,Tomato,01-10-2022
T037,24-03-2023,0.46934772,Tomato,01-10-2022
T037,24-12-2022,0.32151648,Tomato,01-10-2022
T037,25-09-2022,0.2990654,Tomato,01-10-2022
T037,25-10-2022,0.5498777,Tomato,01-10-2022
T037,27-02-2023,0.3694737,Tomato,01-10-2022
T037,28-01-2023,0.3804017,Tomato,01-10-2022
T037,28-04-2022,0.25733063,Tomato,01-10-2022
T037,28-05-2022,0.33728766,Tomato,01-10-2022
T037,29-03-2023,0.52547306,Tomato,01-10-2022
T037,29-11-2022,0.5200932,Tomato,01-10-2022
T037,29-12-2022,0.45385936,Tomato,01-10-2022
T038,01-08-2022,0.14345814,Tomato,01-10-2022
T038,03-01-2023,0.23774509,Tomato,01-10-2022
T038,03-04-2022,0.25969562,Tomato,01-10-2022
T038,03-05-2022,0.21116239,Tomato,01-10-2022
T038,04-03-2023,0.49926794,Tomato,01-10-2022
T038,04-12-2022,0.038351823,Tomato,01-10-2022
T038,05-09-2022,0.051361598,Tomato,01-10-2022
T038,08-01-2023,0.28077456,Tomato,01-10-2022
T038,08-04-2022,0.22008863,Tomato,01-10-2022
T038,09-11-2022,0.5126051,Tomato,01-10-2022
T038,12-02-2023,0.3353151,Tomato,01-10-2022
T038,12-06-2022,0.22038217,Tomato,01-10-2022
T038,13-01-2023,0.2923674,Tomato,01-10-2022
T038,13-04-2022,0.23347363,Tomato,01-10-2022
T038,14-03-2023,0.62509334,Tomato,01-10-2022
T038,16-08-2022,0.034792367,Tomato,01-10-2022
T038,17-02-2023,0.36632654,Tomato,01-10-2022
T038,18-01-2023,0.27629733,Tomato,01-10-2022
T038,18-04-2022,0.21762115,Tomato,01-10-2022
T038,19-03-2023,0.6157442,Tomato,01-10-2022
T038,19-11-2022,0.49289617,Tomato,01-10-2022
T038,22-02-2023,0.39911634,Tomato,01-10-2022
T038,23-01-2023,0.21688159,Tomato,01-10-2022
T038,23-05-2022,0.28650355,Tomato,01-10-2022
T038,24-03-2023,0.48930597,Tomato,01-10-2022
T038,24-12-2022,0.29443327,Tomato,01-10-2022
T038,25-09-2022,0.24116424,Tomato,01-10-2022
T038,25-10-2022,0.5377166,Tomato,01-10-2022
T038,27-02-2023,0.36706248,Tomato,01-10-2022
T038,28-01-2023,0.2862363,Tomato,01-10-2022
T038,28-04-2022,0.20331568,Tomato,01-10-2022
T038,28-05-2022,0.249614,Tomato,01-10-2022
T038,29-03-2023,0.5189411,Tomato,01-10-2022
T038,29-11-2022,0.42865515,Tomato,01-10-2022
T038,29-12-2022,0.21048902,Tomato,01-10-2022
T039,01-08-2022,0.1936693,Tomato,01-10-2022
T039,03-01-2023,0.41247264,Tomato,01-10-2022
T039,03-04-2022,0.32533166,Tomato,01-10-2022
T039,03-05-2022,0.2889432,Tomato,01-10-2022
T039,04-03-2023,0.39937696,Tomato,01-10-2022
T039,04-12-2022,0.036941856,Tomato,01-10-2022
T039,05-09-2022,0.14920636,Tomato,01-10-2022
T039,08-01-2023,0.41485274,Tomato,01-10-2022
T039,08-04-2022,0.31882203,Tomato,01-10-2022
T039,09-11-2022,0.4278465,Tomato,01-10-2022
T039,12-02-2023,0.44260204,Tomato,01-10-2022
T039,12-06-2022,0.39957264,Tomato,01-10-2022
T039,13-01-2023,0.42857143,Tomato,01-10-2022
T039,13-04-2022,0.29688492,Tomato,01-10-2022
T039,14-03-2023,0.41611373,Tomato,01-10-2022
T039,16-08-2022,0.19088016,Tomato,01-10-2022
T039,17-02-2023,0.42293465,Tomato,01-10-2022
T039,18-01-2023,0.46958795,Tomato,01-10-2022
T039,18-04-2022,0.28404891,Tomato,01-10-2022
T039,19-03-2023,0.41902313,Tomato,01-10-2022
T039,19-11-2022,0.3955056,Tomato,01-10-2022
T039,22-02-2023,0.4622871,Tomato,01-10-2022
T039,23-01-2023,0.23450905,Tomato,01-10-2022
T039,23-05-2022,0.4049676,Tomato,01-10-2022
T039,24-03-2023,0.39692983,Tomato,01-10-2022
T039,24-12-2022,0.33915213,Tomato,01-10-2022
T039,25-09-2022,0.24958402,Tomato,01-10-2022
T039,25-10-2022,0.48129395,Tomato,01-10-2022
T039,27-02-2023,0.37650323,Tomato,01-10-2022
T039,28-01-2023,0.44241259,Tomato,01-10-2022
T039,28-04-2022,0.30497342,Tomato,01-10-2022
T039,28-05-2022,0.39742872,Tomato,01-10-2022
T039,29-03-2023,0.455516,Tomato,01-10-2022
T039,29-11-2022,0.40059346,Tomato,01-10-2022
T039,29-12-2022,0.47304988,Tomato,01-10-2022
T040,01-08-2022,0.21252498,Tomato,01-10-2022
T040,03-01-2023,0.5043434,Tomato,01-10-2022
T040,03-04-2022,0.29709366,Tomato,01-10-2022
T040,03-05-2022,0.2412596,Tomato,01-10-2022
T040,04-03-2023,0.4135514,Tomato,01-10-2022
T040,04-12-2022,0.039140977,Tomato,01-10-2022
T040,05-09-2022,0.1284599,Tomato,01-10-2022
T040,08-01-2023,0.46553966,Tomato,01-10-2022
T040,08-04-2022,0.25852585,Tomato,01-10-2022
T040,09-11-2022,0.6120253,Tomato,01-10-2022
T040,12-02-2023,0.45557657,Tomato,01-10-2022
T040,12-06-2022,0.48705178,Tomato,01-10-2022
T040,13-01-2023,0.46539527,Tomato,01-10-2022
T040,13-04-2022,0.25535247,Tomato,01-10-2022
T040,14-03-2023,0.40659988,Tomato,01-10-2022
T040,16-08-2022,0.17237903,Tomato,01-10-2022
T040,17-02-2023,0.4310954,Tomato,01-10-2022
T040,18-01-2023,0.5102867,Tomato,01-10-2022
T040,18-04-2022,0.26318347,Tomato,01-10-2022
T040,19-03-2023,0.43465045,Tomato,01-10-2022
T040,19-11-2022,0.53051645,Tomato,01-10-2022
T040,22-02-2023,0.44389102,Tomato,01-10-2022
T040,23-01-2023,0.2633495,Tomato,01-10-2022
T040,23-05-2022,0.40747663,Tomato,01-10-2022
T040,24-03-2023,0.47503486,Tomato,01-10-2022
T040,24-12-2022,0.37623763,Tomato,01-10-2022
T040,25-09-2022,0.3006993,Tomato,01-10-2022
T040,25-10-2022,0.6488591,Tomato,01-10-2022
T040,27-02-2023,0.42084053,Tomato,01-10-2022
T040,28-01-2023,0.42875078,Tomato,01-10-2022
T040,28-04-2022,0.27710205,Tomato,01-10-2022
T040,28-05-2022,0.46602678,Tomato,01-10-2022
T040,29-03-2023,0.5069057,Tomato,01-10-2022
T040,29-11-2022,0.51918465,Tomato,01-10-2022
T040,29-12-2022,0.6005239,Tomato,01-10-2022
T041,01-08-2022,0.25929433,Tomato,01-10-2022
T041,03-01-2023,0.24939074,Tomato,01-10-2022
T041,03-04-2022,0.26996967,Tomato,01-10-2022
T041,03-05-2022,0.18788885,Tomato,01-10-2022
T041,04-03-2023,0.4450121,Tomato,01-10-2022
T041,04-12-2022,0.089323096,Tomato,01-10-2022
T041,05-09-2022,0.05272256,Tomato,01-10-2022
T041,08-01-2023,0.3278481,Tomato,01-10-2022
T041,08-04-2022,0.24012157,Tomato,01-10-2022
T041,09-11-2022,0.53499,Tomato,01-10-2022
T041,12-02-2023,0.3381123,Tomato,01-10-2022
T041,12-06-2022,0.24,Tomato,01-10-2022
T041,13-01-2023,0.2777778,Tomato,01-10-2022
T041,13-04-2022,0.21212122,Tomato,01-10-2022
T041,14-03-2023,0.5153602,Tomato,01-10-2022
T041,16-08-2022,0.0290548,Tomato,01-10-2022
T041,17-02-2023,0.3304675,Tomato,01-10-2022
T041,18-01-2023,0.40428063,Tomato,01-10-2022
T041,18-04-2022,0.2101368,Tomato,01-10-2022
T041,19-03-2023,0.5280423,Tomato,01-10-2022
T041,19-11-2022,0.49757412,Tomato,01-10-2022
T041,22-02-2023,0.45561814,Tomato,01-10-2022
T041,23-01-2023,0.23866348,Tomato,01-10-2022
T041,23-05-2022,0.2462605,Tomato,01-10-2022
T041,24-03-2023,0.46572936,Tomato,01-10-2022
T041,24-12-2022,0.27401677,Tomato,01-10-2022
T041,25-09-2022,0.19135803,Tomato,01-10-2022
T041,25-10-2022,0.5130168,Tomato,01-10-2022
T041,27-02-2023,0.38659793,Tomato,01-10-2022
T041,28-01-2023,0.32798097,Tomato,01-10-2022
T041,28-04-2022,0.21397798,Tomato,01-10-2022
T041,28-05-2022,0.2701773,Tomato,01-10-2022
T041,29-03-2023,0.5289788,Tomato,01-10-2022
T041,29-11-2022,0.41377282,Tomato,01-10-2022
T041,29-12-2022,0.38984168,Tomato,01-10-2022
T042,01-08-2022,0.3318545,Tomato,01-10-2022
T042,03-01-2023,0.30868167,Tomato,01-10-2022
T042,03-04-2022,0.1767921,Tomato,01-10-2022
T042,03-05-2022,0.5288376,Tomato,01-10-2022
T042,04-03-2023,0.103953145,Tomato,01-10-2022
T042,04-12-2022,0.03767015,Tomato,01-10-2022
T042,05-09-2022,0.49961028,Tomato,01-10-2022
T042,08-01-2023,0.34968466,Tomato,01-10-2022
T042,08-04-2022,0.2457666,Tomato,01-10-2022
T042,09-11-2022,0.55790865,Tomato,01-10-2022
T042,12-02-2023,0.094827585,Tomato,01-10-2022
T042,12-06-2022,0.45285934,Tomato,01-10-2022
T042,13-01-2023,0.33092344,Tomato,01-10-2022
T042,13-04-2022,0.32762313,Tomato,01-10-2022
T042,14-03-2023,0.14421177,Tomato,01-10-2022
T042,16-08-2022,0.293621,Tomato,01-10-2022
T042,17-02-2023,0.08145723,Tomato,01-10-2022
T042,18-01-2023,0.37349397,Tomato,01-10-2022
T042,18-04-2022,0.4242548,Tomato,01-10-2022
T042,19-03-2023,0.11505854,Tomato,01-10-2022
T042,19-11-2022,0.4524887,Tomato,01-10-2022
T042,22-02-2023,0.285374,Tomato,01-10-2022
T042,23-01-2023,0.20815265,Tomato,01-10-2022
T042,23-05-2022,0.46031746,Tomato,01-10-2022
T042,24-03-2023,0.35828876,Tomato,01-10-2022
T042,24-12-2022,0.27319586,Tomato,01-10-2022
T042,25-09-2022,0.4903047,Tomato,01-10-2022
T042,25-10-2022,0.5248619,Tomato,01-10-2022
T042,27-02-2023,0.11644951,Tomato,01-10-2022
T042,28-01-2023,0.28071928,Tomato,01-10-2022
T042,28-04-2022,0.58176714,Tomato,01-10-2022
T042,28-05-2022,0.45728642,Tomato,01-10-2022
T042,29-03-2023,0.42020112,Tomato,01-10-2022
T042,29-11-2022,0.456765,Tomato,01-10-2022
T042,29-12-2022,0.27760577,Tomato,01-10-2022
T043,01-08-2022,0.3617656,Tomato,01-09-2022
T043,03-01-2023,0.5236246,Tomato,01-09-2022
T043,03-04-2022,0.11141678,Tomato,01-09-2022
T043,03-05-2022,0.47693068,Tomato,01-09-2022
T043,04-03-2022,0.22498322,Tomato,01-09-2022
T043,04-12-2022,0.41963455,Tomato,01-09-2022
T043,05-09-2022,0.33156654,Tomato,01-09-2022
T043,08-01-2023,0.44467354,Tomato,01-09-2022
T043,08-04-2022,0.06405229,Tomato,01-09-2022
T043,09-03-2022,0.19589041,Tomato,01-09-2022
T043,09-11-2022,0.40787008,Tomato,01-09-2022
T043,12-02-2023,0.22024234,Tomato,01-09-2022
T043,12-06-2022,0.51093036,Tomato,01-09-2022
T043,13-01-2023,0.46457765,Tomato,01-09-2022
T043,13-04-2022,0.038493723,Tomato,01-09-2022
T043,14-03-2022,0.27421555,Tomato,01-09-2022
T043,16-08-2022,0.26866046,Tomato,01-09-2022
T043,17-02-2023,0.21800947,Tomato,01-09-2022
T043,18-01-2023,0.43020305,Tomato,01-09-2022
T043,18-04-2022,0.12419872,Tomato,01-09-2022
T043,19-03-2022,0.21228305,Tomato,01-09-2022
T043,19-11-2022,0.43451378,Tomato,01-09-2022
T043,22-02-2023,0.31885073,Tomato,01-09-2022
T043,23-01-2023,0.09665427,Tomato,01-09-2022
T043,23-05-2022,0.5440509,Tomato,01-09-2022
T043,24-12-2022,0.4987861,Tomato,01-09-2022
T043,25-09-2022,0.28958163,Tomato,01-09-2022
T043,25-10-2022,0.41680577,Tomato,01-09-2022
T043,27-02-2023,0.19194631,Tomato,01-09-2022
T043,28-01-2023,0.2254018,Tomato,01-09-2022
T043,28-04-2022,0.3766351,Tomato,01-09-2022
T043,28-05-2022,0.49510032,Tomato,01-09-2022
T043,29-03-2022,0.07558406,Tomato,01-09-2022
T043,29-11-2022,0.31894934,Tomato,01-09-2022
T043,29-12-2022,0.6083009,Tomato,01-09-2022
T044,01-08-2022,0.19473808,Tomato,01-09-2022
T044,03-01-2023,0.6861334,Tomato,01-09-2022
T044,03-04-2022,0.30495554,Tomato,01-09-2022
T044,03-05-2022,0.6233766,Tomato,01-09-2022
T044,04-03-2022,0.7963844,Tomato,01-09-2022
T044,04-12-2022,0.59904534,Tomato,01-09-2022
T044,05-09-2022,0.14390333,Tomato,01-09-2022
T044,08-01-2023,0.60051745,Tomato,01-09-2022
T044,08-04-2022,0.2569316,Tomato,01-09-2022
T044,09-03-2022,0.5819184,Tomato,01-09-2022
T044,09-11-2022,0.6482717,Tomato,01-09-2022
T044,12-02-2023,0.2534819,Tomato,01-09-2022
T044,12-06-2022,0.833365,Tomato,01-09-2022
T044,13-01-2023,0.64072526,Tomato,01-09-2022
T044,13-04-2022,0.2938704,Tomato,01-09-2022
T044,14-03-2022,0.5463203,Tomato,01-09-2022
T044,16-08-2022,0.10451787,Tomato,01-09-2022
T044,17-02-2023,0.26259947,Tomato,01-09-2022
T044,18-01-2023,0.284451,Tomato,01-09-2022
T044,18-04-2022,0.31326646,Tomato,01-09-2022
T044,19-03-2022,0.32767856,Tomato,01-09-2022
T044,19-11-2022,0.526783,Tomato,01-09-2022
T044,22-02-2023,0.2774603,Tomato,01-09-2022
T044,23-01-2023,0.19072165,Tomato,01-09-2022
T044,23-05-2022,0.74654204,Tomato,01-09-2022
T044,24-12-2022,0.5146667,Tomato,01-09-2022
T044,25-09-2022,0.4296327,Tomato,01-09-2022
T044,25-10-2022,0.63761353,Tomato,01-09-2022
T044,27-02-2023,0.25030228,Tomato,01-09-2022
T044,28-01-2023,0.27331188,Tomato,01-09-2022
T044,28-04-2022,0.43676662,Tomato,01-09-2022
T044,28-05-2022,0.7826087,Tomato,01-09-2022
T044,29-03-2022,0.4126906,Tomato,01-09-2022
T044,29-11-2022,0.4581498,Tomato,01-09-2022
T044,29-12-2022,0.536901,Tomato,01-09-2022
T045,01-08-2022,0.29811555,Tomato,01-09-2022
T045,03-01-2023,0.555488,Tomato,01-09-2022
T045,03-04-2022,0.3267698,Tomato,01-09-2022
T045,03-05-2022,0.34297913,Tomato,01-09-2022
T045,04-03-2022,0.73955375,Tomato,01-09-2022
T045,04-12-2022,0.5076297,Tomato,01-09-2022
T045,05-09-2022,0.12854181,Tomato,01-09-2022
T045,08-01-2023,0.55266136,Tomato,01-09-2022
T045,08-04-2022,0.26982638,Tomato,01-09-2022
T045,09-03-2022,0.63681185,Tomato,01-09-2022
T045,09-11-2022,0.68372095,Tomato,01-09-2022
T045,12-02-2023,0.39835086,Tomato,01-09-2022
T045,12-06-2022,0.5226415,Tomato,01-09-2022
T045,13-01-2023,0.6114816,Tomato,01-09-2022
T045,13-04-2022,0.28406054,Tomato,01-09-2022
T045,14-03-2022,0.50381035,Tomato,01-09-2022
T045,16-08-2022,0.30832842,Tomato,01-09-2022
T045,17-02-2023,0.40454787,Tomato,01-09-2022
T045,18-01-2023,0.58985054,Tomato,01-09-2022
T045,18-04-2022,0.32088208,Tomato,01-09-2022
T045,19-03-2022,0.3176668,Tomato,01-09-2022
T045,19-11-2022,0.5636822,Tomato,01-09-2022
T045,22-02-2023,0.54963326,Tomato,01-09-2022
T045,23-01-2023,0.19360569,Tomato,01-09-2022
T045,23-05-2022,0.5615721,Tomato,01-09-2022
T045,24-12-2022,0.30471203,Tomato,01-09-2022
T045,25-09-2022,0.39968404,Tomato,01-09-2022
T045,25-10-2022,0.7206643,Tomato,01-09-2022
T045,27-02-2023,0.43952483,Tomato,01-09-2022
T045,28-01-2023,0.46187812,Tomato,01-09-2022
T045,28-04-2022,0.30382386,Tomato,01-09-2022
T045,28-05-2022,0.6370275,Tomato,01-09-2022
T045,29-03-2022,0.32673267,Tomato,01-09-2022
T045,29-11-2022,0.41976014,Tomato,01-09-2022
T045,29-12-2022,0.46157077,Tomato,01-09-2022
T046,01-08-2022,0.17061712,Tomato,01-09-2022
T046,03-01-2023,0.5678392,Tomato,01-09-2022
T046,03-04-2022,0.4406504,Tomato,01-09-2022
T046,03-05-2022,0.425905,Tomato,01-09-2022
T046,04-03-2022,0.49415946,Tomato,01-09-2022
T046,04-12-2022,0.47720364,Tomato,01-09-2022
T046,05-09-2022,0.1278725,Tomato,01-09-2022
T046,08-01-2023,0.53505534,Tomato,01-09-2022
T046,08-04-2022,0.40468228,Tomato,01-09-2022
T046,09-03-2022,0.6016557,Tomato,01-09-2022
T046,09-11-2022,0.59295154,Tomato,01-09-2022
T046,12-02-2023,0.30589432,Tomato,01-09-2022
T046,12-06-2022,0.36874837,Tomato,01-09-2022
T046,13-01-2023,0.5591623,Tomato,01-09-2022
T046,13-04-2022,0.37406215,Tomato,01-09-2022
T046,14-03-2022,0.4951654,Tomato,01-09-2022
T046,16-08-2022,0.25344038,Tomato,01-09-2022
T046,17-02-2023,0.115998276,Tomato,01-09-2022
T046,18-01-2023,0.554518,Tomato,01-09-2022
T046,18-04-2022,0.36016512,Tomato,01-09-2022
T046,19-03-2022,0.5915705,Tomato,01-09-2022
T046,19-11-2022,0.4939759,Tomato,01-09-2022
T046,22-02-2023,0.29662195,Tomato,01-09-2022
T046,23-01-2023,0.13084112,Tomato,01-09-2022
T046,23-05-2022,0.50956875,Tomato,01-09-2022
T046,24-12-2022,0.3398751,Tomato,01-09-2022
T046,25-09-2022,0.42042965,Tomato,01-09-2022
T046,25-10-2022,0.6434841,Tomato,01-09-2022
T046,27-02-2023,0.08386547,Tomato,01-09-2022
T046,28-01-2023,0.33816156,Tomato,01-09-2022
T046,28-04-2022,0.33660132,Tomato,01-09-2022
T046,28-05-2022,0.5060809,Tomato,01-09-2022
T046,29-03-2022,0.45514584,Tomato,01-09-2022
T046,29-11-2022,0.4346088,Tomato,01-09-2022
T046,29-12-2022,0.5728045,Tomato,01-09-2022
T047,01-08-2022,0.15972748,Tomato,01-09-2022
T047,03-01-2023,0.4904943,Tomato,01-09-2022
T047,03-04-2022,0.43461746,Tomato,01-09-2022
T047,03-05-2022,0.4421222,Tomato,01-09-2022
T047,04-03-2022,0.67579705,Tomato,01-09-2022
T047,04-12-2022,0.4645469,Tomato,01-09-2022
T047,05-09-2022,0.14858223,Tomato,01-09-2022
T047,08-01-2023,0.5055256,Tomato,01-09-2022
T047,08-04-2022,0.4107744,Tomato,01-09-2022
T047,09-03-2022,0.6132075,Tomato,01-09-2022
T047,09-11-2022,0.5905923,Tomato,01-09-2022
T047,12-02-2023,0.23260248,Tomato,01-09-2022
T047,12-06-2022,0.3638465,Tomato,01-09-2022
T047,13-01-2023,0.54075193,Tomato,01-09-2022
T047,13-04-2022,0.33509234,Tomato,01-09-2022
T047,14-03-2022,0.6219865,Tomato,01-09-2022
T047,16-08-2022,0.20052151,Tomato,01-09-2022
T047,17-02-2023,0.045933418,Tomato,01-09-2022
T047,18-01-2023,0.5672956,Tomato,01-09-2022
T047,18-04-2022,0.35079366,Tomato,01-09-2022
T047,19-03-2022,0.52716595,Tomato,01-09-2022
T047,19-11-2022,0.46889508,Tomato,01-09-2022
T047,22-02-2023,0.0605734,Tomato,01-09-2022
T047,23-01-2023,0.20091674,Tomato,01-09-2022
T047,23-05-2022,0.543583,Tomato,01-09-2022
T047,24-12-2022,0.21054767,Tomato,01-09-2022
T047,25-09-2022,0.41245055,Tomato,01-09-2022
T047,25-10-2022,0.64193475,Tomato,01-09-2022
T047,27-02-2023,0.06672262,Tomato,01-09-2022
T047,28-01-2023,0.24344371,Tomato,01-09-2022
T047,28-04-2022,0.3605248,Tomato,01-09-2022
T047,28-05-2022,0.52301055,Tomato,01-09-2022
T047,29-03-2022,0.43100512,Tomato,01-09-2022
T047,29-11-2022,0.39513326,Tomato,01-09-2022
T047,29-12-2022,0.50731844,Tomato,01-09-2022
T048,01-08-2022,0.18316832,Tomato,01-09-2022
T048,03-01-2023,0.51878,Tomato,01-09-2022
T048,03-04-2022,0.51608616,Tomato,01-09-2022
T048,03-05-2022,0.55711967,Tomato,01-09-2022
T048,04-03-2022,0.7513538,Tomato,01-09-2022
T048,04-12-2022,0.36758322,Tomato,01-09-2022
T048,05-09-2022,0.10394686,Tomato,01-09-2022
T048,08-01-2023,0.4978355,Tomato,01-09-2022
T048,08-04-2022,0.49460283,Tomato,01-09-2022
T048,09-03-2022,0.7056396,Tomato,01-09-2022
T048,09-11-2022,0.69792867,Tomato,01-09-2022
T048,12-02-2023,0.23954803,Tomato,01-09-2022
T048,12-06-2022,0.40572664,Tomato,01-09-2022
T048,13-01-2023,0.5608741,Tomato,01-09-2022
T048,13-04-2022,0.46460885,Tomato,01-09-2022
T048,14-03-2022,0.68781185,Tomato,01-09-2022
T048,16-08-2022,0.23496027,Tomato,01-09-2022
T048,17-02-2023,0.053917438,Tomato,01-09-2022
T048,18-01-2023,0.5704133,Tomato,01-09-2022
T048,18-04-2022,0.47261345,Tomato,01-09-2022
T048,19-03-2022,0.67149025,Tomato,01-09-2022
T048,19-11-2022,0.48162994,Tomato,01-09-2022
T048,22-02-2023,0.04636325,Tomato,01-09-2022
T048,23-01-2023,0.19786096,Tomato,01-09-2022
T048,23-05-2022,0.6011846,Tomato,01-09-2022
T048,24-12-2022,0.24243753,Tomato,01-09-2022
T048,25-09-2022,0.4471164,Tomato,01-09-2022
T048,25-10-2022,0.7306968,Tomato,01-09-2022
T048,27-02-2023,0.05728728,Tomato,01-09-2022
T048,28-01-2023,0.270317,Tomato,01-09-2022
T048,28-04-2022,0.49327478,Tomato,01-09-2022
T048,28-05-2022,0.5743869,Tomato,01-09-2022
T048,29-03-2022,0.49532712,Tomato,01-09-2022
T048,29-11-2022,0.37439847,Tomato,01-09-2022
T048,29-12-2022,0.5083561,Tomato,01-09-2022
T049,01-08-2022,0.08063492,Tomato,01-10-2022
T049,03-01-2023,0.36198038,Tomato,01-10-2022
T049,03-04-2022,0.20047924,Tomato,01-10-2022
T049,03-05-2022,0.17313433,Tomato,01-10-2022
T049,04-03-2023,0.74336666,Tomato,01-10-2022
T049,04-12-2022,0.16614746,Tomato,01-10-2022
T049,05-09-2022,0.43103012,Tomato,01-10-2022
T049,07-02-2023,0.5933852,Tomato,01-10-2022
T049,08-01-2023,0.27979633,Tomato,01-10-2022
T049,08-04-2022,0.18891089,Tomato,01-10-2022
T049,09-11-2022,0.42475727,Tomato,01-10-2022
T049,12-02-2023,0.7089446,Tomato,01-10-2022
T049,12-06-2022,0.10471525,Tomato,01-10-2022
T049,13-01-2023,0.3428139,Tomato,01-10-2022
T049,13-04-2022,0.15201263,Tomato,01-10-2022
T049,14-03-2023,0.8109368,Tomato,01-10-2022
T049,16-08-2022,0.17576565,Tomato,01-10-2022
T049,17-02-2023,0.739289,Tomato,01-10-2022
T049,18-01-2023,0.4477405,Tomato,01-10-2022
T049,18-04-2022,0.083294556,Tomato,01-10-2022
T049,19-03-2023,0.7993555,Tomato,01-10-2022
T049,19-11-2022,0.24848485,Tomato,01-10-2022
T049,22-02-2023,0.75943184,Tomato,01-10-2022
T049,23-01-2023,-0.014566181,Tomato,01-10-2022
T049,23-05-2022,0.16488731,Tomato,01-10-2022
T049,24-03-2023,0.48236296,Tomato,01-10-2022
T049,24-12-2022,0.26949567,Tomato,01-10-2022
T049,25-09-2022,0.4584131,Tomato,01-10-2022
T049,25-10-2022,0.5218968,Tomato,01-10-2022
T049,27-02-2023,0.74075645,Tomato,01-10-2022
T049,28-01-2023,0.4114114,Tomato,01-10-2022
T049,28-04-2022,0.15450166,Tomato,01-10-2022
T049,28-05-2022,0.13743109,Tomato,01-10-2022
T049,29-03-2023,0.7500561,Tomato,01-10-2022
T049,29-11-2022,0.19251686,Tomato,01-10-2022
T049,29-12-2022,0.3321842,Tomato,01-10-2022
T050,02-02-2024,0.08343126,Tomato,01-12-2023
T050,02-04-2024,0.31861702,Tomato,01-12-2023
T050,02-05-2024,0.1495327,Tomato,01-12-2023
T050,02-06-2023,0.35337827,Tomato,01-12-2023
T050,03-03-2024,0.5090689,Tomato,01-12-2023
T050,05-10-2023,0.2798742,Tomato,01-12-2023
T050,06-08-2023,0.34599155,Tomato,01-12-2023
T050,07-02-2024,0.5670554,Tomato,01-12-2023
T050,07-04-2024,0.29705882,Tomato,01-12-2023
T050,08-03-2024,0.55427843,Tomato,01-12-2023
T050,10-10-2023,0.19722727,Tomato,01-12-2023
T050,12-02-2024,0.51631856,Tomato,01-12-2023
T050,12-04-2024,0.026376147,Tomato,01-12-2023
T050,12-06-2023,0.29940444,Tomato,01-12-2023
T050,13-03-2024,0.39774013,Tomato,01-12-2023
T050,15-10-2023,0.33348066,Tomato,01-12-2023
T050,16-08-2023,0.30657747,Tomato,01-12-2023
T050,17-02-2024,0.5754584,Tomato,01-12-2023
T050,18-01-2024,0.3918837,Tomato,01-12-2023
T050,18-03-2024,0.41514975,Tomato,01-12-2023
T050,19-11-2023,0.6328894,Tomato,01-12-2023
T050,20-10-2023,0.3314273,Tomato,01-12-2023
T050,21-08-2023,0.3156239,Tomato,01-12-2023
T050,22-02-2024,0.49341893,Tomato,01-12-2023
T050,22-04-2024,0.17959183,Tomato,01-12-2023
T050,23-01-2024,0.4889868,Tomato,01-12-2023
T050,23-03-2024,0.41169626,Tomato,01-12-2023
T050,24-12-2023,0.4947735,Tomato,01-12-2023
T050,25-10-2023,0.43358847,Tomato,01-12-2023
T050,27-02-2024,0.18754056,Tomato,01-12-2023
T050,27-04-2024,0.16981132,Tomato,01-12-2023
T050,28-03-2024,0.35155138,Tomato,01-12-2023
T050,29-12-2023,0.4415475,Tomato,01-12-2023
C001,01-09-2023,0.82112485,Cotton,01-11-2023
C001,01-10-2023,0.75389224,Cotton,01-11-2023
C001,03-02-2024,0.87954307,Cotton,01-11-2023
C001,03-04-2024,0.16537468,Cotton,01-11-2023
C001,04-01-2024,0.40992168,Cotton,01-11-2023
C001,04-03-2024,0.8526955,Cotton,01-11-2023
C001,05-11-2023,0.6747201,Cotton,01-11-2023
C001,08-04-2024,0.16401707,Cotton,01-11-2023
C001,08-06-2023,0.117571056,Cotton,01-11-2023
C001,09-01-2024,0.72006655,Cotton,01-11-2023
C001,09-03-2024,0.8276472,Cotton,01-11-2023
C001,09-05-2023,0.14800514,Cotton,01-11-2023
C001,10-11-2023,0.6199041,Cotton,01-11-2023
C001,10-12-2023,0.2889126,Cotton,01-11-2023
C001,11-10-2023,0.7022971,Cotton,01-11-2023
C001,13-04-2024,0.12685715,Cotton,01-11-2023
C001,13-06-2023,0.12173359,Cotton,01-11-2023
C001,14-01-2024,0.8534914,Cotton,01-11-2023
C001,14-03-2024,0.79930794,Cotton,01-11-2023
C001,14-05-2023,0.14451988,Cotton,01-11-2023
C001,15-11-2023,0.2981979,Cotton,01-11-2023
C001,15-12-2023,0.35114133,Cotton,01-11-2023
C001,18-02-2024,0.84407943,Cotton,01-11-2023
C001,18-04-2024,0.114589855,Cotton,01-11-2023
C001,19-01-2024,0.807907,Cotton,01-11-2023
C001,19-03-2024,0.7357448,Cotton,01-11-2023
C001,19-05-2023,0.12609239,Cotton,01-11-2023
C001,20-11-2023,0.21605465,Cotton,01-11-2023
C001,21-10-2023,0.6949057,Cotton,01-11-2023
C001,23-02-2024,0.8443173,Cotton,01-11-2023
C001,23-04-2024,0.10675808,Cotton,01-11-2023
C001,24-01-2024,0.85571045,Cotton,01-11-2023
C001,24-03-2024,0.44037172,Cotton,01-11-2023
C001,24-05-2023,0.107301585,Cotton,01-11-2023
C001,25-11-2023,0.15797101,Cotton,01-11-2023
C001,25-12-2023,0.5521472,Cotton,01-11-2023
C001,26-10-2023,0.69608736,Cotton,01-11-2023
C001,28-02-2024,0.86968416,Cotton,01-11-2023
C001,29-05-2023,0.13156408,Cotton,01-11-2023
C001,30-12-2023,0.5780303,Cotton,01-11-2023
C002,01-09-2023,0.7166455,Cotton,01-11-2023
C002,01-10-2023,0.73325175,Cotton,01-11-2023
C002,03-02-2024,0.84535277,Cotton,01-11-2023
C002,03-04-2024,0.36227688,Cotton,01-11-2023
C002,04-01-2024,0.24414715,Cotton,01-11-2023
C002,04-03-2024,0.83982366,Cotton,01-11-2023
C002,05-11-2023,0.6289425,Cotton,01-11-2023
C002,08-04-2024,0.20771514,Cotton,01-11-2023
C002,08-06-2023,0.11470362,Cotton,01-11-2023
C002,09-01-2024,0.41999143,Cotton,01-11-2023
C002,09-03-2024,0.80730224,Cotton,01-11-2023
C002,09-05-2023,0.1141754,Cotton,01-11-2023
C002,10-11-2023,0.5723764,Cotton,01-11-2023
C002,10-12-2023,0.25847954,Cotton,01-11-2023
C002,11-10-2023,0.67853767,Cotton,01-11-2023
C002,13-04-2024,0.17804551,Cotton,01-11-2023
C002,13-06-2023,0.11764706,Cotton,01-11-2023
C002,14-01-2024,0.5895076,Cotton,01-11-2023
C002,14-03-2024,0.79109675,Cotton,01-11-2023
C002,14-05-2023,0.109198496,Cotton,01-11-2023
C002,15-11-2023,0.47129506,Cotton,01-11-2023
C002,15-12-2023,0.22847523,Cotton,01-11-2023
C002,18-02-2024,0.84555274,Cotton,01-11-2023
C002,18-04-2024,0.17005545,Cotton,01-11-2023
C002,19-01-2024,0.6290051,Cotton,01-11-2023
C002,19-03-2024,0.75242245,Cotton,01-11-2023
C002,19-05-2023,0.110456556,Cotton,01-11-2023
C002,20-11-2023,0.19834025,Cotton,01-11-2023
C002,21-10-2023,0.63402516,Cotton,01-11-2023
C002,23-02-2024,0.8447362,Cotton,01-11-2023
C002,23-04-2024,0.1500117,Cotton,01-11-2023
C002,24-01-2024,0.7203232,Cotton,01-11-2023
C002,24-03-2024,0.56751466,Cotton,01-11-2023
C002,24-05-2023,0.10727682,Cotton,01-11-2023
C002,25-11-2023,0.17710438,Cotton,01-11-2023
C002,25-12-2023,0.19758932,Cotton,01-11-2023
C002,26-10-2023,0.6446821,Cotton,01-11-2023
C002,28-02-2024,0.8613358,Cotton,01-11-2023
C002,29-05-2023,0.12,Cotton,01-11-2023
C002,30-12-2023,0.25286084,Cotton,01-11-2023
C003,01-09-2023,0.8261098,Cotton,01-11-2023
C003,01-10-2023,0.735012,Cotton,01-11-2023
C003,03-02-2024,0.87234044,Cotton,01-11-2023
C003,03-04-2024,0.18575214,Cotton,01-11-2023
C003,04-01-2024,0.45707658,Cotton,01-11-2023
C003,04-03-2024,0.8196161,Cotton,01-11-2023
C003,05-11-2023,0.62818956,Cotton,01-11-2023
C003,08-04-2024,0.15335101,Cotton,01-11-2023
C003,08-06-2023,0.0997151,Cotton,01-11-2023
C003,09-01-2024,0.78696185,Cotton,01-11-2023
C003,09-03-2024,0.76076555,Cotton,01-11-2023
C003,09-05-2023,0.14873554,Cotton,01-11-2023
C003,10-11-2023,0.6116272,Cotton,01-11-2023
C003,10-12-2023,0.3050928,Cotton,01-11-2023
C003,11-10-2023,0.65214664,Cotton,01-11-2023
C003,13-04-2024,0.123019755,Cotton,01-11-2023
C003,13-06-2023,0.12565444,Cotton,01-11-2023
C003,14-01-2024,0.8905283,Cotton,01-11-2023
C003,14-03-2024,0.6920652,Cotton,01-11-2023
C003,14-05-2023,0.14957106,Cotton,01-11-2023
C003,15-11-2023,0.5682306,Cotton,01-11-2023
C003,15-12-2023,0.4290284,Cotton,01-11-2023
C003,18-02-2024,0.7887942,Cotton,01-11-2023
C003,18-04-2024,0.14911863,Cotton,01-11-2023
C003,19-01-2024,0.82778776,Cotton,01-11-2023
C003,19-03-2024,0.59916276,Cotton,01-11-2023
C003,19-05-2023,0.1444522,Cotton,01-11-2023
C003,20-11-2023,0.22022566,Cotton,01-11-2023
C003,21-10-2023,0.6216531,Cotton,01-11-2023
C003,23-02-2024,0.8189563,Cotton,01-11-2023
C003,23-04-2024,0.12059369,Cotton,01-11-2023
C003,24-01-2024,0.8816821,Cotton,01-11-2023
C003,24-03-2024,0.37148398,Cotton,01-11-2023
C003,24-05-2023,0.107880645,Cotton,01-11-2023
C003,25-11-2023,0.14533623,Cotton,01-11-2023
C003,25-12-2023,0.68080807,Cotton,01-11-2023
C003,26-10-2023,0.6260212,Cotton,01-11-2023
C003,28-02-2024,0.856,Cotton,01-11-2023
C003,29-05-2023,0.12961622,Cotton,01-11-2023
C003,30-12-2023,0.6913043,Cotton,01-11-2023
C004,01-09-2023,0.7338448,Cotton,01-11-2023
C004,01-10-2023,0.7858092,Cotton,01-11-2023
C004,03-02-2024,0.503367,Cotton,01-11-2023
C004,03-04-2024,0.5480289,Cotton,01-11-2023
C004,04-01-2024,0.23809524,Cotton,01-11-2023
C004,04-03-2024,0.8005935,Cotton,01-11-2023
C004,05-11-2023,0.64881533,Cotton,01-11-2023
C004,08-04-2024,0.5873016,Cotton,01-11-2023
C004,08-06-2023,0.11419753,Cotton,01-11-2023
C004,09-01-2024,0.26960784,Cotton,01-11-2023
C004,09-03-2024,0.7716604,Cotton,01-11-2023
C004,09-05-2023,0.1493776,Cotton,01-11-2023
C004,10-11-2023,0.622062,Cotton,01-11-2023
C004,10-12-2023,0.55336976,Cotton,01-11-2023
C004,11-10-2023,0.7404364,Cotton,01-11-2023
C004,13-04-2024,0.6909621,Cotton,01-11-2023
C004,13-06-2023,0.11126006,Cotton,01-11-2023
C004,14-01-2024,0.27889907,Cotton,01-11-2023
C004,14-03-2024,0.7707622,Cotton,01-11-2023
C004,14-05-2023,0.13515688,Cotton,01-11-2023
C004,15-11-2023,0.57175106,Cotton,01-11-2023
C004,15-12-2023,0.4749369,Cotton,01-11-2023
C004,18-02-2024,0.70072514,Cotton,01-11-2023
C004,18-04-2024,0.3872387,Cotton,01-11-2023
C004,19-01-2024,0.34662578,Cotton,01-11-2023
C004,19-03-2024,0.76405734,Cotton,01-11-2023
C004,19-05-2023,0.124664366,Cotton,01-11-2023
C004,20-11-2023,0.6154791,Cotton,01-11-2023
C004,21-10-2023,0.7158042,Cotton,01-11-2023
C004,23-02-2024,0.7556189,Cotton,01-11-2023
C004,23-04-2024,0.4698727,Cotton,01-11-2023
C004,24-01-2024,0.3412943,Cotton,01-11-2023
C004,24-03-2024,0.6284404,Cotton,01-11-2023
C004,24-05-2023,0.1184669,Cotton,01-11-2023
C004,25-11-2023,0.405436,Cotton,01-11-2023
C004,25-12-2023,0.21850613,Cotton,01-11-2023
C004,26-10-2023,0.6936556,Cotton,01-11-2023
C004,28-02-2024,0.8071834,Cotton,01-11-2023
C004,29-05-2023,0.11026034,Cotton,01-11-2023
C004,30-12-2023,0.26424444,Cotton,01-11-2023
C005,01-09-2023,0.871396,Cotton,01-11-2023
C005,01-10-2023,0.8107966,Cotton,01-11-2023
C005,03-02-2024,0.858782,Cotton,01-11-2023
C005,03-04-2024,0.19650254,Cotton,01-11-2023
C005,04-01-2024,0.40837696,Cotton,01-11-2023
C005,04-03-2024,0.7150166,Cotton,01-11-2023
C005,05-11-2023,0.6540442,Cotton,01-11-2023
C005,08-04-2024,0.14338405,Cotton,01-11-2023
C005,08-06-2023,0.122369446,Cotton,01-11-2023
C005,09-01-2024,0.71451145,Cotton,01-11-2023
C005,09-03-2024,0.586141,Cotton,01-11-2023
C005,09-05-2023,0.10552214,Cotton,01-11-2023
C005,10-11-2023,0.6558003,Cotton,01-11-2023
C005,10-12-2023,0.2451923,Cotton,01-11-2023
C005,11-10-2023,0.6965389,Cotton,01-11-2023
C005,13-04-2024,0.14696337,Cotton,01-11-2023
C005,13-06-2023,0.13494809,Cotton,01-11-2023
C005,14-01-2024,0.8521248,Cotton,01-11-2023
C005,14-03-2024,0.43686375,Cotton,01-11-2023
C005,14-05-2023,0.1136,Cotton,01-11-2023
C005,15-11-2023,0.61165625,Cotton,01-11-2023
C005,15-12-2023,0.2863753,Cotton,01-11-2023
C005,18-02-2024,0.81099325,Cotton,01-11-2023
C005,18-04-2024,0.15281235,Cotton,01-11-2023
C005,19-01-2024,0.8095238,Cotton,01-11-2023
C005,19-03-2024,0.34808686,Cotton,01-11-2023
C005,19-05-2023,0.12351327,Cotton,01-11-2023
C005,20-11-2023,0.6255787,Cotton,01-11-2023
C005,21-10-2023,0.66189784,Cotton,01-11-2023
C005,23-02-2024,0.8021095,Cotton,01-11-2023
C005,23-04-2024,0.14085405,Cotton,01-11-2023
C005,24-01-2024,0.8409432,Cotton,01-11-2023
C005,24-03-2024,0.21319199,Cotton,01-11-2023
C005,24-05-2023,0.10380881,Cotton,01-11-2023
C005,25-11-2023,0.19665273,Cotton,01-11-2023
C005,25-12-2023,0.41837645,Cotton,01-11-2023
C005,26-10-2023,0.6608668,Cotton,01-11-2023
C005,28-02-2024,0.78903824,Cotton,01-11-2023
C005,29-05-2023,0.14348462,Cotton,01-11-2023
C005,30-12-2023,0.53670233,Cotton,01-11-2023
C006,01-09-2023,0.36861148,Cotton,01-11-2023
C006,01-10-2023,0.68256086,Cotton,01-11-2023
C006,03-02-2024,0.21597633,Cotton,01-11-2023
C006,03-04-2024,0.10617284,Cotton,01-11-2023
C006,04-01-2024,0.37062937,Cotton,01-11-2023
C006,04-03-2024,0.19274734,Cotton,01-11-2023
C006,05-11-2023,0.6299157,Cotton,01-11-2023
C006,08-04-2024,0.12931034,Cotton,01-11-2023
C006,08-06-2023,0.09164557,Cotton,01-11-2023
C006,09-01-2024,0.6076923,Cotton,01-11-2023
C006,09-03-2024,0.17197452,Cotton,01-11-2023
C006,09-05-2023,0.1184466,Cotton,01-11-2023
C006,10-11-2023,0.6105721,Cotton,01-11-2023
C006,10-12-2023,0.6207469,Cotton,01-11-2023
C006,11-10-2023,0.6697499,Cotton,01-11-2023
C006,13-04-2024,0.18602261,Cotton,01-11-2023
C006,13-06-2023,0.10540301,Cotton,01-11-2023
C006,14-01-2024,0.63275796,Cotton,01-11-2023
C006,14-03-2024,0.18195957,Cotton,01-11-2023
C006,14-05-2023,0.10987996,Cotton,01-11-2023
C006,15-11-2023,0.562647,Cotton,01-11-2023
C006,15-12-2023,0.58501875,Cotton,01-11-2023
C006,18-02-2024,0.20027435,Cotton,01-11-2023
C006,18-04-2024,0.10465116,Cotton,01-11-2023
C006,19-01-2024,0.45717308,Cotton,01-11-2023
C006,19-03-2024,0.1613147,Cotton,01-11-2023
C006,19-05-2023,0.118644066,Cotton,01-11-2023
C006,20-11-2023,0.5919974,Cotton,01-11-2023
C006,21-10-2023,0.6685783,Cotton,01-11-2023
C006,23-02-2024,0.1958042,Cotton,01-11-2023
C006,23-04-2024,0.12894736,Cotton,01-11-2023
C006,24-01-2024,0.36162224,Cotton,01-11-2023
C006,24-03-2024,0.13892908,Cotton,01-11-2023
C006,24-05-2023,0.10383536,Cotton,01-11-2023
C006,25-11-2023,0.37810043,Cotton,01-11-2023
C006,25-12-2023,0.6066522,Cotton,01-11-2023
C006,26-10-2023,0.68163806,Cotton,01-11-2023
C006,28-02-2024,0.18594307,Cotton,01-11-2023
C006,29-05-2023,0.13229571,Cotton,01-11-2023
C006,30-12-2023,0.5877309,Cotton,01-11-2023
C007,01-09-2023,0.69077134,Cotton,01-11-2023
C007,01-10-2023,0.7448429,Cotton,01-11-2023
C007,03-02-2024,0.6072664,Cotton,01-11-2023
C007,03-04-2024,0.14592484,Cotton,01-11-2023
C007,04-01-2024,0.24767226,Cotton,01-11-2023
C007,04-03-2024,0.38579068,Cotton,01-11-2023
C007,05-11-2023,0.56886226,Cotton,01-11-2023
C007,08-04-2024,0.13168724,Cotton,01-11-2023
C007,08-06-2023,0.112299465,Cotton,01-11-2023
C007,09-01-2024,0.38266385,Cotton,01-11-2023
C007,09-03-2024,0.23109843,Cotton,01-11-2023
C007,09-05-2023,0.12083153,Cotton,01-11-2023
C007,10-11-2023,0.5397984,Cotton,01-11-2023
C007,10-12-2023,0.34371755,Cotton,01-11-2023
C007,11-10-2023,0.6709373,Cotton,01-11-2023
C007,13-04-2024,0.16988418,Cotton,01-11-2023
C007,13-06-2023,0.09147287,Cotton,01-11-2023
C007,14-01-2024,0.40763932,Cotton,01-11-2023
C007,14-03-2024,0.19419488,Cotton,01-11-2023
C007,14-05-2023,0.07508664,Cotton,01-11-2023
C007,15-11-2023,0.49065745,Cotton,01-11-2023
C007,15-12-2023,0.24717833,Cotton,01-11-2023
C007,18-02-2024,0.62237763,Cotton,01-11-2023
C007,18-04-2024,0.114816576,Cotton,01-11-2023
C007,19-01-2024,0.43822223,Cotton,01-11-2023
C007,19-03-2024,0.15180723,Cotton,01-11-2023
C007,19-05-2023,0.05496988,Cotton,01-11-2023
C007,20-11-2023,0.52213544,Cotton,01-11-2023
C007,21-10-2023,0.61732125,Cotton,01-11-2023
C007,23-02-2024,0.578682,Cotton,01-11-2023
C007,23-04-2024,0.15824032,Cotton,01-11-2023
C007,24-01-2024,0.49617592,Cotton,01-11-2023
C007,24-03-2024,0.16453674,Cotton,01-11-2023
C007,24-05-2023,0.10593539,Cotton,01-11-2023
C007,25-11-2023,0.34629405,Cotton,01-11-2023
C007,25-12-2023,0.2620545,Cotton,01-11-2023
C007,26-10-2023,0.5862579,Cotton,01-11-2023
C007,28-02-2024,0.5371179,Cotton,01-11-2023
C007,29-05-2023,0.13657771,Cotton,01-11-2023
C007,30-12-2023,0.29791272,Cotton,01-11-2023
C008,01-09-2023,0.88294464,Cotton,01-11-2023
C008,01-10-2023,0.8418668,Cotton,01-11-2023
C008,03-02-2024,0.870257,Cotton,01-11-2023
C008,03-04-2024,0.35630384,Cotton,01-11-2023
C008,04-01-2024,0.2462638,Cotton,01-11-2023
C008,04-03-2024,0.8620971,Cotton,01-11-2023
C008,05-11-2023,0.66948354,Cotton,01-11-2023
C008,08-04-2024,0.26469564,Cotton,01-11-2023
C008,08-06-2023,0.14012739,Cotton,01-11-2023
C008,09-01-2024,0.46899402,Cotton,01-11-2023
C008,09-03-2024,0.83902127,Cotton,01-11-2023
C008,09-05-2023,0.13364674,Cotton,01-11-2023
C008,10-11-2023,0.63570565,Cotton,01-11-2023
C008,10-12-2023,0.4356929,Cotton,01-11-2023
C008,11-10-2023,0.79525596,Cotton,01-11-2023
C008,13-04-2024,0.24133377,Cotton,01-11-2023
C008,13-06-2023,0.10501419,Cotton,01-11-2023
C008,14-01-2024,0.6613358,Cotton,01-11-2023
C008,14-03-2024,0.8207687,Cotton,01-11-2023
C008,14-05-2023,0.1362764,Cotton,01-11-2023
C008,15-11-2023,0.5788839,Cotton,01-11-2023
C008,15-12-2023,0.20856462,Cotton,01-11-2023
C008,18-02-2024,0.8696952,Cotton,01-11-2023
C008,18-04-2024,0.21292217,Cotton,01-11-2023
C008,19-01-2024,0.72074986,Cotton,01-11-2023
C008,19-03-2024,0.79038227,Cotton,01-11-2023
C008,19-05-2023,0.14710484,Cotton,01-11-2023
C008,20-11-2023,0.6102143,Cotton,01-11-2023
C008,21-10-2023,0.76448697,Cotton,01-11-2023
C008,23-02-2024,0.8799368,Cotton,01-11-2023
C008,23-04-2024,0.13470206,Cotton,01-11-2023
C008,24-01-2024,0.81990814,Cotton,01-11-2023
C008,24-03-2024,0.64031875,Cotton,01-11-2023
C008,24-05-2023,0.081716634,Cotton,01-11-2023
C008,25-11-2023,0.35976675,Cotton,01-11-2023
C008,25-12-2023,0.19183078,Cotton,01-11-2023
C008,26-10-2023,0.7446346,Cotton,01-11-2023
C008,28-02-2024,0.87965035,Cotton,01-11-2023
C008,29-05-2023,0.14841351,Cotton,01-11-2023
C008,30-12-2023,0.24869566,Cotton,01-11-2023
C009,01-09-2023,0.5330845,Cotton,01-11-2023
C009,01-10-2023,0.7026239,Cotton,01-11-2023
C009,03-02-2024,0.8025701,Cotton,01-11-2023
C009,03-04-2024,0.49110672,Cotton,01-11-2023
C009,04-01-2024,0.23672055,Cotton,01-11-2023
C009,04-03-2024,0.8093534,Cotton,01-11-2023
C009,05-11-2023,0.64042157,Cotton,01-11-2023
C009,08-04-2024,0.4587332,Cotton,01-11-2023
C009,08-06-2023,0.0964975,Cotton,01-11-2023
C009,09-01-2024,0.4310757,Cotton,01-11-2023
C009,09-03-2024,0.7808219,Cotton,01-11-2023
C009,09-05-2023,0.16129032,Cotton,01-11-2023
C009,10-11-2023,0.5898213,Cotton,01-11-2023
C009,10-12-2023,0.21461187,Cotton,01-11-2023
C009,11-10-2023,0.73430085,Cotton,01-11-2023
C009,13-04-2024,0.4496768,Cotton,01-11-2023
C009,13-06-2023,0.10988252,Cotton,01-11-2023
C009,14-01-2024,0.61959183,Cotton,01-11-2023
C009,14-03-2024,0.75931084,Cotton,01-11-2023
C009,14-05-2023,0.10583942,Cotton,01-11-2023
C009,15-11-2023,0.55486286,Cotton,01-11-2023
C009,15-12-2023,0.20423779,Cotton,01-11-2023
C009,18-02-2024,0.8407468,Cotton,01-11-2023
C009,18-04-2024,0.2621664,Cotton,01-11-2023
C009,19-01-2024,0.5938338,Cotton,01-11-2023
C009,19-03-2024,0.7324841,Cotton,01-11-2023
C009,19-05-2023,0.11032864,Cotton,01-11-2023
C009,20-11-2023,0.5497888,Cotton,01-11-2023
C009,21-10-2023,0.71630466,Cotton,01-11-2023
C009,23-02-2024,0.8385604,Cotton,01-11-2023
C009,23-04-2024,0.22941355,Cotton,01-11-2023
C009,24-01-2024,0.71895427,Cotton,01-11-2023
C009,24-03-2024,0.6148492,Cotton,01-11-2023
C009,24-05-2023,0.118623234,Cotton,01-11-2023
C009,25-11-2023,0.27366608,Cotton,01-11-2023
C009,25-12-2023,0.24804805,Cotton,01-11-2023
C009,26-10-2023,0.72626454,Cotton,01-11-2023
C009,28-02-2024,0.8422091,Cotton,01-11-2023
C009,29-05-2023,0.09854015,Cotton,01-11-2023
C009,30-12-2023,0.28512585,Cotton,01-11-2023
C010,01-09-2023,0.636695,Cotton,01-11-2023
C010,01-10-2023,0.7204189,Cotton,01-11-2023
C010,03-02-2024,0.8524114,Cotton,01-11-2023
C010,03-04-2024,0.5505985,Cotton,01-11-2023
C010,04-01-2024,0.23826087,Cotton,01-11-2023
C010,04-03-2024,0.85080856,Cotton,01-11-2023
C010,05-11-2023,0.7277339,Cotton,01-11-2023
C010,08-04-2024,0.5069075,Cotton,01-11-2023
C010,08-06-2023,0.10375276,Cotton,01-11-2023
C010,09-01-2024,0.46506703,Cotton,01-11-2023
C010,09-03-2024,0.79753613,Cotton,01-11-2023
C010,09-05-2023,0.11319771,Cotton,01-11-2023
C010,10-11-2023,0.6864383,Cotton,01-11-2023
C010,10-12-2023,0.21049264,Cotton,01-11-2023
C010,11-10-2023,0.7332233,Cotton,01-11-2023
C010,13-04-2024,0.28764653,Cotton,01-11-2023
C010,13-06-2023,0.08134642,Cotton,01-11-2023
C010,14-01-2024,0.63500625,Cotton,01-11-2023
C010,14-03-2024,0.79295623,Cotton,01-11-2023
C010,14-05-2023,0.12361809,Cotton,01-11-2023
C010,15-11-2023,0.62821245,Cotton,01-11-2023
C010,15-12-2023,0.18177001,Cotton,01-11-2023
C010,18-02-2024,0.86641425,Cotton,01-11-2023
C010,18-04-2024,0.19329455,Cotton,01-11-2023
C010,19-01-2024,0.645749,Cotton,01-11-2023
C010,19-03-2024,0.78131634,Cotton,01-11-2023
C010,19-05-2023,0.12091954,Cotton,01-11-2023
C010,20-11-2023,0.62352943,Cotton,01-11-2023
C010,21-10-2023,0.7323116,Cotton,01-11-2023
C010,23-02-2024,0.85323447,Cotton,01-11-2023
C010,23-04-2024,0.16474982,Cotton,01-11-2023
C010,24-01-2024,0.7613601,Cotton,01-11-2023
C010,24-03-2024,0.6392006,Cotton,01-11-2023
C010,24-05-2023,0.15358691,Cotton,01-11-2023
C010,25-11-2023,0.42128602,Cotton,01-11-2023
C010,25-12-2023,0.19012797,Cotton,01-11-2023
C010,26-10-2023,0.72615874,Cotton,01-11-2023
C010,28-02-2024,0.88247216,Cotton,01-11-2023
C010,29-05-2023,0.12421053,Cotton,01-11-2023
C010,30-12-2023,0.23129542,Cotton,01-11-2023
C011,01-09-2023,0.8683887,Cotton,01-11-2023
C011,01-10-2023,0.84599876,Cotton,01-11-2023
C011,03-02-2024,0.8405049,Cotton,01-11-2023
C011,03-04-2024,0.2183182,Cotton,01-11-2023
C011,04-01-2024,0.29559064,Cotton,01-11-2023
C011,04-03-2024,0.512176,Cotton,01-11-2023
C011,05-11-2023,0.7320765,Cotton,01-11-2023
C011,08-04-2024,0.2028169,Cotton,01-11-2023
C011,08-06-2023,0.12070227,Cotton,01-11-2023
C011,09-01-2024,0.62372446,Cotton,01-11-2023
C011,09-03-2024,0.39811066,Cotton,01-11-2023
C011,09-05-2023,0.12754717,Cotton,01-11-2023
C011,10-11-2023,0.69994485,Cotton,01-11-2023
C011,10-12-2023,0.179987,Cotton,01-11-2023
C011,11-10-2023,0.7966728,Cotton,01-11-2023
C011,13-04-2024,0.16987741,Cotton,01-11-2023
C011,13-06-2023,0.11250874,Cotton,01-11-2023
C011,14-01-2024,0.815047,Cotton,01-11-2023
C011,14-03-2024,0.3286052,Cotton,01-11-2023
C011,14-05-2023,0.1332436,Cotton,01-11-2023
C011,15-11-2023,0.6499299,Cotton,01-11-2023
C011,15-12-2023,0.25501165,Cotton,01-11-2023
C011,18-02-2024,0.7632544,Cotton,01-11-2023
C011,18-04-2024,0.17603911,Cotton,01-11-2023
C011,19-01-2024,0.7448104,Cotton,01-11-2023
C011,19-03-2024,0.2605185,Cotton,01-11-2023
C011,19-05-2023,0.10731374,Cotton,01-11-2023
C011,20-11-2023,0.6520087,Cotton,01-11-2023
C011,21-10-2023,0.7617729,Cotton,01-11-2023
C011,23-02-2024,0.7320307,Cotton,01-11-2023
C011,23-04-2024,0.17142858,Cotton,01-11-2023
C011,24-01-2024,0.801662,Cotton,01-11-2023
C011,24-03-2024,0.2570136,Cotton,01-11-2023
C011,24-05-2023,0.11034483,Cotton,01-11-2023
C011,25-11-2023,0.45074946,Cotton,01-11-2023
C011,25-12-2023,0.24862888,Cotton,01-11-2023
C011,26-10-2023,0.7329361,Cotton,01-11-2023
C011,28-02-2024,0.6738609,Cotton,01-11-2023
C011,29-05-2023,0.11731844,Cotton,01-11-2023
C011,30-12-2023,0.38842976,Cotton,01-11-2023
C012,01-09-2023,0.8436372,Cotton,01-11-2023
C012,01-10-2023,0.7785774,Cotton,01-11-2023
C012,03-02-2024,0.8788695,Cotton,01-11-2023
C012,03-04-2024,0.1916418,Cotton,01-11-2023
C012,04-01-2024,0.30747923,Cotton,01-11-2023
C012,04-03-2024,0.86514884,Cotton,01-11-2023
C012,05-11-2023,0.7028371,Cotton,01-11-2023
C012,08-04-2024,0.16032171,Cotton,01-11-2023
C012,08-06-2023,0.11308768,Cotton,01-11-2023
C012,09-01-2024,0.5841648,Cotton,01-11-2023
C012,09-03-2024,0.8244034,Cotton,01-11-2023
C012,09-05-2023,0.10963115,Cotton,01-11-2023
C012,10-11-2023,0.67124856,Cotton,01-11-2023
C012,10-12-2023,0.16179775,Cotton,01-11-2023
C012,11-10-2023,0.6908651,Cotton,01-11-2023
C012,13-04-2024,0.12391698,Cotton,01-11-2023
C012,13-06-2023,0.12318383,Cotton,01-11-2023
C012,14-01-2024,0.80701756,Cotton,01-11-2023
C012,14-03-2024,0.7980456,Cotton,01-11-2023
C012,14-05-2023,0.1511194,Cotton,01-11-2023
C012,15-11-2023,0.64148235,Cotton,01-11-2023
C012,15-12-2023,0.19832636,Cotton,01-11-2023
C012,18-02-2024,0.8535953,Cotton,01-11-2023
C012,18-04-2024,0.14990513,Cotton,01-11-2023
C012,19-01-2024,0.7577534,Cotton,01-11-2023
C012,19-03-2024,0.7307777,Cotton,01-11-2023
C012,19-05-2023,0.10315009,Cotton,01-11-2023
C012,20-11-2023,0.6036973,Cotton,01-11-2023
C012,21-10-2023,0.660419,Cotton,01-11-2023
C012,23-02-2024,0.84599715,Cotton,01-11-2023
C012,23-04-2024,0.13811149,Cotton,01-11-2023
C012,24-01-2024,0.8354515,Cotton,01-11-2023
C012,24-03-2024,0.5473853,Cotton,01-11-2023
C012,24-05-2023,0.11706102,Cotton,01-11-2023
C012,25-11-2023,0.21186943,Cotton,01-11-2023
C012,25-12-2023,0.26492852,Cotton,01-11-2023
C012,26-10-2023,0.6844904,Cotton,01-11-2023
C012,28-02-2024,0.87698925,Cotton,01-11-2023
C012,29-05-2023,0.08980583,Cotton,01-11-2023
C012,30-12-2023,0.3784461,Cotton,01-11-2023
C013,01-09-2023,0.20899336,Cotton,01-11-2023
C013,01-10-2023,0.49024707,Cotton,01-11-2023
C013,03-02-2024,0.8036437,Cotton,01-11-2023
C013,03-04-2024,0.6483373,Cotton,01-11-2023
C013,04-01-2024,0.21365508,Cotton,01-11-2023
C013,04-03-2024,0.9026754,Cotton,01-11-2023
C013,05-11-2023,0.52638113,Cotton,01-11-2023
C013,08-04-2024,0.69562435,Cotton,01-11-2023
C013,08-06-2023,0.078063674,Cotton,01-11-2023
C013,09-01-2024,0.33309582,Cotton,01-11-2023
C013,09-03-2024,0.84919655,Cotton,01-11-2023
C013,09-05-2023,0.09931507,Cotton,01-11-2023
C013,10-11-2023,0.49969116,Cotton,01-11-2023
C013,10-12-2023,0.32520324,Cotton,01-11-2023
C013,11-10-2023,0.4827479,Cotton,01-11-2023
C013,13-04-2024,0.77030814,Cotton,01-11-2023
C013,13-06-2023,0.0952381,Cotton,01-11-2023
C013,14-01-2024,0.43705615,Cotton,01-11-2023
C013,14-03-2024,0.827118,Cotton,01-11-2023
C013,14-05-2023,0.09527825,Cotton,01-11-2023
C013,15-11-2023,0.44361833,Cotton,01-11-2023
C013,15-12-2023,0.2671543,Cotton,01-11-2023
C013,18-02-2024,0.8655716,Cotton,01-11-2023
C013,18-04-2024,0.30302045,Cotton,01-11-2023
C013,19-01-2024,0.58251506,Cotton,01-11-2023
C013,19-03-2024,0.82156134,Cotton,01-11-2023
C013,19-05-2023,0.086470835,Cotton,01-11-2023
C013,20-11-2023,0.4294135,Cotton,01-11-2023
C013,21-10-2023,0.56966984,Cotton,01-11-2023
C013,23-02-2024,0.9085316,Cotton,01-11-2023
C013,23-04-2024,0.19082648,Cotton,01-11-2023
C013,24-01-2024,0.6783712,Cotton,01-11-2023
C013,24-03-2024,0.731014,Cotton,01-11-2023
C013,24-05-2023,0.101801425,Cotton,01-11-2023
C013,25-11-2023,0.32172936,Cotton,01-11-2023
C013,25-12-2023,0.2003432,Cotton,01-11-2023
C013,26-10-2023,0.5269586,Cotton,01-11-2023
C013,28-02-2024,0.89788294,Cotton,01-11-2023
C013,29-05-2023,0.07317073,Cotton,01-11-2023
C013,30-12-2023,0.21981004,Cotton,01-11-2023
C014,01-09-2023,0.76865673,Cotton,01-11-2023
C014,01-10-2023,0.76891613,Cotton,01-11-2023
C014,03-02-2024,0.89750326,Cotton,01-11-2023
C014,03-04-2024,0.17722255,Cotton,01-11-2023
C014,04-01-2024,0.4369748,Cotton,01-11-2023
C014,04-03-2024,0.8332521,Cotton,01-11-2023
C014,05-11-2023,0.63442135,Cotton,01-11-2023
C014,08-04-2024,0.15724722,Cotton,01-11-2023
C014,08-06-2023,0.1007371,Cotton,01-11-2023
C014,09-01-2024,0.7966616,Cotton,01-11-2023
C014,09-03-2024,0.79932135,Cotton,01-11-2023
C014,09-05-2023,0.12363996,Cotton,01-11-2023
C014,10-11-2023,0.58971363,Cotton,01-11-2023
C014,10-12-2023,0.24605125,Cotton,01-11-2023
C014,11-10-2023,0.70622087,Cotton,01-11-2023
C014,13-04-2024,0.08340469,Cotton,01-11-2023
C014,13-06-2023,0.10225922,Cotton,01-11-2023
C014,14-01-2024,0.8784267,Cotton,01-11-2023
C014,14-03-2024,0.7441127,Cotton,01-11-2023
C014,14-05-2023,0.114754096,Cotton,01-11-2023
C014,15-11-2023,0.53403753,Cotton,01-11-2023
C014,15-12-2023,0.35443825,Cotton,01-11-2023
C014,18-02-2024,0.80609924,Cotton,01-11-2023
C014,18-04-2024,0.13877551,Cotton,01-11-2023
C014,19-01-2024,0.8291925,Cotton,01-11-2023
C014,19-03-2024,0.65085775,Cotton,01-11-2023
C014,19-05-2023,0.124856815,Cotton,01-11-2023
C014,20-11-2023,0.2628324,Cotton,01-11-2023
C014,21-10-2023,0.65653497,Cotton,01-11-2023
C014,23-02-2024,0.8254233,Cotton,01-11-2023
C014,23-04-2024,0.1311442,Cotton,01-11-2023
C014,24-01-2024,0.8844589,Cotton,01-11-2023
C014,24-03-2024,0.4298734,Cotton,01-11-2023
C014,24-05-2023,0.12058329,Cotton,01-11-2023
C014,25-11-2023,0.15424837,Cotton,01-11-2023
C014,25-12-2023,0.5863342,Cotton,01-11-2023
C014,26-10-2023,0.6430359,Cotton,01-11-2023
C014,28-02-2024,0.8545798,Cotton,01-11-2023
C014,29-05-2023,0.10820045,Cotton,01-11-2023
C014,30-12-2023,0.6747091,Cotton,01-11-2023
C015,01-09-2023,0.83147854,Cotton,01-11-2023
C015,01-10-2023,0.77957535,Cotton,01-11-2023
C015,03-02-2024,0.8286359,Cotton,01-11-2023
C015,03-04-2024,0.20405577,Cotton,01-11-2023
C015,04-01-2024,0.22669736,Cotton,01-11-2023
C015,04-03-2024,0.720339,Cotton,01-11-2023
C015,05-11-2023,0.6893855,Cotton,01-11-2023
C015,08-04-2024,0.18873909,Cotton,01-11-2023
C015,08-06-2023,0.10085695,Cotton,01-11-2023
C015,09-01-2024,0.50793093,Cotton,01-11-2023
C015,09-03-2024,0.6085791,Cotton,01-11-2023
C015,09-05-2023,0.3084548,Cotton,01-11-2023
C015,10-11-2023,0.6635932,Cotton,01-11-2023
C015,10-12-2023,0.67405474,Cotton,01-11-2023
C015,11-10-2023,0.74618274,Cotton,01-11-2023
C015,13-04-2024,0.17750439,Cotton,01-11-2023
C015,13-06-2023,0.11214333,Cotton,01-11-2023
C015,14-01-2024,0.687974,Cotton,01-11-2023
C015,14-03-2024,0.49858624,Cotton,01-11-2023
C015,14-05-2023,0.2371342,Cotton,01-11-2023
C015,15-11-2023,0.5833333,Cotton,01-11-2023
C015,15-12-2023,0.36936235,Cotton,01-11-2023
C015,18-02-2024,0.80085593,Cotton,01-11-2023
C015,18-04-2024,0.16644937,Cotton,01-11-2023
C015,19-01-2024,0.6731869,Cotton,01-11-2023
C015,19-03-2024,0.39559165,Cotton,01-11-2023
C015,19-05-2023,0.16534346,Cotton,01-11-2023
C015,20-11-2023,0.5683212,Cotton,01-11-2023
C015,21-10-2023,0.7177799,Cotton,01-11-2023
C015,23-02-2024,0.82700545,Cotton,01-11-2023
C015,23-04-2024,0.14874816,Cotton,01-11-2023
C015,24-01-2024,0.7736303,Cotton,01-11-2023
C015,24-03-2024,0.29347825,Cotton,01-11-2023
C015,24-05-2023,0.12911843,Cotton,01-11-2023
C015,25-11-2023,0.42088267,Cotton,01-11-2023
C015,25-12-2023,0.15612648,Cotton,01-11-2023
C015,26-10-2023,0.68985975,Cotton,01-11-2023
C015,28-02-2024,0.8251093,Cotton,01-11-2023
C015,29-05-2023,0.12898876,Cotton,01-11-2023
C015,30-12-2023,0.25864908,Cotton,01-11-2023
C016,01-09-2023,0.52521473,Cotton,01-11-2023
C016,01-10-2023,0.61779976,Cotton,01-11-2023
C016,03-02-2024,0.4471438,Cotton,01-11-2023
C016,03-04-2024,0.5,Cotton,01-11-2023
C016,04-01-2024,0.18726389,Cotton,01-11-2023
C016,04-03-2024,0.7406216,Cotton,01-11-2023
C016,05-11-2023,0.48136482,Cotton,01-11-2023
C016,08-04-2024,0.443309,Cotton,01-11-2023
C016,08-06-2023,0.051480636,Cotton,01-11-2023
C016,09-01-2024,0.2228989,Cotton,01-11-2023
C016,09-03-2024,0.69911504,Cotton,01-11-2023
C016,09-05-2023,0.09169178,Cotton,01-11-2023
C016,10-11-2023,0.4690219,Cotton,01-11-2023
C016,10-12-2023,0.16165881,Cotton,01-11-2023
C016,11-10-2023,0.5882046,Cotton,01-11-2023
C016,13-04-2024,0.4437589,Cotton,01-11-2023
C016,13-06-2023,0.04537037,Cotton,01-11-2023
C016,14-01-2024,0.23278898,Cotton,01-11-2023
C016,14-03-2024,0.6774869,Cotton,01-11-2023
C016,14-05-2023,0.09328831,Cotton,01-11-2023
C016,15-11-2023,0.4420328,Cotton,01-11-2023
C016,15-12-2023,0.15689597,Cotton,01-11-2023
C016,18-02-2024,0.64763993,Cotton,01-11-2023
C016,18-04-2024,0.27936822,Cotton,01-11-2023
C016,19-01-2024,0.35157895,Cotton,01-11-2023
C016,19-03-2024,0.68323463,Cotton,01-11-2023
C016,19-05-2023,0.08825847,Cotton,01-11-2023
C016,20-11-2023,0.4311467,Cotton,01-11-2023
C016,21-10-2023,0.550358,Cotton,01-11-2023
C016,23-02-2024,0.6729393,Cotton,01-11-2023
C016,23-04-2024,0.29651576,Cotton,01-11-2023
C016,24-01-2024,0.38273758,Cotton,01-11-2023
C016,24-03-2024,0.53131527,Cotton,01-11-2023
C016,24-05-2023,0.07298475,Cotton,01-11-2023
C016,25-11-2023,0.31702346,Cotton,01-11-2023
C016,25-12-2023,0.14096916,Cotton,01-11-2023
C016,26-10-2023,0.56326747,Cotton,01-11-2023
C016,28-02-2024,0.7742484,Cotton,01-11-2023
C016,29-05-2023,0.07720758,Cotton,01-11-2023
C016,30-12-2023,0.16923077,Cotton,01-11-2023
C017,01-09-2023,0.8218664,Cotton,01-11-2023
C017,01-10-2023,0.72394204,Cotton,01-11-2023
C017,03-02-2024,0.47937796,Cotton,01-11-2023
C017,03-04-2024,0.15971847,Cotton,01-11-2023
C017,04-01-2024,0.17867272,Cotton,01-11-2023
C017,04-03-2024,0.7105327,Cotton,01-11-2023
C017,05-11-2023,0.5794621,Cotton,01-11-2023
C017,08-04-2024,0.14823009,Cotton,01-11-2023
C017,08-06-2023,0.08544727,Cotton,01-11-2023
C017,09-01-2024,0.29931036,Cotton,01-11-2023
C017,09-03-2024,0.5167502,Cotton,01-11-2023
C017,09-05-2023,0.158388,Cotton,01-11-2023
C017,10-11-2023,0.5674544,Cotton,01-11-2023
C017,10-12-2023,0.6425053,Cotton,01-11-2023
C017,11-10-2023,0.6228748,Cotton,01-11-2023
C017,13-04-2024,0.12719752,Cotton,01-11-2023
C017,13-06-2023,0.108449765,Cotton,01-11-2023
C017,14-01-2024,0.37345424,Cotton,01-11-2023
C017,14-03-2024,0.30298582,Cotton,01-11-2023
C017,14-05-2023,0.14258465,Cotton,01-11-2023
C017,15-11-2023,0.53351367,Cotton,01-11-2023
C017,15-12-2023,0.24388255,Cotton,01-11-2023
C017,18-02-2024,0.720135,Cotton,01-11-2023
C017,18-04-2024,0.14285715,Cotton,01-11-2023
C017,19-01-2024,0.41933167,Cotton,01-11-2023
C017,19-03-2024,0.20810127,Cotton,01-11-2023
C017,19-05-2023,0.13816689,Cotton,01-11-2023
C017,20-11-2023,0.5142207,Cotton,01-11-2023
C017,21-10-2023,0.5824053,Cotton,01-11-2023
C017,23-02-2024,0.7497843,Cotton,01-11-2023
C017,23-04-2024,0.12693703,Cotton,01-11-2023
C017,24-01-2024,0.51994497,Cotton,01-11-2023
C017,24-03-2024,0.17828633,Cotton,01-11-2023
C017,24-05-2023,0.12825367,Cotton,01-11-2023
C017,25-11-2023,0.3911111,Cotton,01-11-2023
C017,25-12-2023,0.2,Cotton,01-11-2023
C017,26-10-2023,0.58247733,Cotton,01-11-2023
C017,28-02-2024,0.79012346,Cotton,01-11-2023
C017,29-05-2023,0.1254061,Cotton,01-11-2023
C017,30-12-2023,0.21810995,Cotton,01-11-2023
C018,01-09-2023,0.6558089,Cotton,01-11-2023
C018,01-10-2023,0.81245595,Cotton,01-11-2023
C018,03-02-2024,0.25067025,Cotton,01-11-2023
C018,03-04-2024,0.22115824,Cotton,01-11-2023
C018,04-01-2024,0.21017699,Cotton,01-11-2023
C018,04-03-2024,0.70527595,Cotton,01-11-2023
C018,05-11-2023,0.7037657,Cotton,01-11-2023
C018,08-04-2024,0.21052632,Cotton,01-11-2023
C018,08-06-2023,0.09212121,Cotton,01-11-2023
C018,09-01-2024,0.18588236,Cotton,01-11-2023
C018,09-03-2024,0.683237,Cotton,01-11-2023
C018,09-05-2023,0.109116025,Cotton,01-11-2023
C018,10-11-2023,0.66205144,Cotton,01-11-2023
C018,10-12-2023,0.58472556,Cotton,01-11-2023
C018,11-10-2023,0.78773123,Cotton,01-11-2023
C018,13-04-2024,0.1956616,Cotton,01-11-2023
C018,13-06-2023,0.09426987,Cotton,01-11-2023
C018,14-01-2024,0.15964125,Cotton,01-11-2023
C018,14-03-2024,0.6458908,Cotton,01-11-2023
C018,14-05-2023,0.117232546,Cotton,01-11-2023
C018,15-11-2023,0.60740095,Cotton,01-11-2023
C018,15-12-2023,0.5031193,Cotton,01-11-2023
C018,18-02-2024,0.5150591,Cotton,01-11-2023
C018,18-04-2024,0.18311152,Cotton,01-11-2023
C018,19-01-2024,0.170441,Cotton,01-11-2023
C018,19-03-2024,0.57615894,Cotton,01-11-2023
C018,19-05-2023,0.10310559,Cotton,01-11-2023
C018,20-11-2023,0.59792626,Cotton,01-11-2023
C018,21-10-2023,0.767748,Cotton,01-11-2023
C018,23-02-2024,0.56897134,Cotton,01-11-2023
C018,23-04-2024,0.19154334,Cotton,01-11-2023
C018,24-01-2024,0.1814346,Cotton,01-11-2023
C018,24-03-2024,0.42666668,Cotton,01-11-2023
C018,24-05-2023,0.0880304,Cotton,01-11-2023
C018,25-11-2023,0.4119583,Cotton,01-11-2023
C018,25-12-2023,0.5344694,Cotton,01-11-2023
C018,26-10-2023,0.7553957,Cotton,01-11-2023
C018,28-02-2024,0.6833977,Cotton,01-11-2023
C018,29-05-2023,0.09079284,Cotton,01-11-2023
C018,30-12-2023,0.5121275,Cotton,01-11-2023
C019,01-09-2023,0.62006164,Cotton,01-11-2023
C019,01-10-2023,0.714608,Cotton,01-11-2023
C019,03-02-2024,0.30105263,Cotton,01-11-2023
C019,03-04-2024,0.5939991,Cotton,01-11-2023
C019,04-01-2024,0.35078007,Cotton,01-11-2023
C019,04-03-2024,0.8182227,Cotton,01-11-2023
C019,05-11-2023,0.66322255,Cotton,01-11-2023
C019,08-04-2024,0.58208245,Cotton,01-11-2023
C019,08-06-2023,0.23265307,Cotton,01-11-2023
C019,09-01-2024,0.5221689,Cotton,01-11-2023
C019,09-03-2024,0.79380083,Cotton,01-11-2023
C019,09-05-2023,0.22160356,Cotton,01-11-2023
C019,10-11-2023,0.65241843,Cotton,01-11-2023
C019,10-12-2023,0.73178595,Cotton,01-11-2023
C019,11-10-2023,0.71031284,Cotton,01-11-2023
C019,13-04-2024,0.616599,Cotton,01-11-2023
C019,13-06-2023,0.30365297,Cotton,01-11-2023
C019,14-01-2024,0.42857143,Cotton,01-11-2023
C019,14-03-2024,0.8189953,Cotton,01-11-2023
C019,14-05-2023,0.27458355,Cotton,01-11-2023
C019,15-11-2023,0.5854566,Cotton,01-11-2023
C019,15-12-2023,0.62923974,Cotton,01-11-2023
C019,18-02-2024,0.4813084,Cotton,01-11-2023
C019,18-04-2024,0.39846742,Cotton,01-11-2023
C019,19-01-2024,0.29123968,Cotton,01-11-2023
C019,19-03-2024,0.81977105,Cotton,01-11-2023
C019,19-05-2023,0.23274478,Cotton,01-11-2023
C019,20-11-2023,0.59299415,Cotton,01-11-2023
C019,21-10-2023,0.7133891,Cotton,01-11-2023
C019,23-02-2024,0.5717715,Cotton,01-11-2023
C019,23-04-2024,0.41228393,Cotton,01-11-2023
C019,24-01-2024,0.3174501,Cotton,01-11-2023
C019,24-03-2024,0.7234557,Cotton,01-11-2023
C019,24-05-2023,0.2636816,Cotton,01-11-2023
C019,25-11-2023,0.43385956,Cotton,01-11-2023
C019,25-12-2023,0.6117194,Cotton,01-11-2023
C019,26-10-2023,0.71323115,Cotton,01-11-2023
C019,28-02-2024,0.7007507,Cotton,01-11-2023
C019,29-05-2023,0.23205867,Cotton,01-11-2023
C019,30-12-2023,0.54321337,Cotton,01-11-2023
C021,01-09-2023,0.71564484,Cotton,01-11-2023
C021,01-10-2023,0.72477067,Cotton,01-11-2023
C021,03-02-2024,0.17364202,Cotton,01-11-2023
C021,03-04-2024,0.4069264,Cotton,01-11-2023
C021,04-01-2024,0.3109756,Cotton,01-11-2023
C021,04-03-2024,0.34846988,Cotton,01-11-2023
C021,05-11-2023,0.65642375,Cotton,01-11-2023
C021,08-04-2024,0.4020074,Cotton,01-11-2023
C021,08-06-2023,0.09259259,Cotton,01-11-2023
C021,09-01-2024,0.2960635,Cotton,01-11-2023
C021,09-03-2024,0.3329305,Cotton,01-11-2023
C021,09-05-2023,0.12052117,Cotton,01-11-2023
C021,10-11-2023,0.6207382,Cotton,01-11-2023
C021,10-12-2023,0.723505,Cotton,01-11-2023
C021,11-10-2023,0.6899267,Cotton,01-11-2023
C021,13-04-2024,0.5864598,Cotton,01-11-2023
C021,13-06-2023,0.08173913,Cotton,01-11-2023
C021,14-01-2024,0.1987076,Cotton,01-11-2023
C021,14-03-2024,0.38749656,Cotton,01-11-2023
C021,14-05-2023,0.13015874,Cotton,01-11-2023
C021,15-11-2023,0.5463859,Cotton,01-11-2023
C021,15-12-2023,0.6460072,Cotton,01-11-2023
C021,18-02-2024,0.2241206,Cotton,01-11-2023
C021,18-04-2024,0.37546867,Cotton,01-11-2023
C021,19-01-2024,0.20444444,Cotton,01-11-2023
C021,19-03-2024,0.41887227,Cotton,01-11-2023
C021,19-05-2023,0.1142006,Cotton,01-11-2023
C021,20-11-2023,0.5393635,Cotton,01-11-2023
C021,21-10-2023,0.6678553,Cotton,01-11-2023
C021,23-02-2024,0.24832214,Cotton,01-11-2023
C021,23-04-2024,0.54275566,Cotton,01-11-2023
C021,24-01-2024,0.1953125,Cotton,01-11-2023
C021,24-03-2024,0.4109279,Cotton,01-11-2023
C021,24-05-2023,0.10115752,Cotton,01-11-2023
C021,25-11-2023,0.4144527,Cotton,01-11-2023
C021,25-12-2023,0.65267915,Cotton,01-11-2023
C021,26-10-2023,0.64806867,Cotton,01-11-2023
C021,28-02-2024,0.3884712,Cotton,01-11-2023
C021,29-05-2023,0.10537634,Cotton,01-11-2023
C021,30-12-2023,0.5618932,Cotton,01-11-2023
C022,01-09-2023,0.62892586,Cotton,01-11-2023
C022,01-10-2023,0.7044057,Cotton,01-11-2023
C022,03-02-2024,0.34699646,Cotton,01-11-2023
C022,03-04-2024,0.51799685,Cotton,01-11-2023
C022,04-01-2024,0.15525115,Cotton,01-11-2023
C022,04-03-2024,0.8112916,Cotton,01-11-2023
C022,05-11-2023,0.6184438,Cotton,01-11-2023
C022,08-04-2024,0.473,Cotton,01-11-2023
C022,08-06-2023,0.103322715,Cotton,01-11-2023
C022,09-01-2024,0.19315973,Cotton,01-11-2023
C022,09-03-2024,0.77207065,Cotton,01-11-2023
C022,09-05-2023,0.31843576,Cotton,01-11-2023
C022,10-11-2023,0.5826087,Cotton,01-11-2023
C022,10-12-2023,0.57807654,Cotton,01-11-2023
C022,11-10-2023,0.6739878,Cotton,01-11-2023
C022,13-04-2024,0.53979737,Cotton,01-11-2023
C022,13-06-2023,0.111665,Cotton,01-11-2023
C022,14-01-2024,0.1757925,Cotton,01-11-2023
C022,14-03-2024,0.7741357,Cotton,01-11-2023
C022,14-05-2023,0.231591,Cotton,01-11-2023
C022,15-11-2023,0.54469675,Cotton,01-11-2023
C022,15-12-2023,0.54545456,Cotton,01-11-2023
C022,18-02-2024,0.7044216,Cotton,01-11-2023
C022,18-04-2024,0.31459567,Cotton,01-11-2023
C022,19-01-2024,0.20756038,Cotton,01-11-2023
C022,19-03-2024,0.71016014,Cotton,01-11-2023
C022,19-05-2023,0.19749652,Cotton,01-11-2023
C022,20-11-2023,0.5251555,Cotton,01-11-2023
C022,21-10-2023,0.66176105,Cotton,01-11-2023
C022,23-02-2024,0.7454451,Cotton,01-11-2023
C022,23-04-2024,0.28472543,Cotton,01-11-2023
C022,24-01-2024,0.18827361,Cotton,01-11-2023
C022,24-03-2024,0.6359052,Cotton,01-11-2023
C022,24-05-2023,0.19290626,Cotton,01-11-2023
C022,25-11-2023,0.38931298,Cotton,01-11-2023
C022,25-12-2023,0.51222783,Cotton,01-11-2023
C022,26-10-2023,0.64377123,Cotton,01-11-2023
C022,28-02-2024,0.79944754,Cotton,01-11-2023
C022,29-05-2023,0.19317406,Cotton,01-11-2023
C022,30-12-2023,0.44560945,Cotton,01-11-2023
C024,01-09-2023,0.29347825,Cotton,01-11-2023
C024,01-10-2023,0.46932006,Cotton,01-11-2023
C024,03-02-2024,0.56723547,Cotton,01-11-2023
C024,03-04-2024,0.24032825,Cotton,01-11-2023
C024,04-01-2024,0.29222223,Cotton,01-11-2023
C024,04-03-2024,0.41686913,Cotton,01-11-2023
C024,05-11-2023,0.67380226,Cotton,01-11-2023
C024,08-04-2024,0.17711923,Cotton,01-11-2023
C024,08-06-2023,0.10836763,Cotton,01-11-2023
C024,09-01-2024,0.5180804,Cotton,01-11-2023
C024,09-03-2024,0.36531365,Cotton,01-11-2023
C024,09-05-2023,0.13135593,Cotton,01-11-2023
C024,10-11-2023,0.6102699,Cotton,01-11-2023
C024,10-12-2023,0.6240091,Cotton,01-11-2023
C024,11-10-2023,0.5766803,Cotton,01-11-2023
C024,13-04-2024,0.1971454,Cotton,01-11-2023
C024,13-06-2023,0.12827401,Cotton,01-11-2023
C024,14-01-2024,0.63146704,Cotton,01-11-2023
C024,14-03-2024,0.3500967,Cotton,01-11-2023
C024,14-05-2023,0.11231394,Cotton,01-11-2023
C024,15-11-2023,0.578177,Cotton,01-11-2023
C024,15-12-2023,0.5776119,Cotton,01-11-2023
C024,18-02-2024,0.4951326,Cotton,01-11-2023
C024,18-04-2024,0.16245006,Cotton,01-11-2023
C024,19-01-2024,0.55280685,Cotton,01-11-2023
C024,19-03-2024,0.3210893,Cotton,01-11-2023
C024,19-05-2023,0.122666664,Cotton,01-11-2023
C024,20-11-2023,0.5866103,Cotton,01-11-2023
C024,21-10-2023,0.6666667,Cotton,01-11-2023
C024,23-02-2024,0.46989527,Cotton,01-11-2023
C024,23-04-2024,0.17419355,Cotton,01-11-2023
C024,24-01-2024,0.5960133,Cotton,01-11-2023
C024,24-03-2024,0.27846536,Cotton,01-11-2023
C024,24-05-2023,0.10869565,Cotton,01-11-2023
C024,25-11-2023,0.39312756,Cotton,01-11-2023
C024,25-12-2023,0.58393884,Cotton,01-11-2023
C024,26-10-2023,0.66871166,Cotton,01-11-2023
C024,28-02-2024,0.47272062,Cotton,01-11-2023
C024,29-05-2023,0.1282392,Cotton,01-11-2023
C024,30-12-2023,0.50605327,Cotton,01-11-2023
C025,01-09-2023,0.60611445,Cotton,01-11-2023
C025,01-10-2023,0.71681416,Cotton,01-11-2023
C025,03-02-2024,0.21936148,Cotton,01-11-2023
C025,03-04-2024,0.36048064,Cotton,01-11-2023
C025,04-01-2024,0.25959367,Cotton,01-11-2023
C025,04-03-2024,0.29598507,Cotton,01-11-2023
C025,05-11-2023,0.64691126,Cotton,01-11-2023
C025,08-04-2024,0.39112905,Cotton,01-11-2023
C025,08-06-2023,0.125,Cotton,01-11-2023
C025,09-01-2024,0.43745583,Cotton,01-11-2023
C025,09-03-2024,0.3059514,Cotton,01-11-2023
C025,09-05-2023,0.16576819,Cotton,01-11-2023
C025,10-11-2023,0.6239211,Cotton,01-11-2023
C025,10-12-2023,0.615156,Cotton,01-11-2023
C025,11-10-2023,0.70463616,Cotton,01-11-2023
C025,13-04-2024,0.47784534,Cotton,01-11-2023
C025,13-06-2023,0.13064133,Cotton,01-11-2023
C025,14-01-2024,0.5111453,Cotton,01-11-2023
C025,14-03-2024,0.3860465,Cotton,01-11-2023
C025,14-05-2023,0.1770335,Cotton,01-11-2023
C025,15-11-2023,0.5661631,Cotton,01-11-2023
C025,15-12-2023,0.57654965,Cotton,01-11-2023
C025,18-02-2024,0.21237303,Cotton,01-11-2023
C025,18-04-2024,0.3050398,Cotton,01-11-2023
C025,19-01-2024,0.29366967,Cotton,01-11-2023
C025,19-03-2024,0.42286348,Cotton,01-11-2023
C025,19-05-2023,0.16633531,Cotton,01-11-2023
C025,20-11-2023,0.5500589,Cotton,01-11-2023
C025,21-10-2023,0.65388954,Cotton,01-11-2023
C025,23-02-2024,0.22193658,Cotton,01-11-2023
C025,23-04-2024,0.40675077,Cotton,01-11-2023
C025,24-01-2024,0.22779922,Cotton,01-11-2023
C025,24-03-2024,0.37254903,Cotton,01-11-2023
C025,24-05-2023,0.13509545,Cotton,01-11-2023
C025,25-11-2023,0.39464882,Cotton,01-11-2023
C025,25-12-2023,0.53328115,Cotton,01-11-2023
C025,26-10-2023,0.6378195,Cotton,01-11-2023
C025,28-02-2024,0.25773194,Cotton,01-11-2023
C025,29-05-2023,0.14773571,Cotton,01-11-2023
C025,30-12-2023,0.46976745,Cotton,01-11-2023
P001,01-04-2025,0.30639324,Paddy,01-10-2025
P001,01-05-2025,0.50142723,Paddy,01-10-2025
P001,02-03-2026,0.6106895,Paddy,01-10-2025
P001,02-06-2025,0.5007771,Paddy,01-10-2025
P001,02-11-2025,0.091027305,Paddy,01-10-2025
P001,02-12-2025,0.5740194,Paddy,01-10-2025
P001,05-02-2026,0.7662269,Paddy,01-10-2025
P001,05-06-2025,0.5380805,Paddy,01-10-2025
P001,07-03-2026,0.46557912,Paddy,01-10-2025
P001,07-11-2025,0.12147887,Paddy,01-10-2025
P001,07-12-2025,0.5980392,Paddy,01-10-2025
P001,08-10-2025,0.75098294,Paddy,01-10-2025
P001,09-11-2025,0.092731826,Paddy,01-10-2025
P001,10-06-2025,0.46579418,Paddy,01-10-2025
P001,11-05-2025,0.5244041,Paddy,01-10-2025
P001,12-11-2025,0.10191571,Paddy,01-10-2025
P001,13-05-2025,0.44340724,Paddy,01-10-2025
P001,13-09-2025,0.8494869,Paddy,01-10-2025
P001,13-10-2025,0.65666085,Paddy,01-10-2025
P001,15-02-2026,0.69292176,Paddy,01-10-2025
P001,16-04-2025,0.3344,Paddy,01-10-2025
P001,16-05-2025,0.47866136,Paddy,01-10-2025
P001,17-11-2025,0.12347561,Paddy,01-10-2025
P001,18-10-2025,0.23083739,Paddy,01-10-2025
P001,20-02-2026,0.6390359,Paddy,01-10-2025
P001,20-10-2025,0.15336323,Paddy,01-10-2025
P001,21-01-2026,0.7254902,Paddy,01-10-2025
P001,21-05-2025,0.55526656,Paddy,01-10-2025
P001,22-11-2025,0.2,Paddy,01-10-2025
P001,22-12-2025,0.13118474,Paddy,01-10-2025
P001,23-04-2025,0.5168486,Paddy,01-10-2025
P001,23-09-2025,0.8159645,Paddy,01-10-2025
P001,23-10-2025,0.13798219,Paddy,01-10-2025
P001,25-02-2026,0.60511106,Paddy,01-10-2025
P001,25-07-2025,0.1921497,Paddy,01-10-2025
P001,26-04-2025,0.54511744,Paddy,01-10-2025
P001,26-05-2025,0.5067212,Paddy,01-10-2025
P001,27-11-2025,0.35672516,Paddy,01-10-2025
P001,27-12-2025,0.43758416,Paddy,01-10-2025
P001,28-09-2025,0.6432681,Paddy,01-10-2025
P001,28-10-2025,0.12195122,Paddy,01-10-2025
P001,29-11-2025,0.41990668,Paddy,01-10-2025
P001,30-09-2025,0.68146217,Paddy,01-10-2025
P001,31-05-2025,0.47395834,Paddy,01-10-2025
P002,01-06-2022,0.08527789,Paddy,01-07-2022
P002,02-04-2022,0.38376385,Paddy,01-07-2022
P002,02-05-2022,0.15050167,Paddy,01-07-2022
P002,03-12-2022,0.12942877,Paddy,01-07-2022
P002,04-09-2022,0.88313854,Paddy,01-07-2022
P002,04-10-2022,0.82349867,Paddy,01-07-2022
P002,06-06-2022,0.07878788,Paddy,01-07-2022
P002,07-04-2022,0.26666668,Paddy,01-07-2022
P002,07-05-2022,0.11004785,Paddy,01-07-2022
P002,08-03-2022,0.8862559,Paddy,01-07-2022
P002,10-08-2022,0.9315804,Paddy,01-07-2022
P002,11-02-2022,0.87720054,Paddy,01-07-2022
P002,11-06-2022,0.056636404,Paddy,01-07-2022
P002,12-05-2022,0.13974896,Paddy,01-07-2022
P002,13-03-2022,0.86680436,Paddy,01-07-2022
P002,13-11-2022,0.077564634,Paddy,01-07-2022
P002,13-12-2022,0.42608696,Paddy,01-07-2022
P002,14-10-2022,0.5795103,Paddy,01-07-2022
P002,16-02-2022,0.8902539,Paddy,01-07-2022
P002,16-06-2022,0.05360281,Paddy,01-07-2022
P002,16-07-2022,0.09391304,Paddy,01-07-2022
P002,17-05-2022,0.15920852,Paddy,01-07-2022
P002,18-03-2022,0.8265014,Paddy,01-07-2022
P002,18-12-2022,0.4092579,Paddy,01-07-2022
P002,19-09-2022,0.8016291,Paddy,01-07-2022
P002,19-10-2022,0.5616766,Paddy,01-07-2022
P002,21-02-2022,0.9004182,Paddy,01-07-2022
P002,22-05-2022,0.10149942,Paddy,01-07-2022
P002,23-03-2022,0.7171717,Paddy,01-07-2022
P002,23-11-2022,0.11272141,Paddy,01-07-2022
P002,24-10-2022,0.46548903,Paddy,01-07-2022
P002,26-06-2022,0.004689332,Paddy,01-07-2022
P002,27-04-2022,0.15387413,Paddy,01-07-2022
P002,27-05-2022,0.10444874,Paddy,01-07-2022
P002,28-03-2022,0.51781654,Paddy,01-07-2022
P002,28-11-2022,0.10944936,Paddy,01-07-2022
P002,29-09-2022,0.7163636,Paddy,01-07-2022
P002,29-10-2022,0.27881885,Paddy,01-07-2022
P003,01-06-2022,0.0785124,Paddy,01-07-2022
P003,02-04-2022,0.49118388,Paddy,01-07-2022
P003,02-05-2022,0.12508735,Paddy,01-07-2022
P003,03-12-2022,0.135024,Paddy,01-07-2022
P003,04-09-2022,0.87481517,Paddy,01-07-2022
P003,04-10-2022,0.81100726,Paddy,01-07-2022
P003,06-06-2022,0.081980854,Paddy,01-07-2022
P003,07-04-2022,0.31014064,Paddy,01-07-2022
P003,07-05-2022,0.12655367,Paddy,01-07-2022
P003,08-03-2022,0.8883506,Paddy,01-07-2022
P003,10-08-2022,0.8981481,Paddy,01-07-2022
P003,11-02-2022,0.8681319,Paddy,01-07-2022
P003,11-06-2022,0.047538914,Paddy,01-07-2022
P003,12-05-2022,0.12230216,Paddy,01-07-2022
P003,13-03-2022,0.8959319,Paddy,01-07-2022
P003,13-11-2022,0.08763693,Paddy,01-07-2022
P003,13-12-2022,0.3382046,Paddy,01-07-2022
P003,14-10-2022,0.6035291,Paddy,01-07-2022
P003,16-02-2022,0.8892562,Paddy,01-07-2022
P003,16-06-2022,0.029964043,Paddy,01-07-2022
P003,16-07-2022,-0.010954617,Paddy,01-07-2022
P003,17-05-2022,0.13775356,Paddy,01-07-2022
P003,18-03-2022,0.9039156,Paddy,01-07-2022
P003,18-12-2022,0.37425148,Paddy,01-07-2022
P003,19-09-2022,0.7842993,Paddy,01-07-2022
P003,19-10-2022,0.5719753,Paddy,01-07-2022
P003,21-02-2022,0.8954591,Paddy,01-07-2022
P003,22-05-2022,0.08708025,Paddy,01-07-2022
P003,23-03-2022,0.810989,Paddy,01-07-2022
P003,23-11-2022,0.09912647,Paddy,01-07-2022
P003,24-10-2022,0.55206287,Paddy,01-07-2022
P003,26-06-2022,-0.037938025,Paddy,01-07-2022
P003,27-04-2022,0.147651,Paddy,01-07-2022
P003,27-05-2022,0.08981314,Paddy,01-07-2022
P003,28-03-2022,0.6028928,Paddy,01-07-2022
P003,28-11-2022,0.094017096,Paddy,01-07-2022
P003,29-09-2022,0.7081585,Paddy,01-07-2022
P003,29-10-2022,0.28733033,Paddy,01-07-2022
P004,01-06-2022,0.06903679,Paddy,01-07-2022
P004,02-04-2022,0.37235773,Paddy,01-07-2022
P004,02-05-2022,0.13176145,Paddy,01-07-2022
P004,03-12-2022,0.13179348,Paddy,01-07-2022
P004,04-09-2022,0.82051283,Paddy,01-07-2022
P004,04-10-2022,0.6217672,Paddy,01-07-2022
P004,06-06-2022,0.08151942,Paddy,01-07-2022
P004,07-04-2022,0.26484975,Paddy,01-07-2022
P004,07-05-2022,0.10933941,Paddy,01-07-2022
P004,08-03-2022,0.8725537,Paddy,01-07-2022
P004,10-08-2022,0.65553606,Paddy,01-07-2022
P004,11-02-2022,0.8622328,Paddy,01-07-2022
P004,11-06-2022,0.052543785,Paddy,01-07-2022
P004,12-05-2022,0.108312346,Paddy,01-07-2022
P004,13-03-2022,0.8555057,Paddy,01-07-2022
P004,13-11-2022,0.0962384,Paddy,01-07-2022
P004,13-12-2022,0.3201133,Paddy,01-07-2022
P004,14-10-2022,0.44127333,Paddy,01-07-2022
P004,16-02-2022,0.8815789,Paddy,01-07-2022
P004,16-06-2022,0.020106688,Paddy,01-07-2022
P004,16-07-2022,0.00561511,Paddy,01-07-2022
P004,17-05-2022,0.16408269,Paddy,01-07-2022
P004,18-03-2022,0.8638964,Paddy,01-07-2022
P004,18-12-2022,0.28838342,Paddy,01-07-2022
P004,19-09-2022,0.7427466,Paddy,01-07-2022
P004,19-10-2022,0.40511727,Paddy,01-07-2022
P004,21-02-2022,0.8908801,Paddy,01-07-2022
P004,22-05-2022,0.09478673,Paddy,01-07-2022
P004,23-03-2022,0.7181208,Paddy,01-07-2022
P004,23-11-2022,0.116883114,Paddy,01-07-2022
P004,24-10-2022,0.347876,Paddy,01-07-2022
P004,26-06-2022,0.046377923,Paddy,01-07-2022
P004,27-04-2022,0.14649454,Paddy,01-07-2022
P004,27-05-2022,0.08682074,Paddy,01-07-2022
P004,28-03-2022,0.5121436,Paddy,01-07-2022
P004,28-11-2022,0.08066581,Paddy,01-07-2022
P004,29-09-2022,0.65217394,Paddy,01-07-2022
P004,29-10-2022,0.23129837,Paddy,01-07-2022
P005,01-06-2022,0.088650964,Paddy,01-07-2022
P005,02-04-2022,0.500613,Paddy,01-07-2022
P005,02-05-2022,0.1522807,Paddy,01-07-2022
P005,03-12-2022,0.16334072,Paddy,01-07-2022
P005,04-09-2022,0.8843219,Paddy,01-07-2022
P005,04-10-2022,0.8327861,Paddy,01-07-2022
P005,06-06-2022,0.08699397,Paddy,01-07-2022
P005,07-04-2022,0.31282052,Paddy,01-07-2022
P005,07-05-2022,0.1325062,Paddy,01-07-2022
P005,08-03-2022,0.8973384,Paddy,01-07-2022
P005,10-08-2022,0.8999386,Paddy,01-07-2022
P005,11-02-2022,0.8636577,Paddy,01-07-2022
P005,11-06-2022,0.05543431,Paddy,01-07-2022
P005,12-05-2022,0.12757201,Paddy,01-07-2022
P005,13-03-2022,0.8946351,Paddy,01-07-2022
P005,13-11-2022,0.09264069,Paddy,01-07-2022
P005,13-12-2022,0.4654226,Paddy,01-07-2022
P005,14-10-2022,0.5945946,Paddy,01-07-2022
P005,16-02-2022,0.87774956,Paddy,01-07-2022
P005,16-06-2022,0.12875319,Paddy,01-07-2022
P005,16-07-2022,0.057971016,Paddy,01-07-2022
P005,17-05-2022,0.16126736,Paddy,01-07-2022
P005,18-03-2022,0.91294765,Paddy,01-07-2022
P005,18-12-2022,0.44477612,Paddy,01-07-2022
P005,19-09-2022,0.7966265,Paddy,01-07-2022
P005,19-10-2022,0.54989874,Paddy,01-07-2022
P005,21-02-2022,0.8938349,Paddy,01-07-2022
P005,22-05-2022,0.086001255,Paddy,01-07-2022
P005,23-03-2022,0.8236422,Paddy,01-07-2022
P005,23-11-2022,0.12644663,Paddy,01-07-2022
P005,24-10-2022,0.4982079,Paddy,01-07-2022
P005,26-06-2022,-0.005847953,Paddy,01-07-2022
P005,27-04-2022,0.15412906,Paddy,01-07-2022
P005,27-05-2022,0.08999371,Paddy,01-07-2022
P005,28-03-2022,0.629532,Paddy,01-07-2022
P005,28-11-2022,0.10161177,Paddy,01-07-2022
P005,29-09-2022,0.72324723,Paddy,01-07-2022
P005,29-10-2022,0.2813212,Paddy,01-07-2022
P006,01-06-2022,0.074886225,Paddy,01-07-2022
P006,02-04-2022,0.39344895,Paddy,01-07-2022
P006,02-05-2022,0.1411803,Paddy,01-07-2022
P006,03-12-2022,0.13356401,Paddy,01-07-2022
P006,04-09-2022,0.86750615,Paddy,01-07-2022
P006,04-10-2022,0.7865109,Paddy,01-07-2022
P006,06-06-2022,0.07387083,Paddy,01-07-2022
P006,07-04-2022,0.253866,Paddy,01-07-2022
P006,07-05-2022,0.11914324,Paddy,01-07-2022
P006,08-03-2022,0.8905473,Paddy,01-07-2022
P006,10-08-2022,0.82106376,Paddy,01-07-2022
P006,11-02-2022,0.87046844,Paddy,01-07-2022
P006,11-06-2022,0.052540913,Paddy,01-07-2022
P006,12-05-2022,0.1328935,Paddy,01-07-2022
P006,13-03-2022,0.8835799,Paddy,01-07-2022
P006,13-11-2022,0.0892562,Paddy,01-07-2022
P006,13-12-2022,0.3788131,Paddy,01-07-2022
P006,14-10-2022,0.48280683,Paddy,01-07-2022
P006,16-02-2022,0.8874068,Paddy,01-07-2022
P006,16-06-2022,0.041463416,Paddy,01-07-2022
P006,16-07-2022,0.013869626,Paddy,01-07-2022
P006,17-05-2022,0.19151847,Paddy,01-07-2022
P006,18-03-2022,0.8556348,Paddy,01-07-2022
P006,18-12-2022,0.3639604,Paddy,01-07-2022
P006,19-09-2022,0.7948459,Paddy,01-07-2022
P006,19-10-2022,0.4295302,Paddy,01-07-2022
P006,21-02-2022,0.9000382,Paddy,01-07-2022
P006,22-05-2022,0.09704641,Paddy,01-07-2022
P006,23-03-2022,0.7710652,Paddy,01-07-2022
P006,23-11-2022,0.12330946,Paddy,01-07-2022
P006,24-10-2022,0.38909775,Paddy,01-07-2022
P006,26-06-2022,0.041366223,Paddy,01-07-2022
P006,27-04-2022,0.13960114,Paddy,01-07-2022
P006,27-05-2022,0.088570595,Paddy,01-07-2022
P006,28-03-2022,0.55898124,Paddy,01-07-2022
P006,28-11-2022,0.09222662,Paddy,01-07-2022
P006,29-09-2022,0.69860375,Paddy,01-07-2022
P006,29-10-2022,0.23598681,Paddy,01-07-2022
P007,01-06-2022,0.15346882,Paddy,01-07-2022
P007,02-04-2022,0.49056605,Paddy,01-07-2022
P007,02-05-2022,0.16350365,Paddy,01-07-2022
P007,03-12-2022,0.16747071,Paddy,01-07-2022
P007,04-09-2022,0.8436393,Paddy,01-07-2022
P007,04-10-2022,0.69497967,Paddy,01-07-2022
P007,06-06-2022,0.122503325,Paddy,01-07-2022
P007,07-04-2022,0.2888889,Paddy,01-07-2022
P007,07-05-2022,0.08484006,Paddy,01-07-2022
P007,08-03-2022,0.8830109,Paddy,01-07-2022
P007,10-08-2022,0.9045541,Paddy,01-07-2022
P007,11-02-2022,0.87419766,Paddy,01-07-2022
P007,11-06-2022,0.064643055,Paddy,01-07-2022
P007,12-05-2022,0.084721215,Paddy,01-07-2022
P007,13-03-2022,0.89569813,Paddy,01-07-2022
P007,13-11-2022,0.10538287,Paddy,01-07-2022
P007,13-12-2022,0.34887275,Paddy,01-07-2022
P007,14-10-2022,0.47572815,Paddy,01-07-2022
P007,16-02-2022,0.8726443,Paddy,01-07-2022
P007,16-06-2022,0.1291866,Paddy,01-07-2022
P007,16-07-2022,0.47936085,Paddy,01-07-2022
P007,17-05-2022,0.12899263,Paddy,01-07-2022
P007,18-03-2022,0.8859424,Paddy,01-07-2022
P007,18-12-2022,0.40229884,Paddy,01-07-2022
P007,19-09-2022,0.75227165,Paddy,01-07-2022
P007,19-10-2022,0.4471724,Paddy,01-07-2022
P007,21-02-2022,0.8878174,Paddy,01-07-2022
P007,22-05-2022,0.084632516,Paddy,01-07-2022
P007,23-03-2022,0.7918022,Paddy,01-07-2022
P007,23-11-2022,0.12710567,Paddy,01-07-2022
P007,24-10-2022,0.45741716,Paddy,01-07-2022
P007,26-06-2022,-0.008025683,Paddy,01-07-2022
P007,27-04-2022,0.1539982,Paddy,01-07-2022
P007,27-05-2022,0.16792738,Paddy,01-07-2022
P007,28-03-2022,0.60508704,Paddy,01-07-2022
P007,28-11-2022,0.11978822,Paddy,01-07-2022
P007,29-09-2022,0.67415464,Paddy,01-07-2022
P007,29-10-2022,0.3080481,Paddy,01-07-2022
P008,01-06-2022,0.054784514,Paddy,01-07-2022
P008,02-04-2022,0.3445513,Paddy,01-07-2022
P008,02-05-2022,0.14958863,Paddy,01-07-2022
P008,03-12-2022,0.28438744,Paddy,01-07-2022
P008,04-09-2022,0.86725664,Paddy,01-07-2022
P008,04-10-2022,0.6535811,Paddy,01-07-2022
P008,06-06-2022,0.05304944,Paddy,01-07-2022
P008,07-04-2022,0.25523663,Paddy,01-07-2022
P008,07-05-2022,0.15420929,Paddy,01-07-2022
P008,08-03-2022,0.8652652,Paddy,01-07-2022
P008,10-08-2022,0.8862983,Paddy,01-07-2022
P008,11-02-2022,0.87327343,Paddy,01-07-2022
P008,11-06-2022,0.022895126,Paddy,01-07-2022
P008,12-05-2022,0.13467048,Paddy,01-07-2022
P008,13-03-2022,0.85528,Paddy,01-07-2022
P008,13-11-2022,0.09290417,Paddy,01-07-2022
P008,13-12-2022,0.6823315,Paddy,01-07-2022
P008,14-10-2022,0.41183648,Paddy,01-07-2022
P008,16-02-2022,0.87995887,Paddy,01-07-2022
P008,16-06-2022,0.033175357,Paddy,01-07-2022
P008,16-07-2022,0.36087912,Paddy,01-07-2022
P008,17-05-2022,0.06993737,Paddy,01-07-2022
P008,18-03-2022,0.85760903,Paddy,01-07-2022
P008,18-12-2022,0.59545183,Paddy,01-07-2022
P008,19-09-2022,0.7627754,Paddy,01-07-2022
P008,19-10-2022,0.280857,Paddy,01-07-2022
P008,21-02-2022,0.9014737,Paddy,01-07-2022
P008,22-05-2022,0.072375126,Paddy,01-07-2022
P008,23-03-2022,0.70904326,Paddy,01-07-2022
P008,23-11-2022,0.18218085,Paddy,01-07-2022
P008,24-10-2022,0.2622449,Paddy,01-07-2022
P008,26-06-2022,-0.0400682,Paddy,01-07-2022
P008,27-04-2022,0.16531575,Paddy,01-07-2022
P008,27-05-2022,0.012244898,Paddy,01-07-2022
P008,28-03-2022,0.50359243,Paddy,01-07-2022
P008,28-11-2022,0.22033899,Paddy,01-07-2022
P008,29-09-2022,0.66651183,Paddy,01-07-2022
P008,29-10-2022,0.21938586,Paddy,01-07-2022
P009,01-06-2022,0.09481216,Paddy,01-07-2022
P009,02-04-2022,0.55860955,Paddy,01-07-2022
P009,02-05-2022,0.19350812,Paddy,01-07-2022
P009,03-12-2022,0.12869823,Paddy,01-07-2022
P009,04-09-2022,0.88116306,Paddy,01-07-2022
P009,04-10-2022,0.8572549,Paddy,01-07-2022
P009,06-06-2022,0.074433655,Paddy,01-07-2022
P009,07-04-2022,0.3583461,Paddy,01-07-2022
P009,07-05-2022,0.15115044,Paddy,01-07-2022
P009,08-03-2022,0.8895481,Paddy,01-07-2022
P009,10-08-2022,0.8366429,Paddy,01-07-2022
P009,11-02-2022,0.85048544,Paddy,01-07-2022
P009,11-06-2022,0.041929927,Paddy,01-07-2022
P009,12-05-2022,0.14995314,Paddy,01-07-2022
P009,13-03-2022,0.9075064,Paddy,01-07-2022
P009,13-11-2022,0.121212125,Paddy,01-07-2022
P009,13-12-2022,0.20556414,Paddy,01-07-2022
P009,14-10-2022,0.7054583,Paddy,01-07-2022
P009,16-02-2022,0.8797426,Paddy,01-07-2022
P009,16-06-2022,0.04950495,Paddy,01-07-2022
P009,16-07-2022,0.17385258,Paddy,01-07-2022
P009,17-05-2022,0.17694478,Paddy,01-07-2022
P009,18-03-2022,0.9288793,Paddy,01-07-2022
P009,18-12-2022,0.21508935,Paddy,01-07-2022
P009,19-09-2022,0.8001959,Paddy,01-07-2022
P009,19-10-2022,0.6745182,Paddy,01-07-2022
P009,21-02-2022,0.89455926,Paddy,01-07-2022
P009,22-05-2022,0.100354195,Paddy,01-07-2022
P009,23-03-2022,0.82818294,Paddy,01-07-2022
P009,23-11-2022,0.14710744,Paddy,01-07-2022
P009,24-10-2022,0.6624585,Paddy,01-07-2022
P009,26-06-2022,0.005423446,Paddy,01-07-2022
P009,27-04-2022,0.20753138,Paddy,01-07-2022
P009,27-05-2022,0.06368409,Paddy,01-07-2022
P009,28-03-2022,0.64115757,Paddy,01-07-2022
P009,28-11-2022,0.10565781,Paddy,01-07-2022
P009,29-09-2022,0.7249766,Paddy,01-07-2022
P009,29-10-2022,0.40312877,Paddy,01-07-2022
P010,01-06-2022,0.072611466,Paddy,01-07-2022
P010,02-04-2022,0.5515481,Paddy,01-07-2022
P010,02-05-2022,0.12428497,Paddy,01-07-2022
P010,03-12-2022,0.21179625,Paddy,01-07-2022
P010,04-09-2022,0.85365856,Paddy,01-07-2022
P010,04-10-2022,0.62533545,Paddy,01-07-2022
P010,06-06-2022,0.05853953,Paddy,01-07-2022
P010,07-04-2022,0.31362653,Paddy,01-07-2022
P010,07-05-2022,0.13246848,Paddy,01-07-2022
P010,08-03-2022,0.89111364,Paddy,01-07-2022
P010,10-08-2022,0.89297473,Paddy,01-07-2022
P010,11-02-2022,0.87169814,Paddy,01-07-2022
P010,11-06-2022,0.05922663,Paddy,01-07-2022
P010,12-05-2022,0.14074074,Paddy,01-07-2022
P010,13-03-2022,0.8908837,Paddy,01-07-2022
P010,13-11-2022,0.0787037,Paddy,01-07-2022
P010,13-12-2022,0.53589165,Paddy,01-07-2022
P010,14-10-2022,0.46623448,Paddy,01-07-2022
P010,16-02-2022,0.91626245,Paddy,01-07-2022
P010,16-06-2022,0.05986696,Paddy,01-07-2022
P010,16-07-2022,0.16514255,Paddy,01-07-2022
P010,17-05-2022,0.058438286,Paddy,01-07-2022
P010,18-03-2022,0.9181512,Paddy,01-07-2022
P010,18-12-2022,0.4716981,Paddy,01-07-2022
P010,19-09-2022,0.76176536,Paddy,01-07-2022
P010,19-10-2022,0.26698565,Paddy,01-07-2022
P010,21-02-2022,0.9035533,Paddy,01-07-2022
P010,22-05-2022,0.07669021,Paddy,01-07-2022
P010,23-03-2022,0.8235294,Paddy,01-07-2022
P010,23-11-2022,0.14315282,Paddy,01-07-2022
P010,24-10-2022,0.2628239,Paddy,01-07-2022
P010,26-06-2022,0.135255,Paddy,01-07-2022
P010,27-04-2022,0.15897776,Paddy,01-07-2022
P010,27-05-2022,0.020301245,Paddy,01-07-2022
P010,28-03-2022,0.64253896,Paddy,01-07-2022
P010,28-11-2022,0.1448718,Paddy,01-07-2022
P010,29-09-2022,0.64093596,Paddy,01-07-2022
P010,29-10-2022,0.20175613,Paddy,01-07-2022
P011,01-06-2022,0.07091056,Paddy,01-07-2022
P011,02-04-2022,0.3779592,Paddy,01-07-2022
P011,02-05-2022,0.1672,Paddy,01-07-2022
P011,03-12-2022,0.15513474,Paddy,01-07-2022
P011,04-09-2022,0.87010014,Paddy,01-07-2022
P011,04-10-2022,0.7000292,Paddy,01-07-2022
P011,06-06-2022,0.061344538,Paddy,01-07-2022
P011,07-04-2022,0.28931364,Paddy,01-07-2022
P011,07-05-2022,0.15083334,Paddy,01-07-2022
P011,08-03-2022,0.8622449,Paddy,01-07-2022
P011,10-08-2022,0.8460421,Paddy,01-07-2022
P011,11-02-2022,0.8681319,Paddy,01-07-2022
P011,11-06-2022,0.034538154,Paddy,01-07-2022
P011,12-05-2022,0.15502556,Paddy,01-07-2022
P011,13-03-2022,0.8648583,Paddy,01-07-2022
P011,13-11-2022,0.08163265,Paddy,01-07-2022
P011,13-12-2022,0.45762712,Paddy,01-07-2022
P011,14-10-2022,0.42190304,Paddy,01-07-2022
P011,16-02-2022,0.8917584,Paddy,01-07-2022
P011,16-06-2022,0.039255597,Paddy,01-07-2022
P011,16-07-2022,0.14103472,Paddy,01-07-2022
P011,17-05-2022,0.08047995,Paddy,01-07-2022
P011,18-03-2022,0.8551686,Paddy,01-07-2022
P011,18-12-2022,0.40927693,Paddy,01-07-2022
P011,19-09-2022,0.7723767,Paddy,01-07-2022
P011,19-10-2022,0.27520204,Paddy,01-07-2022
P011,21-02-2022,0.90111303,Paddy,01-07-2022
P011,22-05-2022,0.085872576,Paddy,01-07-2022
P011,23-03-2022,0.6975228,Paddy,01-07-2022
P011,23-11-2022,0.13338357,Paddy,01-07-2022
P011,24-10-2022,0.23310079,Paddy,01-07-2022
P011,26-06-2022,0.006325475,Paddy,01-07-2022
P011,27-04-2022,0.17954724,Paddy,01-07-2022
P011,27-05-2022,0.043911703,Paddy,01-07-2022
P011,28-03-2022,0.51891893,Paddy,01-07-2022
P011,28-11-2022,0.113958195,Paddy,01-07-2022
P011,29-09-2022,0.6826836,Paddy,01-07-2022
P011,29-10-2022,0.2080758,Paddy,01-07-2022
P012,01-06-2022,0.085020244,Paddy,01-07-2022
P012,02-04-2022,0.46594006,Paddy,01-07-2022
P012,02-05-2022,0.16332167,Paddy,01-07-2022
P012,03-12-2022,0.111893035,Paddy,01-07-2022
P012,04-09-2022,0.8718072,Paddy,01-07-2022
P012,04-10-2022,0.83124286,Paddy,01-07-2022
P012,06-06-2022,0.07160494,Paddy,01-07-2022
P012,07-04-2022,0.33086875,Paddy,01-07-2022
P012,07-05-2022,0.14714047,Paddy,01-07-2022
P012,08-03-2022,0.8877209,Paddy,01-07-2022
P012,10-08-2022,0.86065835,Paddy,01-07-2022
P012,11-02-2022,0.8513029,Paddy,01-07-2022
P012,11-06-2022,0.068249255,Paddy,01-07-2022
P012,12-05-2022,0.12458361,Paddy,01-07-2022
P012,13-03-2022,0.8988891,Paddy,01-07-2022
P012,13-11-2022,0.12511091,Paddy,01-07-2022
P012,13-12-2022,0.21762249,Paddy,01-07-2022
P012,14-10-2022,0.67058825,Paddy,01-07-2022
P012,16-02-2022,0.89736414,Paddy,01-07-2022
P012,16-06-2022,0.04947283,Paddy,01-07-2022
P012,16-07-2022,0.008343265,Paddy,01-07-2022
P012,17-05-2022,0.13664056,Paddy,01-07-2022
P012,18-03-2022,0.9046643,Paddy,01-07-2022
P012,18-12-2022,0.22055954,Paddy,01-07-2022
P012,19-09-2022,0.7839308,Paddy,01-07-2022
P012,19-10-2022,0.6408602,Paddy,01-07-2022
P012,21-02-2022,0.8922914,Paddy,01-07-2022
P012,22-05-2022,0.1026971,Paddy,01-07-2022
P012,23-03-2022,0.69673455,Paddy,01-07-2022
P012,23-11-2022,0.11583924,Paddy,01-07-2022
P012,24-10-2022,0.5902649,Paddy,01-07-2022
P012,26-06-2022,0.03397067,Paddy,01-07-2022
P012,27-04-2022,0.18121363,Paddy,01-07-2022
P012,27-05-2022,0.09322865,Paddy,01-07-2022
P012,28-03-2022,0.52924985,Paddy,01-07-2022
P012,28-11-2022,0.0862186,Paddy,01-07-2022
P012,29-09-2022,0.7057057,Paddy,01-07-2022
P012,29-10-2022,0.37257144,Paddy,01-07-2022
P013,01-06-2022,0.063476235,Paddy,01-07-2022
P013,02-04-2022,0.39744452,Paddy,01-07-2022
P013,02-05-2022,0.12601303,Paddy,01-07-2022
P013,03-12-2022,0.14138818,Paddy,01-07-2022
P013,04-09-2022,0.8423746,Paddy,01-07-2022
P013,04-10-2022,0.9077591,Paddy,01-07-2022
P013,06-06-2022,0.07666329,Paddy,01-07-2022
P013,07-04-2022,0.2710882,Paddy,01-07-2022
P013,07-05-2022,0.13700254,Paddy,01-07-2022
P013,08-03-2022,0.8744686,Paddy,01-07-2022
P013,10-08-2022,0.3802221,Paddy,01-07-2022
P013,11-02-2022,0.82997763,Paddy,01-07-2022
P013,11-06-2022,0.044391733,Paddy,01-07-2022
P013,12-05-2022,0.17024463,Paddy,01-07-2022
P013,13-03-2022,0.88125783,Paddy,01-07-2022
P013,13-11-2022,0.13199724,Paddy,01-07-2022
P013,13-12-2022,0.24107793,Paddy,01-07-2022
P013,14-10-2022,0.73093486,Paddy,01-07-2022
P013,16-02-2022,0.8650707,Paddy,01-07-2022
P013,16-06-2022,0.02790396,Paddy,01-07-2022
P013,16-07-2022,0.021845452,Paddy,01-07-2022
P013,17-05-2022,0.1465913,Paddy,01-07-2022
P013,18-03-2022,0.88247806,Paddy,01-07-2022
P013,18-12-2022,0.2750565,Paddy,01-07-2022
P013,19-09-2022,0.8178473,Paddy,01-07-2022
P013,19-10-2022,0.6608066,Paddy,01-07-2022
P013,21-02-2022,0.8796225,Paddy,01-07-2022
P013,22-05-2022,0.10273973,Paddy,01-07-2022
P013,23-03-2022,0.78100497,Paddy,01-07-2022
P013,23-11-2022,0.1685879,Paddy,01-07-2022
P013,24-10-2022,0.5981231,Paddy,01-07-2022
P013,26-06-2022,0.043865226,Paddy,01-07-2022
P013,27-04-2022,0.17075832,Paddy,01-07-2022
P013,27-05-2022,0.06669208,Paddy,01-07-2022
P013,28-03-2022,0.5896835,Paddy,01-07-2022
P013,28-11-2022,0.11111111,Paddy,01-07-2022
P013,29-09-2022,0.7351111,Paddy,01-07-2022
P013,29-10-2022,0.3426423,Paddy,01-07-2022
P014,01-06-2022,0.5013961,Paddy,01-07-2022
P014,02-04-2022,0.59039545,Paddy,01-07-2022
P014,02-05-2022,0.22366652,Paddy,01-07-2022
P014,03-12-2022,0.13163336,Paddy,01-07-2022
P014,04-09-2022,0.87869966,Paddy,01-07-2022
P014,04-10-2022,0.8722897,Paddy,01-07-2022
P014,06-06-2022,0.7024694,Paddy,01-07-2022
P014,07-04-2022,0.54,Paddy,01-07-2022
P014,07-05-2022,0.31195337,Paddy,01-07-2022
P014,08-03-2022,0.7008959,Paddy,01-07-2022
P014,10-08-2022,0.5202822,Paddy,01-07-2022
P014,11-02-2022,0.64099526,Paddy,01-07-2022
P014,11-06-2022,0.5660459,Paddy,01-07-2022
P014,12-05-2022,0.4039671,Paddy,01-07-2022
P014,13-03-2022,0.7597065,Paddy,01-07-2022
P014,13-11-2022,0.1670061,Paddy,01-07-2022
P014,13-12-2022,0.28959626,Paddy,01-07-2022
P014,14-10-2022,0.73015875,Paddy,01-07-2022
P014,16-02-2022,0.6199095,Paddy,01-07-2022
P014,16-06-2022,0.8147014,Paddy,01-07-2022
P014,16-07-2022,0.7366682,Paddy,01-07-2022
P014,17-05-2022,0.529078,Paddy,01-07-2022
P014,18-03-2022,0.82476944,Paddy,01-07-2022
P014,18-12-2022,0.2869337,Paddy,01-07-2022
P014,19-09-2022,0.80488896,Paddy,01-07-2022
P014,19-10-2022,0.67046016,Paddy,01-07-2022
P014,21-02-2022,0.543617,Paddy,01-07-2022
P014,22-05-2022,0.31658292,Paddy,01-07-2022
P014,23-03-2022,0.7427548,Paddy,01-07-2022
P014,23-11-2022,0.13538821,Paddy,01-07-2022
P014,24-10-2022,0.6165803,Paddy,01-07-2022
P014,26-06-2022,0.69970894,Paddy,01-07-2022
P014,27-04-2022,0.24428572,Paddy,01-07-2022
P014,27-05-2022,0.5974643,Paddy,01-07-2022
P014,28-03-2022,0.5855962,Paddy,01-07-2022
P014,28-11-2022,0.082054704,Paddy,01-07-2022
P014,29-09-2022,0.72982156,Paddy,01-07-2022
P014,29-10-2022,0.3761658,Paddy,01-07-2022
P015,01-06-2022,0.04464832,Paddy,01-07-2022
P015,02-04-2022,0.5121951,Paddy,01-07-2022
P015,02-05-2022,0.1323693,Paddy,01-07-2022
P015,03-12-2022,0.3913669,Paddy,01-07-2022
P015,04-09-2022,0.8849619,Paddy,01-07-2022
P015,04-10-2022,0.6964742,Paddy,01-07-2022
P015,06-06-2022,0.07387247,Paddy,01-07-2022
P015,07-04-2022,0.34221599,Paddy,01-07-2022
P015,07-05-2022,0.14670211,Paddy,01-07-2022
P015,08-03-2022,0.9043082,Paddy,01-07-2022
P015,10-08-2022,0.9283462,Paddy,01-07-2022
P015,11-02-2022,0.8921792,Paddy,01-07-2022
P015,11-06-2022,0.054954953,Paddy,01-07-2022
P015,12-05-2022,0.12771392,Paddy,01-07-2022
P015,13-03-2022,0.8870475,Paddy,01-07-2022
P015,13-11-2022,0.10608424,Paddy,01-07-2022
P015,13-12-2022,0.7910632,Paddy,01-07-2022
P015,14-10-2022,0.43313155,Paddy,01-07-2022
P015,16-02-2022,0.9026485,Paddy,01-07-2022
P015,16-06-2022,0.020183487,Paddy,01-07-2022
P015,16-07-2022,0.47325844,Paddy,01-07-2022
P015,17-05-2022,0.10264687,Paddy,01-07-2022
P015,18-03-2022,0.86821896,Paddy,01-07-2022
P015,18-12-2022,0.70144784,Paddy,01-07-2022
P015,19-09-2022,0.7890366,Paddy,01-07-2022
P015,19-10-2022,0.25696594,Paddy,01-07-2022
P015,21-02-2022,0.90950066,Paddy,01-07-2022
P015,22-05-2022,0.07875354,Paddy,01-07-2022
P015,23-03-2022,0.80676603,Paddy,01-07-2022
P015,23-11-2022,0.21071288,Paddy,01-07-2022
P015,24-10-2022,0.2290204,Paddy,01-07-2022
P015,26-06-2022,0.09696434,Paddy,01-07-2022
P015,27-04-2022,0.1420205,Paddy,01-07-2022
P015,27-05-2022,0.010044195,Paddy,01-07-2022
P015,28-03-2022,0.6363636,Paddy,01-07-2022
P015,28-11-2022,0.24603175,Paddy,01-07-2022
P015,29-09-2022,0.70508915,Paddy,01-07-2022
P015,29-10-2022,0.19799139,Paddy,01-07-2022
P016,01-06-2022,0.07888631,Paddy,01-07-2022
P016,02-04-2022,0.49458483,Paddy,01-07-2022
P016,02-05-2022,0.17217788,Paddy,01-07-2022
P016,03-12-2022,0.16395494,Paddy,01-07-2022
P016,04-09-2022,0.8406504,Paddy,01-07-2022
P016,04-10-2022,0.7407407,Paddy,01-07-2022
P016,06-06-2022,0.08907254,Paddy,01-07-2022
P016,07-04-2022,0.30975857,Paddy,01-07-2022
P016,07-05-2022,0.15557306,Paddy,01-07-2022
P016,08-03-2022,0.87587494,Paddy,01-07-2022
P016,10-08-2022,0.8112957,Paddy,01-07-2022
P016,11-02-2022,0.8609524,Paddy,01-07-2022
P016,11-06-2022,0.093333334,Paddy,01-07-2022
P016,12-05-2022,0.12295326,Paddy,01-07-2022
P016,13-03-2022,0.8785731,Paddy,01-07-2022
P016,13-11-2022,0.09553265,Paddy,01-07-2022
P016,13-12-2022,0.44444445,Paddy,01-07-2022
P016,14-10-2022,0.47830987,Paddy,01-07-2022
P016,16-02-2022,0.89124006,Paddy,01-07-2022
P016,16-06-2022,0.1642979,Paddy,01-07-2022
P016,16-07-2022,0.030420711,Paddy,01-07-2022
P016,17-05-2022,0.060897436,Paddy,01-07-2022
P016,18-03-2022,0.85127634,Paddy,01-07-2022
P016,18-12-2022,0.44947302,Paddy,01-07-2022
P016,19-09-2022,0.7432366,Paddy,01-07-2022
P016,19-10-2022,0.41345602,Paddy,01-07-2022
P016,21-02-2022,0.8930481,Paddy,01-07-2022
P016,22-05-2022,0.08084023,Paddy,01-07-2022
P016,23-03-2022,0.78092307,Paddy,01-07-2022
P016,23-11-2022,0.13639143,Paddy,01-07-2022
P016,24-10-2022,0.2837518,Paddy,01-07-2022
P016,26-06-2022,0.07742728,Paddy,01-07-2022
P016,27-04-2022,0.16944392,Paddy,01-07-2022
P016,27-05-2022,0.07950571,Paddy,01-07-2022
P016,28-03-2022,0.60324395,Paddy,01-07-2022
P016,28-11-2022,0.11884058,Paddy,01-07-2022
P016,29-09-2022,0.6916705,Paddy,01-07-2022
P016,29-10-2022,0.20430633,Paddy,01-07-2022
P017,01-06-2022,0.07870874,Paddy,01-07-2022
P017,02-04-2022,0.395466,Paddy,01-07-2022
P017,02-05-2022,0.13770053,Paddy,01-07-2022
P017,03-12-2022,0.20016441,Paddy,01-07-2022
P017,04-09-2022,0.8511654,Paddy,01-07-2022
P017,04-10-2022,0.673633,Paddy,01-07-2022
P017,06-06-2022,0.09343795,Paddy,01-07-2022
P017,07-04-2022,0.26881722,Paddy,01-07-2022
P017,07-05-2022,0.14684288,Paddy,01-07-2022
P017,08-03-2022,0.88423955,Paddy,01-07-2022
P017,10-08-2022,0.84162754,Paddy,01-07-2022
P017,11-02-2022,0.8629867,Paddy,01-07-2022
P017,11-06-2022,0.07014218,Paddy,01-07-2022
P017,12-05-2022,0.11121495,Paddy,01-07-2022
P017,13-03-2022,0.85391486,Paddy,01-07-2022
P017,13-11-2022,0.11180512,Paddy,01-07-2022
P017,13-12-2022,0.5073069,Paddy,01-07-2022
P017,14-10-2022,0.44851658,Paddy,01-07-2022
P017,16-02-2022,0.89178747,Paddy,01-07-2022
P017,16-06-2022,0.08929406,Paddy,01-07-2022
P017,16-07-2022,0.33445755,Paddy,01-07-2022
P017,17-05-2022,0.09326311,Paddy,01-07-2022
P017,18-03-2022,0.7912395,Paddy,01-07-2022
P017,18-12-2022,0.4695975,Paddy,01-07-2022
P017,19-09-2022,0.740458,Paddy,01-07-2022
P017,19-10-2022,0.38607973,Paddy,01-07-2022
P017,21-02-2022,0.9004482,Paddy,01-07-2022
P017,22-05-2022,0.08609272,Paddy,01-07-2022
P017,23-03-2022,0.700369,Paddy,01-07-2022
P017,23-11-2022,0.16150081,Paddy,01-07-2022
P017,24-10-2022,0.2792527,Paddy,01-07-2022
P017,26-06-2022,0.017595308,Paddy,01-07-2022
P017,27-04-2022,0.15606162,Paddy,01-07-2022
P017,27-05-2022,0.06897237,Paddy,01-07-2022
P017,28-03-2022,0.5216939,Paddy,01-07-2022
P017,28-11-2022,0.18127382,Paddy,01-07-2022
P017,29-09-2022,0.67191845,Paddy,01-07-2022
P017,29-10-2022,0.14927049,Paddy,01-07-2022
P018,01-06-2022,0.113071375,Paddy,01-07-2022
P018,02-04-2022,0.5936255,Paddy,01-07-2022
P018,02-05-2022,0.15667312,Paddy,01-07-2022
P018,03-12-2022,0.13548388,Paddy,01-07-2022
P018,04-09-2022,0.86157024,Paddy,01-07-2022
P018,04-10-2022,0.65633017,Paddy,01-07-2022
P018,06-06-2022,0.11676083,Paddy,01-07-2022
P018,07-04-2022,0.40616623,Paddy,01-07-2022
P018,07-05-2022,0.15517971,Paddy,01-07-2022
P018,08-03-2022,0.90059984,Paddy,01-07-2022
P018,10-08-2022,0.8247896,Paddy,01-07-2022
P018,11-02-2022,0.86561996,Paddy,01-07-2022
P018,11-06-2022,0.118558556,Paddy,01-07-2022
P018,12-05-2022,0.10230692,Paddy,01-07-2022
P018,13-03-2022,0.8831141,Paddy,01-07-2022
P018,13-11-2022,0.08208955,Paddy,01-07-2022
P018,13-12-2022,0.36145952,Paddy,01-07-2022
P018,14-10-2022,0.49147588,Paddy,01-07-2022
P018,16-02-2022,0.8852068,Paddy,01-07-2022
P018,16-06-2022,0.19615522,Paddy,01-07-2022
P018,16-07-2022,-0.07702795,Paddy,01-07-2022
P018,17-05-2022,0.08815427,Paddy,01-07-2022
P018,18-03-2022,0.8349347,Paddy,01-07-2022
P018,18-12-2022,0.3768769,Paddy,01-07-2022
P018,19-09-2022,0.74875677,Paddy,01-07-2022
P018,19-10-2022,0.3506283,Paddy,01-07-2022
P018,21-02-2022,0.90316415,Paddy,01-07-2022
P018,22-05-2022,0.100353,Paddy,01-07-2022
P018,23-03-2022,0.79630697,Paddy,01-07-2022
P018,23-11-2022,0.11764706,Paddy,01-07-2022
P018,24-10-2022,0.20685959,Paddy,01-07-2022
P018,26-06-2022,0.6907299,Paddy,01-07-2022
P018,27-04-2022,0.14683816,Paddy,01-07-2022
P018,27-05-2022,0.11353432,Paddy,01-07-2022
P018,28-03-2022,0.64,Paddy,01-07-2022
P018,28-11-2022,0.09946237,Paddy,01-07-2022
P018,29-09-2022,0.66031414,Paddy,01-07-2022
P018,29-10-2022,0.097542815,Paddy,01-07-2022
P019,01-06-2022,0.07502131,Paddy,01-07-2022
P019,02-04-2022,0.43416104,Paddy,01-07-2022
P019,02-05-2022,0.19079894,Paddy,01-07-2022
P019,03-12-2022,0.15204287,Paddy,01-07-2022
P019,04-09-2022,0.8512397,Paddy,01-07-2022
P019,04-10-2022,0.87043893,Paddy,01-07-2022
P019,06-06-2022,0.14385556,Paddy,01-07-2022
P019,07-04-2022,0.2975265,Paddy,01-07-2022
P019,07-05-2022,0.17844018,Paddy,01-07-2022
P019,08-03-2022,0.8507463,Paddy,01-07-2022
P019,10-08-2022,0.35661924,Paddy,01-07-2022
P019,11-02-2022,0.82115483,Paddy,01-07-2022
P019,11-06-2022,0.0877193,Paddy,01-07-2022
P019,12-05-2022,0.13431014,Paddy,01-07-2022
P019,13-03-2022,0.847253,Paddy,01-07-2022
P019,13-11-2022,0.2131809,Paddy,01-07-2022
P019,13-12-2022,0.25809,Paddy,01-07-2022
P019,14-10-2022,0.6643216,Paddy,01-07-2022
P019,16-02-2022,0.84542435,Paddy,01-07-2022
P019,16-06-2022,0.063360885,Paddy,01-07-2022
P019,16-07-2022,0.46156818,Paddy,01-07-2022
P019,17-05-2022,0.10664928,Paddy,01-07-2022
P019,18-03-2022,0.81260943,Paddy,01-07-2022
P019,18-12-2022,0.3357297,Paddy,01-07-2022
P019,19-09-2022,0.77155364,Paddy,01-07-2022
P019,19-10-2022,0.6883671,Paddy,01-07-2022
P019,21-02-2022,0.8651067,Paddy,01-07-2022
P019,22-05-2022,0.07009096,Paddy,01-07-2022
P019,23-03-2022,0.73801094,Paddy,01-07-2022
P019,23-11-2022,0.1328069,Paddy,01-07-2022
P019,24-10-2022,0.67606515,Paddy,01-07-2022
P019,26-06-2022,0.31382766,Paddy,01-07-2022
P019,27-04-2022,0.1921928,Paddy,01-07-2022
P019,27-05-2022,0.089855075,Paddy,01-07-2022
P019,28-03-2022,0.5795343,Paddy,01-07-2022
P019,28-11-2022,0.117832385,Paddy,01-07-2022
P019,29-09-2022,0.72240037,Paddy,01-07-2022
P019,29-10-2022,0.3803145,Paddy,01-07-2022
P020,01-06-2022,0.083217755,Paddy,01-07-2022
P020,02-04-2022,0.37636283,Paddy,01-07-2022
P020,02-05-2022,0.15,Paddy,01-07-2022
P020,03-12-2022,0.17343578,Paddy,01-07-2022
P020,04-09-2022,0.85714287,Paddy,01-07-2022
P020,04-10-2022,0.7699714,Paddy,01-07-2022
P020,06-06-2022,0.075898804,Paddy,01-07-2022
P020,07-04-2022,0.23824209,Paddy,01-07-2022
P020,07-05-2022,0.14640015,Paddy,01-07-2022
P020,08-03-2022,0.87598425,Paddy,01-07-2022
P020,10-08-2022,0.86777776,Paddy,01-07-2022
P020,11-02-2022,0.86841464,Paddy,01-07-2022
P020,11-06-2022,0.08753773,Paddy,01-07-2022
P020,12-05-2022,0.10548926,Paddy,01-07-2022
P020,13-03-2022,0.8448681,Paddy,01-07-2022
P020,13-11-2022,0.12307692,Paddy,01-07-2022
P020,13-12-2022,0.24778157,Paddy,01-07-2022
P020,14-10-2022,0.48087877,Paddy,01-07-2022
P020,16-02-2022,0.88235295,Paddy,01-07-2022
P020,16-06-2022,0.0505137,Paddy,01-07-2022
P020,16-07-2022,0.30097088,Paddy,01-07-2022
P020,17-05-2022,0.080658436,Paddy,01-07-2022
P020,18-03-2022,0.7772136,Paddy,01-07-2022
P020,18-12-2022,0.29482552,Paddy,01-07-2022
P020,19-09-2022,0.75268316,Paddy,01-07-2022
P020,19-10-2022,0.4298441,Paddy,01-07-2022
P020,21-02-2022,0.89881796,Paddy,01-07-2022
P020,22-05-2022,0.08513576,Paddy,01-07-2022
P020,23-03-2022,0.68834,Paddy,01-07-2022
P020,23-11-2022,0.14846502,Paddy,01-07-2022
P020,24-10-2022,0.29776084,Paddy,01-07-2022
P020,26-06-2022,0.015598753,Paddy,01-07-2022
P020,27-04-2022,0.14934374,Paddy,01-07-2022
P020,27-05-2022,0.06323185,Paddy,01-07-2022
P020,28-03-2022,0.5008726,Paddy,01-07-2022
P020,28-11-2022,0.14415322,Paddy,01-07-2022
P020,29-09-2022,0.6949459,Paddy,01-07-2022
P020,29-10-2022,0.17811048,Paddy,01-07-2022
P021,01-06-2022,0.11708587,Paddy,01-07-2022
P021,02-04-2022,0.53290325,Paddy,01-07-2022
P021,02-05-2022,0.13332318,Paddy,01-07-2022
P021,03-12-2022,0.12878254,Paddy,01-07-2022
P021,04-09-2022,0.85944766,Paddy,01-07-2022
P021,04-10-2022,0.74358976,Paddy,01-07-2022
P021,06-06-2022,0.19432048,Paddy,01-07-2022
P021,07-04-2022,0.33435115,Paddy,01-07-2022
P021,07-05-2022,0.14231259,Paddy,01-07-2022
P021,08-03-2022,0.8910155,Paddy,01-07-2022
P021,10-08-2022,0.87123007,Paddy,01-07-2022
P021,11-02-2022,0.8545292,Paddy,01-07-2022
P021,11-06-2022,0.08101157,Paddy,01-07-2022
P021,12-05-2022,0.16786227,Paddy,01-07-2022
P021,13-03-2022,0.88355845,Paddy,01-07-2022
P021,13-11-2022,0.208,Paddy,01-07-2022
P021,13-12-2022,0.195056,Paddy,01-07-2022
P021,14-10-2022,0.50323975,Paddy,01-07-2022
P021,16-02-2022,0.88011134,Paddy,01-07-2022
P021,16-06-2022,0.10531136,Paddy,01-07-2022
P021,16-07-2022,-0.007782101,Paddy,01-07-2022
P021,17-05-2022,0.12024103,Paddy,01-07-2022
P021,18-03-2022,0.82707995,Paddy,01-07-2022
P021,18-12-2022,0.24409449,Paddy,01-07-2022
P021,19-09-2022,0.753876,Paddy,01-07-2022
P021,19-10-2022,0.45365322,Paddy,01-07-2022
P021,21-02-2022,0.89557594,Paddy,01-07-2022
P021,22-05-2022,0.09425015,Paddy,01-07-2022
P021,23-03-2022,0.78427553,Paddy,01-07-2022
P021,23-11-2022,0.115156315,Paddy,01-07-2022
P021,24-10-2022,0.2880649,Paddy,01-07-2022
P021,26-06-2022,0.028343024,Paddy,01-07-2022
P021,27-04-2022,0.17443408,Paddy,01-07-2022
P021,27-05-2022,0.1032839,Paddy,01-07-2022
P021,28-03-2022,0.62407035,Paddy,01-07-2022
P021,28-11-2022,0.09463931,Paddy,01-07-2022
P021,29-09-2022,0.70181817,Paddy,01-07-2022
P021,29-10-2022,0.23014669,Paddy,01-07-2022
P022,01-06-2022,0.09351306,Paddy,01-07-2022
P022,02-04-2022,0.5726126,Paddy,01-07-2022
P022,02-05-2022,0.18950212,Paddy,01-07-2022
P022,03-12-2022,0.15903307,Paddy,01-07-2022
P022,04-09-2022,0.85091746,Paddy,01-07-2022
P022,04-10-2022,0.7974227,Paddy,01-07-2022
P022,06-06-2022,0.12923463,Paddy,01-07-2022
P022,07-04-2022,0.36235955,Paddy,01-07-2022
P022,07-05-2022,0.1709034,Paddy,01-07-2022
P022,08-03-2022,0.87328845,Paddy,01-07-2022
P022,10-08-2022,0.8439878,Paddy,01-07-2022
P022,11-02-2022,0.8397566,Paddy,01-07-2022
P022,11-06-2022,0.09600863,Paddy,01-07-2022
P022,12-05-2022,0.11660777,Paddy,01-07-2022
P022,13-03-2022,0.8883633,Paddy,01-07-2022
P022,13-11-2022,0.1030303,Paddy,01-07-2022
P022,13-12-2022,0.43302754,Paddy,01-07-2022
P022,14-10-2022,0.4943518,Paddy,01-07-2022
P022,16-02-2022,0.8745134,Paddy,01-07-2022
P022,16-06-2022,0.102211595,Paddy,01-07-2022
P022,16-07-2022,-0.032173343,Paddy,01-07-2022
P022,17-05-2022,0.10392292,Paddy,01-07-2022
P022,18-03-2022,0.8518519,Paddy,01-07-2022
P022,18-12-2022,0.42206895,Paddy,01-07-2022
P022,19-09-2022,0.76549,Paddy,01-07-2022
P022,19-10-2022,0.4449388,Paddy,01-07-2022
P022,21-02-2022,0.8763441,Paddy,01-07-2022
P022,22-05-2022,0.08002303,Paddy,01-07-2022
P022,23-03-2022,0.80243903,Paddy,01-07-2022
P022,23-11-2022,0.122634895,Paddy,01-07-2022
P022,24-10-2022,0.3082156,Paddy,01-07-2022
P022,26-06-2022,0.0949388,Paddy,01-07-2022
P022,27-04-2022,0.18121062,Paddy,01-07-2022
P022,27-05-2022,0.0703259,Paddy,01-07-2022
P022,28-03-2022,0.6487985,Paddy,01-07-2022
P022,28-11-2022,0.11851377,Paddy,01-07-2022
P022,29-09-2022,0.6253889,Paddy,01-07-2022
P022,29-10-2022,0.23309788,Paddy,01-07-2022
P023,01-06-2022,0.11090226,Paddy,01-08-2022
P023,02-04-2022,0.46194318,Paddy,01-08-2022
P023,02-05-2022,0.14033039,Paddy,01-08-2022
P023,03-12-2022,0.110485576,Paddy,01-08-2022
P023,04-09-2022,0.85676944,Paddy,01-08-2022
P023,04-10-2022,0.8020552,Paddy,01-08-2022
P023,06-06-2022,0.08921933,Paddy,01-08-2022
P023,07-04-2022,0.30239004,Paddy,01-08-2022
P023,07-05-2022,0.12365416,Paddy,01-08-2022
P023,08-03-2022,0.87439615,Paddy,01-08-2022
P023,10-08-2022,0.898595,Paddy,01-08-2022
P023,11-02-2022,0.814346,Paddy,01-08-2022
P023,11-06-2022,0.057481352,Paddy,01-08-2022
P023,12-05-2022,0.12130915,Paddy,01-08-2022
P023,13-03-2022,0.880292,Paddy,01-08-2022
P023,13-11-2022,0.14259765,Paddy,01-08-2022
P023,13-12-2022,0.19250697,Paddy,01-08-2022
P023,14-10-2022,0.6002104,Paddy,01-08-2022
P023,16-02-2022,0.85451907,Paddy,01-08-2022
P023,16-06-2022,0.09152542,Paddy,01-08-2022
P023,16-07-2022,0.10798122,Paddy,01-08-2022
P023,17-01-2023,0.814077,Paddy,01-08-2022
P023,17-05-2022,0.21059376,Paddy,01-08-2022
P023,18-03-2022,0.87068063,Paddy,01-08-2022
P023,18-12-2022,0.22493225,Paddy,01-08-2022
P023,19-09-2022,0.7576703,Paddy,01-08-2022
P023,19-10-2022,0.5837958,Paddy,01-08-2022
P023,21-02-2022,0.87592816,Paddy,01-08-2022
P023,22-01-2023,0.7871214,Paddy,01-08-2022
P023,22-05-2022,0.09823678,Paddy,01-08-2022
P023,23-03-2022,0.77961594,Paddy,01-08-2022
P023,23-11-2022,0.13907285,Paddy,01-08-2022
P023,24-10-2022,0.55014837,Paddy,01-08-2022
P023,26-06-2022,0.005730659,Paddy,01-08-2022
P023,27-01-2023,0.8694925,Paddy,01-08-2022
P023,27-04-2022,0.20016646,Paddy,01-08-2022
P023,27-05-2022,0.09848879,Paddy,01-08-2022
P023,28-03-2022,0.6029457,Paddy,01-08-2022
P023,28-11-2022,0.09300747,Paddy,01-08-2022
P023,29-09-2022,0.7025393,Paddy,01-08-2022
P023,29-10-2022,0.3344209,Paddy,01-08-2022
P024,01-06-2022,0.09336942,Paddy,01-08-2022
P024,02-04-2022,0.44466326,Paddy,01-08-2022
P024,02-05-2022,0.14818515,Paddy,01-08-2022
P024,03-12-2022,0.13978495,Paddy,01-08-2022
P024,04-09-2022,0.88374597,Paddy,01-08-2022
P024,04-10-2022,0.8351619,Paddy,01-08-2022
P024,06-06-2022,0.086783625,Paddy,01-08-2022
P024,07-04-2022,0.28620452,Paddy,01-08-2022
P024,07-05-2022,0.120392345,Paddy,01-08-2022
P024,08-03-2022,0.88520765,Paddy,01-08-2022
P024,10-08-2022,0.91463417,Paddy,01-08-2022
P024,11-02-2022,0.8114343,Paddy,01-08-2022
P024,11-06-2022,0.060580205,Paddy,01-08-2022
P024,12-05-2022,0.13154362,Paddy,01-08-2022
P024,13-03-2022,0.8845438,Paddy,01-08-2022
P024,13-11-2022,0.097087376,Paddy,01-08-2022
P024,13-12-2022,0.27228525,Paddy,01-08-2022
P024,14-10-2022,0.597471,Paddy,01-08-2022
P024,16-02-2022,0.87043583,Paddy,01-08-2022
P024,16-06-2022,0.06675063,Paddy,01-08-2022
P024,16-07-2022,0.10229008,Paddy,01-08-2022
P024,17-01-2023,0.81183434,Paddy,01-08-2022
P024,17-05-2022,0.19674185,Paddy,01-08-2022
P024,18-03-2022,0.8827076,Paddy,01-08-2022
P024,18-12-2022,0.29903537,Paddy,01-08-2022
P024,19-09-2022,0.77354497,Paddy,01-08-2022
P024,19-10-2022,0.5860215,Paddy,01-08-2022
P024,21-02-2022,0.8798731,Paddy,01-08-2022
P024,22-01-2023,0.7987152,Paddy,01-08-2022
P024,22-05-2022,0.10097323,Paddy,01-08-2022
P024,23-03-2022,0.8001891,Paddy,01-08-2022
P024,23-11-2022,0.12995313,Paddy,01-08-2022
P024,24-10-2022,0.53513825,Paddy,01-08-2022
P024,26-06-2022,0.046538025,Paddy,01-08-2022
P024,27-01-2023,0.8701299,Paddy,01-08-2022
P024,27-04-2022,0.19515057,Paddy,01-08-2022
P024,27-05-2022,0.119674355,Paddy,01-08-2022
P024,28-03-2022,0.589309,Paddy,01-08-2022
P024,28-11-2022,0.09169055,Paddy,01-08-2022
P024,29-09-2022,0.71737,Paddy,01-08-2022
P024,29-10-2022,0.36241248,Paddy,01-08-2022
P025,01-06-2022,0.080391325,Paddy,01-08-2022
P025,02-04-2022,0.456987,Paddy,01-08-2022
P025,02-05-2022,0.16568047,Paddy,01-08-2022
P025,03-12-2022,0.25009155,Paddy,01-08-2022
P025,04-09-2022,0.8461172,Paddy,01-08-2022
P025,04-10-2022,0.6165621,Paddy,01-08-2022
P025,06-06-2022,0.08973253,Paddy,01-08-2022
P025,07-04-2022,0.31520817,Paddy,01-08-2022
P025,07-05-2022,0.15819323,Paddy,01-08-2022
P025,08-03-2022,0.8942241,Paddy,01-08-2022
P025,10-08-2022,0.9229665,Paddy,01-08-2022
P025,11-02-2022,0.8618749,Paddy,01-08-2022
P025,11-06-2022,0.05185185,Paddy,01-08-2022
P025,12-05-2022,0.13919868,Paddy,01-08-2022
P025,13-03-2022,0.87845826,Paddy,01-08-2022
P025,13-11-2022,0.17679945,Paddy,01-08-2022
P025,13-12-2022,0.46039784,Paddy,01-08-2022
P025,14-10-2022,0.25076452,Paddy,01-08-2022
P025,16-02-2022,0.8792608,Paddy,01-08-2022
P025,16-06-2022,0.06376196,Paddy,01-08-2022
P025,16-07-2022,0.4135614,Paddy,01-08-2022
P025,17-01-2023,0.5660766,Paddy,01-08-2022
P025,17-05-2022,0.11385306,Paddy,01-08-2022
P025,18-03-2022,0.85077834,Paddy,01-08-2022
P025,18-12-2022,0.38790697,Paddy,01-08-2022
P025,19-09-2022,0.73997355,Paddy,01-08-2022
P025,19-10-2022,0.120230384,Paddy,01-08-2022
P025,21-02-2022,0.89062184,Paddy,01-08-2022
P025,22-01-2023,0.5673759,Paddy,01-08-2022
P025,22-05-2022,0.0833806,Paddy,01-08-2022
P025,23-03-2022,0.7532591,Paddy,01-08-2022
P025,23-11-2022,0.29472595,Paddy,01-08-2022
P025,24-10-2022,0.1130092,Paddy,01-08-2022
P025,26-06-2022,0.027942793,Paddy,01-08-2022
P025,27-01-2023,0.6514243,Paddy,01-08-2022
P025,27-04-2022,0.17194115,Paddy,01-08-2022
P025,27-05-2022,0.05969499,Paddy,01-08-2022
P025,28-03-2022,0.55689424,Paddy,01-08-2022
P025,28-11-2022,0.20030235,Paddy,01-08-2022
P025,29-09-2022,0.6361991,Paddy,01-08-2022
P025,29-10-2022,0.13478261,Paddy,01-08-2022
SC005,02-02-2021,0.24269529,Sugarcane,01-08-2021
SC005,02-06-2021,0.5066116,Sugarcane,01-08-2021
SC005,03-04-2021,0.23426408,Sugarcane,01-08-2021
SC005,03-04-2022,0.38359413,Sugarcane,01-08-2021
SC005,04-03-2021,0.15106489,Sugarcane,01-08-2021
SC005,04-03-2022,0.31410256,Sugarcane,01-08-2021
SC005,04-11-2021,0.63804245,Sugarcane,01-08-2021
SC005,04-12-2021,0.58958,Sugarcane,01-08-2021
SC005,07-02-2021,0.1837655,Sugarcane,01-08-2021
SC005,07-06-2021,0.5245838,Sugarcane,01-08-2021
SC005,08-04-2021,0.2112676,Sugarcane,01-08-2021
SC005,08-04-2022,0.42183164,Sugarcane,01-08-2021
SC005,08-05-2021,0.25548062,Sugarcane,01-08-2021
SC005,09-03-2021,0.1954478,Sugarcane,01-08-2021
SC005,09-03-2022,0.29021913,Sugarcane,01-08-2021
SC005,09-12-2021,0.47908744,Sugarcane,01-08-2021
SC005,10-10-2021,0.5262484,Sugarcane,01-08-2021
SC005,12-02-2022,0.35307783,Sugarcane,01-08-2021
SC005,13-04-2021,0.19795658,Sugarcane,01-08-2021
SC005,13-04-2022,0.395218,Sugarcane,01-08-2021
SC005,13-05-2022,0.38518825,Sugarcane,01-08-2021
SC005,14-03-2021,0.22190201,Sugarcane,01-08-2021
SC005,14-03-2022,0.27970165,Sugarcane,01-08-2021
SC005,14-11-2021,0.52092,Sugarcane,01-08-2021
SC005,15-10-2021,0.72983027,Sugarcane,01-08-2021
SC005,17-02-2021,0.1768018,Sugarcane,01-08-2021
SC005,17-02-2022,0.35037932,Sugarcane,01-08-2021
SC005,18-01-2021,0.5751085,Sugarcane,01-08-2021
SC005,18-04-2021,0.23503521,Sugarcane,01-08-2021
SC005,18-04-2022,0.3871409,Sugarcane,01-08-2021
SC005,18-05-2022,0.37345424,Sugarcane,01-08-2021
SC005,19-03-2021,0.22914669,Sugarcane,01-08-2021
SC005,19-03-2022,0.32560387,Sugarcane,01-08-2021
SC005,22-02-2021,0.20048603,Sugarcane,01-08-2021
SC005,23-04-2021,0.20870994,Sugarcane,01-08-2021
SC005,23-04-2022,0.38711694,Sugarcane,01-08-2021
SC005,23-05-2021,0.3753915,Sugarcane,01-08-2021
SC005,24-03-2022,0.32022187,Sugarcane,01-08-2021
SC005,24-11-2021,0.4622108,Sugarcane,01-08-2021
SC005,24-12-2021,0.28190398,Sugarcane,01-08-2021
SC005,25-10-2021,0.67346936,Sugarcane,01-08-2021
SC005,27-02-2021,0.14786193,Sugarcane,01-08-2021
SC005,28-04-2021,0.20901552,Sugarcane,01-08-2021
SC005,28-04-2022,0.39727232,Sugarcane,01-08-2021
SC005,29-03-2021,0.21512151,Sugarcane,01-08-2021
SC005,29-03-2022,0.33398247,Sugarcane,01-08-2021
SC005,29-11-2021,0.56491053,Sugarcane,01-08-2021
SC005,30-10-2021,0.68241113,Sugarcane,01-08-2021
SC006,02-02-2021,0.24624428,Sugarcane,01-08-2021
SC006,02-06-2021,0.697877,Sugarcane,01-08-2021
SC006,03-04-2021,0.24003984,Sugarcane,01-08-2021
SC006,03-04-2022,0.12815802,Sugarcane,01-08-2021
SC006,04-03-2021,0.2521123,Sugarcane,01-08-2021
SC006,04-03-2022,0.15038346,Sugarcane,01-08-2021
SC006,04-11-2021,0.46313438,Sugarcane,01-08-2021
SC006,04-12-2021,0.44384134,Sugarcane,01-08-2021
SC006,07-02-2021,0.35753176,Sugarcane,01-08-2021
SC006,07-06-2021,0.65131295,Sugarcane,01-08-2021
SC006,08-04-2021,0.2531301,Sugarcane,01-08-2021
SC006,08-04-2022,0.110519305,Sugarcane,01-08-2021
SC006,08-05-2021,0.47822037,Sugarcane,01-08-2021
SC006,09-03-2021,0.2657267,Sugarcane,01-08-2021
SC006,09-03-2022,0.16262774,Sugarcane,01-08-2021
SC006,09-12-2021,0.39703807,Sugarcane,01-08-2021
SC006,10-10-2021,0.51055604,Sugarcane,01-08-2021
SC006,12-02-2022,0.27971613,Sugarcane,01-08-2021
SC006,13-04-2021,0.29463845,Sugarcane,01-08-2021
SC006,13-04-2022,0.16758747,Sugarcane,01-08-2021
SC006,13-05-2022,0.2879038,Sugarcane,01-08-2021
SC006,14-03-2021,0.24309692,Sugarcane,01-08-2021
SC006,14-03-2022,0.15311004,Sugarcane,01-08-2021
SC006,14-11-2021,0.3656083,Sugarcane,01-08-2021
SC006,15-10-2021,0.6530156,Sugarcane,01-08-2021
SC006,17-02-2021,0.3037366,Sugarcane,01-08-2021
SC006,17-02-2022,0.26746452,Sugarcane,01-08-2021
SC006,18-01-2021,0.43671417,Sugarcane,01-08-2021
SC006,18-04-2021,0.3431873,Sugarcane,01-08-2021
SC006,18-04-2022,0.217547,Sugarcane,01-08-2021
SC006,18-05-2022,0.31206006,Sugarcane,01-08-2021
SC006,19-03-2021,0.24371472,Sugarcane,01-08-2021
SC006,19-03-2022,0.08998793,Sugarcane,01-08-2021
SC006,22-02-2021,0.2714387,Sugarcane,01-08-2021
SC006,23-04-2021,0.35708946,Sugarcane,01-08-2021
SC006,23-04-2022,0.16492146,Sugarcane,01-08-2021
SC006,23-05-2021,0.59635335,Sugarcane,01-08-2021
SC006,24-03-2022,0.15023232,Sugarcane,01-08-2021
SC006,24-11-2021,0.31034482,Sugarcane,01-08-2021
SC006,24-12-2021,0.27309853,Sugarcane,01-08-2021
SC006,25-10-2021,0.56427014,Sugarcane,01-08-2021
SC006,27-02-2021,0.30915576,Sugarcane,01-08-2021
SC006,28-04-2021,0.38740554,Sugarcane,01-08-2021
SC006,28-04-2022,0.19076714,Sugarcane,01-08-2021
SC006,29-03-2021,0.34573644,Sugarcane,01-08-2021
SC006,29-03-2022,0.14807503,Sugarcane,01-08-2021
SC006,29-11-2021,0.4452555,Sugarcane,01-08-2021
SC006,30-10-2021,0.5278311,Sugarcane,01-08-2021
SC008,02-06-2021,0.44338566,Sugarcane,01-08-2021
SC008,03-01-2021,0.45136613,Sugarcane,01-08-2021
SC008,03-04-2021,0.16823485,Sugarcane,01-08-2021
SC008,04-03-2021,0.20367183,Sugarcane,01-08-2021
SC008,04-03-2022,0.6171943,Sugarcane,01-08-2021
SC008,04-11-2021,0.44174623,Sugarcane,01-08-2021
SC008,04-12-2021,0.5542692,Sugarcane,01-08-2021
SC008,07-02-2021,0.3239766,Sugarcane,01-08-2021
SC008,07-06-2021,0.4422392,Sugarcane,01-08-2021
SC008,08-01-2021,0.33496532,Sugarcane,01-08-2021
SC008,08-04-2021,0.22119592,Sugarcane,01-08-2021
SC008,08-04-2022,0.23418804,Sugarcane,01-08-2021
SC008,08-05-2021,0.16110659,Sugarcane,01-08-2021
SC008,09-03-2021,0.23379989,Sugarcane,01-08-2021
SC008,09-03-2022,0.5838491,Sugarcane,01-08-2021
SC008,09-12-2021,0.38380897,Sugarcane,01-08-2021
SC008,10-10-2021,0.5651669,Sugarcane,01-08-2021
SC008,12-02-2022,0.524266,Sugarcane,01-08-2021
SC008,13-01-2022,0.36379823,Sugarcane,01-08-2021
SC008,13-04-2021,0.22114943,Sugarcane,01-08-2021
SC008,14-03-2021,0.18311346,Sugarcane,01-08-2021
SC008,14-03-2022,0.5236295,Sugarcane,01-08-2021
SC008,14-11-2021,0.44807467,Sugarcane,01-08-2021
SC008,15-10-2021,0.6221339,Sugarcane,01-08-2021
SC008,17-02-2021,0.25194806,Sugarcane,01-08-2021
SC008,17-02-2022,0.62956524,Sugarcane,01-08-2021
SC008,18-04-2021,0.22096318,Sugarcane,01-08-2021
SC008,18-04-2022,0.22910798,Sugarcane,01-08-2021
SC008,18-05-2022,0.17190531,Sugarcane,01-08-2021
SC008,19-03-2022,0.4552901,Sugarcane,01-08-2021
SC008,22-02-2021,0.20875,Sugarcane,01-08-2021
SC008,22-02-2022,0.6002271,Sugarcane,01-08-2021
SC008,23-04-2021,0.22967865,Sugarcane,01-08-2021
SC008,23-04-2022,0.2068281,Sugarcane,01-08-2021
SC008,23-05-2021,0.31781375,Sugarcane,01-08-2021
SC008,23-05-2022,0.18762556,Sugarcane,01-08-2021
SC008,24-03-2022,0.3057644,Sugarcane,01-08-2021
SC008,24-11-2021,0.37927294,Sugarcane,01-08-2021
SC008,25-10-2021,0.6193029,Sugarcane,01-08-2021
SC008,27-02-2021,0.21922626,Sugarcane,01-08-2021
SC008,27-02-2022,0.6657027,Sugarcane,01-08-2021
SC008,28-04-2021,0.2539913,Sugarcane,01-08-2021
SC008,28-04-2022,0.21992032,Sugarcane,01-08-2021
SC008,28-05-2022,0.13869159,Sugarcane,01-08-2021
SC008,29-03-2021,0.21135941,Sugarcane,01-08-2021
SC008,29-03-2022,0.236404,Sugarcane,01-08-2021
SC008,30-09-2021,0.6554257,Sugarcane,01-08-2021
SC008,30-10-2021,0.50626117,Sugarcane,01-08-2021
SC009,02-06-2021,0.40040857,Sugarcane,01-08-2021
SC009,03-01-2021,0.1612345,Sugarcane,01-08-2021
SC009,03-04-2021,0.13627924,Sugarcane,01-08-2021
SC009,04-03-2021,0.16184174,Sugarcane,01-08-2021
SC009,04-03-2022,0.43808,Sugarcane,01-08-2021
SC009,04-11-2021,0.43251532,Sugarcane,01-08-2021
SC009,04-12-2021,0.557423,Sugarcane,01-08-2021
SC009,07-02-2021,0.17750826,Sugarcane,01-08-2021
SC009,07-06-2021,0.44697493,Sugarcane,01-08-2021
SC009,08-01-2021,0.04991492,Sugarcane,01-08-2021
SC009,08-04-2021,0.15612903,Sugarcane,01-08-2021
SC009,08-04-2022,0.33480418,Sugarcane,01-08-2021
SC009,08-05-2021,0.13667233,Sugarcane,01-08-2021
SC009,09-03-2021,0.124416135,Sugarcane,01-08-2021
SC009,09-03-2022,0.41478914,Sugarcane,01-08-2021
SC009,09-12-2021,0.40894568,Sugarcane,01-08-2021
SC009,10-10-2021,0.4997367,Sugarcane,01-08-2021
SC009,12-02-2022,0.3832547,Sugarcane,01-08-2021
SC009,13-01-2022,0.4128655,Sugarcane,01-08-2021
SC009,13-04-2021,0.15877438,Sugarcane,01-08-2021
SC009,14-03-2021,0.15391621,Sugarcane,01-08-2021
SC009,14-03-2022,0.3156282,Sugarcane,01-08-2021
SC009,14-11-2021,0.45267713,Sugarcane,01-08-2021
SC009,15-10-2021,0.64705884,Sugarcane,01-08-2021
SC009,17-02-2021,0.18753302,Sugarcane,01-08-2021
SC009,17-02-2022,0.4123743,Sugarcane,01-08-2021
SC009,18-04-2021,0.16602316,Sugarcane,01-08-2021
SC009,18-04-2022,0.31333333,Sugarcane,01-08-2021
SC009,18-05-2022,0.27905926,Sugarcane,01-08-2021
SC009,19-03-2022,0.31365314,Sugarcane,01-08-2021
SC009,22-02-2021,0.18522373,Sugarcane,01-08-2021
SC009,22-02-2022,0.39724422,Sugarcane,01-08-2021
SC009,23-04-2021,0.15040953,Sugarcane,01-08-2021
SC009,23-04-2022,0.30279094,Sugarcane,01-08-2021
SC009,23-05-2021,0.33270854,Sugarcane,01-08-2021
SC009,23-05-2022,0.27239653,Sugarcane,01-08-2021
SC009,24-03-2022,0.27910686,Sugarcane,01-08-2021
SC009,24-11-2021,0.34660193,Sugarcane,01-08-2021
SC009,25-10-2021,0.665529,Sugarcane,01-08-2021
SC009,27-02-2021,0.16292682,Sugarcane,01-08-2021
SC009,27-02-2022,0.41682243,Sugarcane,01-08-2021
SC009,28-04-2021,0.14066908,Sugarcane,01-08-2021
SC009,28-04-2022,0.30645162,Sugarcane,01-08-2021
SC009,28-05-2022,0.17681801,Sugarcane,01-08-2021
SC009,29-03-2021,0.14932486,Sugarcane,01-08-2021
SC009,29-03-2022,0.25134844,Sugarcane,01-08-2021
SC009,30-09-2021,0.66441375,Sugarcane,01-08-2021
SC009,30-10-2021,0.580274,Sugarcane,01-08-2021
SC011,02-06-2021,0.38921517,Sugarcane,01-08-2021
SC011,03-01-2021,0.38663173,Sugarcane,01-08-2021
SC011,03-04-2021,0.15714286,Sugarcane,01-08-2021
SC011,04-03-2021,0.22778346,Sugarcane,01-08-2021
SC011,04-03-2022,0.60828626,Sugarcane,01-08-2021
SC011,04-11-2021,0.45740956,Sugarcane,01-08-2021
SC011,04-12-2021,0.59938246,Sugarcane,01-08-2021
SC011,07-02-2021,0.3188789,Sugarcane,01-08-2021
SC011,07-06-2021,0.443038,Sugarcane,01-08-2021
SC011,08-01-2021,0.12323663,Sugarcane,01-08-2021
SC011,08-04-2021,0.19863598,Sugarcane,01-08-2021
SC011,08-04-2022,0.45408162,Sugarcane,01-08-2021
SC011,08-05-2021,0.1942929,Sugarcane,01-08-2021
SC011,09-03-2021,0.19259585,Sugarcane,01-08-2021
SC011,09-03-2022,0.5770393,Sugarcane,01-08-2021
SC011,09-12-2021,0.38797814,Sugarcane,01-08-2021
SC011,10-10-2021,0.6331538,Sugarcane,01-08-2021
SC011,12-02-2022,0.50938153,Sugarcane,01-08-2021
SC011,13-01-2022,0.24159747,Sugarcane,01-08-2021
SC011,13-04-2021,0.18802764,Sugarcane,01-08-2021
SC011,14-03-2021,0.20777988,Sugarcane,01-08-2021
SC011,14-03-2022,0.5352215,Sugarcane,01-08-2021
SC011,14-11-2021,0.47051442,Sugarcane,01-08-2021
SC011,15-10-2021,0.6919094,Sugarcane,01-08-2021
SC011,17-02-2021,0.33700305,Sugarcane,01-08-2021
SC011,17-02-2022,0.53269655,Sugarcane,01-08-2021
SC011,18-04-2021,0.19844055,Sugarcane,01-08-2021
SC011,18-04-2022,0.33793738,Sugarcane,01-08-2021
SC011,18-05-2022,0.40926477,Sugarcane,01-08-2021
SC011,19-03-2022,0.53006274,Sugarcane,01-08-2021
SC011,22-02-2021,0.35372186,Sugarcane,01-08-2021
SC011,22-02-2022,0.5652174,Sugarcane,01-08-2021
SC011,23-04-2021,0.256433,Sugarcane,01-08-2021
SC011,23-04-2022,0.34435716,Sugarcane,01-08-2021
SC011,23-05-2021,0.26285985,Sugarcane,01-08-2021
SC011,23-05-2022,0.44085068,Sugarcane,01-08-2021
SC011,24-03-2022,0.37272727,Sugarcane,01-08-2021
SC011,24-11-2021,0.4504005,Sugarcane,01-08-2021
SC011,25-10-2021,0.6664495,Sugarcane,01-08-2021
SC011,27-02-2021,0.28522336,Sugarcane,01-08-2021
SC011,27-02-2022,0.53528774,Sugarcane,01-08-2021
SC011,28-04-2021,0.2516222,Sugarcane,01-08-2021
SC011,28-04-2022,0.33847472,Sugarcane,01-08-2021
SC011,28-05-2022,0.12134412,Sugarcane,01-08-2021
SC011,29-03-2021,0.17845395,Sugarcane,01-08-2021
SC011,29-03-2022,0.3551515,Sugarcane,01-08-2021
SC011,30-09-2021,0.7431811,Sugarcane,01-08-2021
SC011,30-10-2021,0.5588424,Sugarcane,01-08-2021
SC012,02-06-2021,0.534201,Sugarcane,01-08-2021
SC012,03-01-2021,0.15875806,Sugarcane,01-08-2021
SC012,03-04-2021,0.14978491,Sugarcane,01-08-2021
SC012,04-03-2021,0.20115942,Sugarcane,01-08-2021
SC012,04-03-2022,0.36076126,Sugarcane,01-08-2021
SC012,04-11-2021,0.42374727,Sugarcane,01-08-2021
SC012,04-12-2021,0.6234079,Sugarcane,01-08-2021
SC012,07-02-2021,0.22379987,Sugarcane,01-08-2021
SC012,07-06-2021,0.64858013,Sugarcane,01-08-2021
SC012,08-01-2021,0.06654914,Sugarcane,01-08-2021
SC012,08-04-2021,0.1352075,Sugarcane,01-08-2021
SC012,08-04-2022,0.42359978,Sugarcane,01-08-2021
SC012,08-05-2021,0.13457558,Sugarcane,01-08-2021
SC012,09-03-2021,0.15780662,Sugarcane,01-08-2021
SC012,09-03-2022,0.37649062,Sugarcane,01-08-2021
SC012,09-12-2021,0.4578714,Sugarcane,01-08-2021
SC012,10-10-2021,0.5242943,Sugarcane,01-08-2021
SC012,12-02-2022,0.36658934,Sugarcane,01-08-2021
SC012,13-01-2022,0.46820468,Sugarcane,01-08-2021
SC012,13-04-2021,0.14451346,Sugarcane,01-08-2021
SC012,14-03-2021,0.15891473,Sugarcane,01-08-2021
SC012,14-03-2022,0.36198348,Sugarcane,01-08-2021
SC012,14-11-2021,0.44640753,Sugarcane,01-08-2021
SC012,15-10-2021,0.6949367,Sugarcane,01-08-2021
SC012,17-02-2021,0.23345305,Sugarcane,01-08-2021
SC012,17-02-2022,0.36557284,Sugarcane,01-08-2021
SC012,18-04-2021,0.13400434,Sugarcane,01-08-2021
SC012,18-04-2022,0.43962362,Sugarcane,01-08-2021
SC012,18-05-2022,0.37710735,Sugarcane,01-08-2021
SC012,19-03-2022,0.36449638,Sugarcane,01-08-2021
SC012,22-02-2021,0.23927039,Sugarcane,01-08-2021
SC012,22-02-2022,0.35825375,Sugarcane,01-08-2021
SC012,23-04-2021,0.13731697,Sugarcane,01-08-2021
SC012,23-04-2022,0.43436342,Sugarcane,01-08-2021
SC012,23-05-2021,0.3076075,Sugarcane,01-08-2021
SC012,23-05-2022,0.41918054,Sugarcane,01-08-2021
SC012,24-03-2022,0.33145753,Sugarcane,01-08-2021
SC012,24-11-2021,0.34290108,Sugarcane,01-08-2021
SC012,25-10-2021,0.7067004,Sugarcane,01-08-2021
SC012,27-02-2021,0.23084576,Sugarcane,01-08-2021
SC012,27-02-2022,0.35681817,Sugarcane,01-08-2021
SC012,28-04-2021,0.15387739,Sugarcane,01-08-2021
SC012,28-04-2022,0.4169559,Sugarcane,01-08-2021
SC012,28-05-2022,0.18297237,Sugarcane,01-08-2021
SC012,29-03-2021,0.14332515,Sugarcane,01-08-2021
SC012,29-03-2022,0.3121693,Sugarcane,01-08-2021
SC012,30-09-2021,0.7817746,Sugarcane,01-08-2021
SC012,30-10-2021,0.57181734,Sugarcane,01-08-2021
SC015,02-06-2021,0.63541025,Sugarcane,01-08-2021
SC015,03-01-2021,0.42774567,Sugarcane,01-08-2021
SC015,03-04-2021,0.32776412,Sugarcane,01-08-2021
SC015,04-03-2021,0.33044732,Sugarcane,01-08-2021
SC015,04-03-2022,0.24029066,Sugarcane,01-08-2021
SC015,04-11-2021,0.29719853,Sugarcane,01-08-2021
SC015,04-12-2021,0.3614815,Sugarcane,01-08-2021
SC015,07-02-2021,0.39454386,Sugarcane,01-08-2021
SC015,07-06-2021,0.569846,Sugarcane,01-08-2021
SC015,08-01-2021,0.13435656,Sugarcane,01-08-2021
SC015,08-04-2021,0.27002966,Sugarcane,01-08-2021
SC015,08-04-2022,0.32301924,Sugarcane,01-08-2021
SC015,08-05-2021,0.21761657,Sugarcane,01-08-2021
SC015,09-03-2021,0.3248759,Sugarcane,01-08-2021
SC015,09-03-2022,0.13966757,Sugarcane,01-08-2021
SC015,09-12-2021,0.32512316,Sugarcane,01-08-2021
SC015,10-10-2021,0.49147826,Sugarcane,01-08-2021
SC015,12-02-2022,0.30673575,Sugarcane,01-08-2021
SC015,13-01-2022,0.39145496,Sugarcane,01-08-2021
SC015,13-04-2021,0.2621984,Sugarcane,01-08-2021
SC015,14-03-2021,0.29262674,Sugarcane,01-08-2021
SC015,14-03-2022,0.14136125,Sugarcane,01-08-2021
SC015,14-11-2021,0.3231091,Sugarcane,01-08-2021
SC015,15-10-2021,0.5172681,Sugarcane,01-08-2021
SC015,17-02-2021,0.29043683,Sugarcane,01-08-2021
SC015,17-02-2022,0.23634273,Sugarcane,01-08-2021
SC015,18-04-2021,0.2933013,Sugarcane,01-08-2021
SC015,18-04-2022,0.36172205,Sugarcane,01-08-2021
SC015,18-05-2022,0.44129553,Sugarcane,01-08-2021
SC015,19-03-2022,0.15074906,Sugarcane,01-08-2021
SC015,22-02-2021,0.2560495,Sugarcane,01-08-2021
SC015,22-02-2022,0.2857143,Sugarcane,01-08-2021
SC015,23-04-2021,0.29183674,Sugarcane,01-08-2021
SC015,23-04-2022,0.31894693,Sugarcane,01-08-2021
SC015,23-05-2021,0.48282713,Sugarcane,01-08-2021
SC015,23-05-2022,0.58360505,Sugarcane,01-08-2021
SC015,24-03-2022,0.18889971,Sugarcane,01-08-2021
SC015,24-11-2021,0.26021266,Sugarcane,01-08-2021
SC015,25-10-2021,0.47198772,Sugarcane,01-08-2021
SC015,27-02-2021,0.27180642,Sugarcane,01-08-2021
SC015,27-02-2022,0.21703963,Sugarcane,01-08-2021
SC015,28-04-2021,0.34277928,Sugarcane,01-08-2021
SC015,28-04-2022,0.22183406,Sugarcane,01-08-2021
SC015,28-05-2022,0.32209882,Sugarcane,01-08-2021
SC015,29-03-2021,0.2969815,Sugarcane,01-08-2021
SC015,29-03-2022,0.2055944,Sugarcane,01-08-2021
SC015,30-09-2021,0.5604651,Sugarcane,01-08-2021
SC015,30-10-2021,0.36523575,Sugarcane,01-08-2021
SC017,02-06-2021,0.63987446,Sugarcane,01-08-2021
SC017,03-01-2021,0.35616,Sugarcane,01-08-2021
SC017,03-04-2021,0.2670409,Sugarcane,01-08-2021
SC017,04-03-2021,0.35454285,Sugarcane,01-08-2021
SC017,04-03-2022,0.57734495,Sugarcane,01-08-2021
SC017,04-11-2021,0.44396552,Sugarcane,01-08-2021
SC017,04-12-2021,0.6132046,Sugarcane,01-08-2021
SC017,07-02-2021,0.38314447,Sugarcane,01-08-2021
SC017,07-06-2021,0.5963554,Sugarcane,01-08-2021
SC017,08-01-2021,0.29008746,Sugarcane,01-08-2021
SC017,08-04-2021,0.23428571,Sugarcane,01-08-2021
SC017,08-04-2022,0.26379746,Sugarcane,01-08-2021
SC017,08-05-2021,0.21683094,Sugarcane,01-08-2021
SC017,09-03-2021,0.28928047,Sugarcane,01-08-2021
SC017,09-03-2022,0.5204882,Sugarcane,01-08-2021
SC017,09-12-2021,0.538292,Sugarcane,01-08-2021
SC017,10-10-2021,0.37632242,Sugarcane,01-08-2021
SC017,12-02-2022,0.47284162,Sugarcane,01-08-2021
SC017,13-01-2022,0.37895343,Sugarcane,01-08-2021
SC017,13-04-2021,0.23817712,Sugarcane,01-08-2021
SC017,14-03-2021,0.24684502,Sugarcane,01-08-2021
SC017,14-03-2022,0.45983702,Sugarcane,01-08-2021
SC017,14-11-2021,0.463105,Sugarcane,01-08-2021
SC017,15-10-2021,0.37536487,Sugarcane,01-08-2021
SC017,17-02-2021,0.35530654,Sugarcane,01-08-2021
SC017,17-02-2022,0.56085193,Sugarcane,01-08-2021
SC017,18-04-2021,0.22424242,Sugarcane,01-08-2021
SC017,18-04-2022,0.2132289,Sugarcane,01-08-2021
SC017,18-05-2022,0.18876643,Sugarcane,01-08-2021
SC017,19-03-2022,0.4227872,Sugarcane,01-08-2021
SC017,22-02-2021,0.35523614,Sugarcane,01-08-2021
SC017,22-02-2022,0.5838495,Sugarcane,01-08-2021
SC017,23-04-2021,0.22370937,Sugarcane,01-08-2021
SC017,23-04-2022,0.21359223,Sugarcane,01-08-2021
SC017,23-05-2021,0.42748636,Sugarcane,01-08-2021
SC017,23-05-2022,0.21553245,Sugarcane,01-08-2021
SC017,24-03-2022,0.35060975,Sugarcane,01-08-2021
SC017,24-11-2021,0.30169174,Sugarcane,01-08-2021
SC017,25-10-2021,0.4755528,Sugarcane,01-08-2021
SC017,27-02-2021,0.28875738,Sugarcane,01-08-2021
SC017,27-02-2022,0.6534857,Sugarcane,01-08-2021
SC017,28-04-2021,0.22065727,Sugarcane,01-08-2021
SC017,28-04-2022,0.17432988,Sugarcane,01-08-2021
SC017,28-05-2022,0.23446618,Sugarcane,01-08-2021
SC017,29-03-2021,0.21658206,Sugarcane,01-08-2021
SC017,29-03-2022,0.283521,Sugarcane,01-08-2021
SC017,30-09-2021,0.654902,Sugarcane,01-08-2021
SC017,30-10-2021,0.5035786,Sugarcane,01-08-2021
SC018,02-06-2021,0.6494845,Sugarcane,01-08-2021
SC018,03-01-2021,0.51178247,Sugarcane,01-08-2021
SC018,03-04-2021,0.37437934,Sugarcane,01-08-2021
SC018,04-03-2021,0.31241322,Sugarcane,01-08-2021
SC018,04-03-2022,0.21282186,Sugarcane,01-08-2021
SC018,04-11-2021,0.371134,Sugarcane,01-08-2021
SC018,04-12-2021,0.5634358,Sugarcane,01-08-2021
SC018,07-02-2021,0.46995994,Sugarcane,01-08-2021
SC018,07-06-2021,0.6118187,Sugarcane,01-08-2021
SC018,08-01-2021,0.022540983,Sugarcane,01-08-2021
SC018,08-04-2021,0.33882594,Sugarcane,01-08-2021
SC018,08-04-2022,0.26057693,Sugarcane,01-08-2021
SC018,08-05-2021,0.35034168,Sugarcane,01-08-2021
SC018,09-03-2021,0.28072837,Sugarcane,01-08-2021
SC018,09-03-2022,0.20830993,Sugarcane,01-08-2021
SC018,09-12-2021,0.37773666,Sugarcane,01-08-2021
SC018,10-10-2021,0.5675503,Sugarcane,01-08-2021
SC018,12-02-2022,0.21876833,Sugarcane,01-08-2021
SC018,13-01-2022,0.29200652,Sugarcane,01-08-2021
SC018,13-04-2021,0.322887,Sugarcane,01-08-2021
SC018,14-03-2021,0.25538793,Sugarcane,01-08-2021
SC018,14-03-2022,0.21364556,Sugarcane,01-08-2021
SC018,14-11-2021,0.39822426,Sugarcane,01-08-2021
SC018,15-10-2021,0.626602,Sugarcane,01-08-2021
SC018,17-02-2021,0.2888128,Sugarcane,01-08-2021
SC018,17-02-2022,0.21428572,Sugarcane,01-08-2021
SC018,18-04-2021,0.34857675,Sugarcane,01-08-2021
SC018,18-04-2022,0.34153265,Sugarcane,01-08-2021
SC018,18-05-2022,0.21692243,Sugarcane,01-08-2021
SC018,19-03-2022,0.17820774,Sugarcane,01-08-2021
SC018,22-02-2021,0.2692095,Sugarcane,01-08-2021
SC018,22-02-2022,0.21897407,Sugarcane,01-08-2021
SC018,23-04-2021,0.34205934,Sugarcane,01-08-2021
SC018,23-04-2022,0.35895196,Sugarcane,01-08-2021
SC018,23-05-2021,0.5371043,Sugarcane,01-08-2021
SC018,23-05-2022,0.25425377,Sugarcane,01-08-2021
SC018,24-03-2022,0.18356735,Sugarcane,01-08-2021
SC018,24-11-2021,0.2772846,Sugarcane,01-08-2021
SC018,25-10-2021,0.6207367,Sugarcane,01-08-2021
SC018,27-02-2021,0.25091672,Sugarcane,01-08-2021
SC018,27-02-2022,0.1813752,Sugarcane,01-08-2021
SC018,28-04-2021,0.34052113,Sugarcane,01-08-2021
SC018,28-04-2022,0.29675573,Sugarcane,01-08-2021
SC018,28-05-2022,0.08610272,Sugarcane,01-08-2021
SC018,29-03-2021,0.2890146,Sugarcane,01-08-2021
SC018,29-03-2022,0.20301507,Sugarcane,01-08-2021
SC018,30-09-2021,0.6497137,Sugarcane,01-08-2021
SC018,30-10-2021,0.525366,Sugarcane,01-08-2021
SC019,02-06-2021,0.6304107,Sugarcane,01-08-2021
SC019,03-01-2021,0.4799761,Sugarcane,01-08-2021
SC019,03-04-2021,0.31175297,Sugarcane,01-08-2021
SC019,04-03-2021,0.38739824,Sugarcane,01-08-2021
SC019,04-03-2022,0.41478503,Sugarcane,01-08-2021
SC019,04-11-2021,0.55591875,Sugarcane,01-08-2021
SC019,04-12-2021,0.75914216,Sugarcane,01-08-2021
SC019,07-02-2021,0.5551482,Sugarcane,01-08-2021
SC019,07-06-2021,0.5885262,Sugarcane,01-08-2021
SC019,08-01-2021,0.03849001,Sugarcane,01-08-2021
SC019,08-04-2021,0.30551097,Sugarcane,01-08-2021
SC019,08-04-2022,0.45376608,Sugarcane,01-08-2021
SC019,08-05-2021,0.34452018,Sugarcane,01-08-2021
SC019,09-03-2021,0.37332955,Sugarcane,01-08-2021
SC019,09-03-2022,0.4134676,Sugarcane,01-08-2021
SC019,09-12-2021,0.5306069,Sugarcane,01-08-2021
SC019,10-10-2021,0.7077922,Sugarcane,01-08-2021
SC019,12-02-2022,0.43272305,Sugarcane,01-08-2021
SC019,13-01-2022,0.57596564,Sugarcane,01-08-2021
SC019,13-04-2021,0.30598456,Sugarcane,01-08-2021
SC019,14-03-2021,0.3242165,Sugarcane,01-08-2021
SC019,14-03-2022,0.4130745,Sugarcane,01-08-2021
SC019,14-11-2021,0.6057525,Sugarcane,01-08-2021
SC019,15-10-2021,0.716895,Sugarcane,01-08-2021
SC019,17-02-2021,0.4710357,Sugarcane,01-08-2021
SC019,17-02-2022,0.4712178,Sugarcane,01-08-2021
SC019,18-04-2021,0.3346418,Sugarcane,01-08-2021
SC019,18-04-2022,0.43542233,Sugarcane,01-08-2021
SC019,18-05-2022,0.4274548,Sugarcane,01-08-2021
SC019,19-03-2022,0.40705884,Sugarcane,01-08-2021
SC019,22-02-2021,0.28899637,Sugarcane,01-08-2021
SC019,22-02-2022,0.44457012,Sugarcane,01-08-2021
SC019,23-04-2021,0.33576643,Sugarcane,01-08-2021
SC019,23-04-2022,0.4986918,Sugarcane,01-08-2021
SC019,23-05-2021,0.46903124,Sugarcane,01-08-2021
SC019,23-05-2022,0.48016277,Sugarcane,01-08-2021
SC019,24-03-2022,0.35491607,Sugarcane,01-08-2021
SC019,24-11-2021,0.4738806,Sugarcane,01-08-2021
SC019,25-10-2021,0.7747307,Sugarcane,01-08-2021
SC019,27-02-2021,0.3243243,Sugarcane,01-08-2021
SC019,27-02-2022,0.45725125,Sugarcane,01-08-2021
SC019,28-04-2021,0.33756098,Sugarcane,01-08-2021
SC019,28-04-2022,0.5177589,Sugarcane,01-08-2021
SC019,28-05-2022,0.22600152,Sugarcane,01-08-2021
SC019,29-03-2021,0.37157622,Sugarcane,01-08-2021
SC019,29-03-2022,0.2823848,Sugarcane,01-08-2021
SC019,30-09-2021,0.7277487,Sugarcane,01-08-2021
SC019,30-10-2021,0.7027487,Sugarcane,01-08-2021
SC020,02-06-2021,0.50741655,Sugarcane,01-08-2021
SC020,03-01-2021,0.42817295,Sugarcane,01-08-2021
SC020,03-04-2021,0.21209213,Sugarcane,01-08-2021
SC020,04-03-2021,0.345066,Sugarcane,01-08-2021
SC020,04-03-2022,0.46686748,Sugarcane,01-08-2021
SC020,04-11-2021,0.46706232,Sugarcane,01-08-2021
SC020,04-12-2021,0.5217553,Sugarcane,01-08-2021
SC020,07-02-2021,0.38609773,Sugarcane,01-08-2021
SC020,07-06-2021,0.55899817,Sugarcane,01-08-2021
SC020,08-01-2021,0.043637697,Sugarcane,01-08-2021
SC020,08-04-2021,0.2,Sugarcane,01-08-2021
SC020,08-04-2022,0.4042296,Sugarcane,01-08-2021
SC020,08-05-2021,0.31738436,Sugarcane,01-08-2021
SC020,09-03-2021,0.32753262,Sugarcane,01-08-2021
SC020,09-03-2022,0.46708074,Sugarcane,01-08-2021
SC020,09-12-2021,0.38729018,Sugarcane,01-08-2021
SC020,10-10-2021,0.6096618,Sugarcane,01-08-2021
SC020,12-02-2022,0.4010122,Sugarcane,01-08-2021
SC020,13-01-2022,0.33497235,Sugarcane,01-08-2021
SC020,13-04-2021,0.1884058,Sugarcane,01-08-2021
SC020,14-03-2021,0.3012331,Sugarcane,01-08-2021
SC020,14-03-2022,0.45578653,Sugarcane,01-08-2021
SC020,14-11-2021,0.46451613,Sugarcane,01-08-2021
SC020,15-10-2021,0.67070216,Sugarcane,01-08-2021
SC020,17-02-2021,0.30750307,Sugarcane,01-08-2021
SC020,17-02-2022,0.41549507,Sugarcane,01-08-2021
SC020,18-04-2021,0.18594158,Sugarcane,01-08-2021
SC020,18-04-2022,0.39135802,Sugarcane,01-08-2021
SC020,18-05-2022,0.41641337,Sugarcane,01-08-2021
SC020,19-03-2022,0.43765587,Sugarcane,01-08-2021
SC020,22-02-2021,0.27820438,Sugarcane,01-08-2021
SC020,22-02-2022,0.4074074,Sugarcane,01-08-2021
SC020,23-04-2021,0.19769503,Sugarcane,01-08-2021
SC020,23-04-2022,0.39191565,Sugarcane,01-08-2021
SC020,23-05-2021,0.4951362,Sugarcane,01-08-2021
SC020,23-05-2022,0.45523396,Sugarcane,01-08-2021
SC020,24-03-2022,0.36009732,Sugarcane,01-08-2021
SC020,24-11-2021,0.43083486,Sugarcane,01-08-2021
SC020,25-10-2021,0.67180175,Sugarcane,01-08-2021
SC020,27-02-2021,0.30194232,Sugarcane,01-08-2021
SC020,27-02-2022,0.42710224,Sugarcane,01-08-2021
SC020,28-04-2021,0.20747997,Sugarcane,01-08-2021
SC020,28-04-2022,0.41109446,Sugarcane,01-08-2021
SC020,28-05-2022,0.1506067,Sugarcane,01-08-2021
SC020,29-03-2021,0.19769673,Sugarcane,01-08-2021
SC020,29-03-2022,0.3418566,Sugarcane,01-08-2021
SC020,30-09-2021,0.68316174,Sugarcane,01-08-2021
SC020,30-10-2021,0.5997332,Sugarcane,01-08-2021
SC023,02-06-2021,0.6204914,Sugarcane,01-08-2021
SC023,03-01-2021,0.25330132,Sugarcane,01-08-2021
SC023,03-04-2021,0.36161616,Sugarcane,01-08-2021
SC023,04-03-2021,0.57946557,Sugarcane,01-08-2021
SC023,04-03-2022,0.24116424,Sugarcane,01-08-2021
SC023,04-11-2021,0.33231473,Sugarcane,01-08-2021
SC023,04-12-2021,0.3328767,Sugarcane,01-08-2021
SC023,07-02-2021,0.48161632,Sugarcane,01-08-2021
SC023,07-06-2021,0.3998461,Sugarcane,01-08-2021
SC023,08-01-2021,0.37209302,Sugarcane,01-08-2021
SC023,08-04-2021,0.34669095,Sugarcane,01-08-2021
SC023,08-04-2022,0.18187168,Sugarcane,01-08-2021
SC023,08-05-2021,0.34292135,Sugarcane,01-08-2021
SC023,09-03-2021,0.62038076,Sugarcane,01-08-2021
SC023,09-03-2022,0.2785988,Sugarcane,01-08-2021
SC023,09-12-2021,0.31056294,Sugarcane,01-08-2021
SC023,10-10-2021,0.6635762,Sugarcane,01-08-2021
SC023,12-02-2022,0.35678393,Sugarcane,01-08-2021
SC023,13-01-2022,0.13577332,Sugarcane,01-08-2021
SC023,13-04-2021,0.32760364,Sugarcane,01-08-2021
SC023,14-03-2021,0.54100364,Sugarcane,01-08-2021
SC023,14-03-2022,0.25178713,Sugarcane,01-08-2021
SC023,14-11-2021,0.33286518,Sugarcane,01-08-2021
SC023,15-10-2021,0.6613534,Sugarcane,01-08-2021
SC023,17-02-2021,0.48528564,Sugarcane,01-08-2021
SC023,17-02-2022,0.35731414,Sugarcane,01-08-2021
SC023,18-04-2021,0.23822588,Sugarcane,01-08-2021
SC023,18-04-2022,0.21601686,Sugarcane,01-08-2021
SC023,18-05-2022,0.45835572,Sugarcane,01-08-2021
SC023,19-03-2022,0.30511945,Sugarcane,01-08-2021
SC023,22-02-2021,0.57417893,Sugarcane,01-08-2021
SC023,22-02-2022,0.281,Sugarcane,01-08-2021
SC023,23-04-2021,0.23218776,Sugarcane,01-08-2021
SC023,23-04-2022,0.34991816,Sugarcane,01-08-2021
SC023,23-05-2021,0.46000546,Sugarcane,01-08-2021
SC023,23-05-2022,0.5530547,Sugarcane,01-08-2021
SC023,24-03-2022,0.23205742,Sugarcane,01-08-2021
SC023,24-11-2021,0.3564669,Sugarcane,01-08-2021
SC023,25-10-2021,0.38204226,Sugarcane,01-08-2021
SC023,27-02-2021,0.7497891,Sugarcane,01-08-2021
SC023,27-02-2022,0.34492427,Sugarcane,01-08-2021
SC023,28-04-2021,0.23171265,Sugarcane,01-08-2021
SC023,28-04-2022,0.26222223,Sugarcane,01-08-2021
SC023,28-05-2022,0.43679163,Sugarcane,01-08-2021
SC023,29-03-2021,0.51216877,Sugarcane,01-08-2021
SC023,29-03-2022,0.17903416,Sugarcane,01-08-2021
SC023,30-09-2021,0.66570604,Sugarcane,01-08-2021
SC023,30-10-2021,0.36561742,Sugarcane,01-08-2021
SC024,02-06-2021,0.69553226,Sugarcane,01-08-2021
SC024,03-01-2021,0.47887325,Sugarcane,01-08-2021
SC024,03-04-2021,0.47261435,Sugarcane,01-08-2021
SC024,04-03-2021,0.5367096,Sugarcane,01-08-2021
SC024,04-03-2022,0.5320887,Sugarcane,01-08-2021
SC024,04-11-2021,0.48245093,Sugarcane,01-08-2021
SC024,04-12-2021,0.6011236,Sugarcane,01-08-2021
SC024,07-02-2021,0.6059054,Sugarcane,01-08-2021
SC024,07-06-2021,0.6396307,Sugarcane,01-08-2021
SC024,08-01-2021,0.50316167,Sugarcane,01-08-2021
SC024,08-04-2021,0.29884425,Sugarcane,01-08-2021
SC024,08-04-2022,0.6285047,Sugarcane,01-08-2021
SC024,08-05-2021,0.47339246,Sugarcane,01-08-2021
SC024,09-03-2021,0.3968825,Sugarcane,01-08-2021
SC024,09-03-2022,0.53235656,Sugarcane,01-08-2021
SC024,09-12-2021,0.47665846,Sugarcane,01-08-2021
SC024,10-10-2021,0.7005285,Sugarcane,01-08-2021
SC024,12-02-2022,0.46144432,Sugarcane,01-08-2021
SC024,13-01-2022,0.2985142,Sugarcane,01-08-2021
SC024,13-04-2021,0.3277394,Sugarcane,01-08-2021
SC024,14-03-2021,0.38506684,Sugarcane,01-08-2021
SC024,14-03-2022,0.5247467,Sugarcane,01-08-2021
SC024,14-11-2021,0.5296731,Sugarcane,01-08-2021
SC024,15-10-2021,0.68303293,Sugarcane,01-08-2021
SC024,17-02-2021,0.4176638,Sugarcane,01-08-2021
SC024,17-02-2022,0.48413876,Sugarcane,01-08-2021
SC024,18-04-2021,0.33035713,Sugarcane,01-08-2021
SC024,18-04-2022,0.43426296,Sugarcane,01-08-2021
SC024,18-05-2022,0.5354478,Sugarcane,01-08-2021
SC024,19-03-2022,0.5501035,Sugarcane,01-08-2021
SC024,22-02-2021,0.42122537,Sugarcane,01-08-2021
SC024,22-02-2022,0.44581136,Sugarcane,01-08-2021
SC024,23-04-2021,0.40950456,Sugarcane,01-08-2021
SC024,23-04-2022,0.5934122,Sugarcane,01-08-2021
SC024,23-05-2021,0.6398641,Sugarcane,01-08-2021
SC024,23-05-2022,0.6015326,Sugarcane,01-08-2021
SC024,24-03-2022,0.45129684,Sugarcane,01-08-2021
SC024,24-11-2021,0.53059936,Sugarcane,01-08-2021
SC024,25-10-2021,0.624031,Sugarcane,01-08-2021
SC024,27-02-2021,0.51295924,Sugarcane,01-08-2021
SC024,27-02-2022,0.07388718,Sugarcane,01-08-2021
SC024,28-04-2021,0.38555443,Sugarcane,01-08-2021
SC024,28-04-2022,0.55054945,Sugarcane,01-08-2021
SC024,28-05-2022,0.36078936,Sugarcane,01-08-2021
SC024,29-03-2021,0.31234384,Sugarcane,01-08-2021
SC024,29-03-2022,0.4406732,Sugarcane,01-08-2021
SC024,30-09-2021,0.7083333,Sugarcane,01-08-2021
SC024,30-10-2021,0.5622832,Sugarcane,01-08-2021
SC025,02-06-2021,0.6938725,Sugarcane,01-08-2021
SC025,03-01-2021,0.4852097,Sugarcane,01-08-2021
SC025,03-04-2021,0.21815656,Sugarcane,01-08-2021
SC025,04-03-2021,0.50577945,Sugarcane,01-08-2021
SC025,04-03-2022,0.39270833,Sugarcane,01-08-2021
SC025,04-11-2021,0.4952503,Sugarcane,01-08-2021
SC025,04-12-2021,0.65800273,Sugarcane,01-08-2021
SC025,07-02-2021,0.69686204,Sugarcane,01-08-2021
SC025,07-06-2021,0.6461894,Sugarcane,01-08-2021
SC025,08-01-2021,0.6104093,Sugarcane,01-08-2021
SC025,08-04-2021,0.15810473,Sugarcane,01-08-2021
SC025,08-04-2022,0.5189437,Sugarcane,01-08-2021
SC025,08-05-2021,0.26837236,Sugarcane,01-08-2021
SC025,09-03-2021,0.4377764,Sugarcane,01-08-2021
SC025,09-03-2022,0.4227577,Sugarcane,01-08-2021
SC025,09-12-2021,0.47232038,Sugarcane,01-08-2021
SC025,10-10-2021,0.71231425,Sugarcane,01-08-2021
SC025,12-02-2022,0.41573033,Sugarcane,01-08-2021
SC025,13-01-2022,0.54859334,Sugarcane,01-08-2021
SC025,13-04-2021,0.15185505,Sugarcane,01-08-2021
SC025,14-03-2021,0.25556225,Sugarcane,01-08-2021
SC025,14-03-2022,0.3713102,Sugarcane,01-08-2021
SC025,14-11-2021,0.50478333,Sugarcane,01-08-2021
SC025,15-10-2021,0.7684675,Sugarcane,01-08-2021
SC025,17-02-2021,0.5188308,Sugarcane,01-08-2021
SC025,17-02-2022,0.4461453,Sugarcane,01-08-2021
SC025,18-04-2021,0.14106584,Sugarcane,01-08-2021
SC025,18-04-2022,0.3656493,Sugarcane,01-08-2021
SC025,18-05-2022,0.39015818,Sugarcane,01-08-2021
SC025,19-03-2022,0.38478145,Sugarcane,01-08-2021
SC025,22-02-2021,0.5035294,Sugarcane,01-08-2021
SC025,22-02-2022,0.39795917,Sugarcane,01-08-2021
SC025,23-04-2021,0.1509121,Sugarcane,01-08-2021
SC025,23-04-2022,0.4573346,Sugarcane,01-08-2021
SC025,23-05-2021,0.616037,Sugarcane,01-08-2021
SC025,23-05-2022,0.4713529,Sugarcane,01-08-2021
SC025,24-03-2022,0.27906978,Sugarcane,01-08-2021
SC025,24-11-2021,0.63422716,Sugarcane,01-08-2021
SC025,25-10-2021,0.7341105,Sugarcane,01-08-2021
SC025,27-02-2021,0.52755904,Sugarcane,01-08-2021
SC025,27-02-2022,0.42083332,Sugarcane,01-08-2021
SC025,28-04-2021,0.14385353,Sugarcane,01-08-2021
SC025,28-04-2022,0.5115354,Sugarcane,01-08-2021
SC025,28-05-2022,0.22610722,Sugarcane,01-08-2021
SC025,29-03-2021,0.19636548,Sugarcane,01-08-2021
SC025,29-03-2022,0.33481154,Sugarcane,01-08-2021
SC025,30-09-2021,0.8271341,Sugarcane,01-08-2021
SC025,30-10-2021,0.6079078,Sugarcane,01-08-2021
SC026,02-06-2021,0.60570616,Sugarcane,01-08-2021
SC026,03-01-2021,0.5146639,Sugarcane,01-08-2021
SC026,03-04-2021,0.31938776,Sugarcane,01-08-2021
SC026,04-03-2021,0.58488107,Sugarcane,01-08-2021
SC026,04-03-2022,0.40363637,Sugarcane,01-08-2021
SC026,04-11-2021,0.50711936,Sugarcane,01-08-2021
SC026,04-12-2021,0.5605634,Sugarcane,01-08-2021
SC026,07-02-2021,0.71254194,Sugarcane,01-08-2021
SC026,07-06-2021,0.58413404,Sugarcane,01-08-2021
SC026,08-01-2021,0.5829462,Sugarcane,01-08-2021
SC026,08-04-2021,0.22391084,Sugarcane,01-08-2021
SC026,08-04-2022,0.46080306,Sugarcane,01-08-2021
SC026,08-05-2021,0.35074988,Sugarcane,01-08-2021
SC026,09-03-2021,0.53145057,Sugarcane,01-08-2021
SC026,09-03-2022,0.43473125,Sugarcane,01-08-2021
SC026,09-12-2021,0.46968207,Sugarcane,01-08-2021
SC026,10-10-2021,0.704918,Sugarcane,01-08-2021
SC026,12-02-2022,0.49880177,Sugarcane,01-08-2021
SC026,13-01-2022,0.14369646,Sugarcane,01-08-2021
SC026,13-04-2021,0.3158522,Sugarcane,01-08-2021
SC026,14-03-2021,0.3882353,Sugarcane,01-08-2021
SC026,14-03-2022,0.3853211,Sugarcane,01-08-2021
SC026,14-11-2021,0.5456193,Sugarcane,01-08-2021
SC026,15-10-2021,0.7246117,Sugarcane,01-08-2021
SC026,17-02-2021,0.4559731,Sugarcane,01-08-2021
SC026,17-02-2022,0.5323034,Sugarcane,01-08-2021
SC026,18-04-2021,0.19438669,Sugarcane,01-08-2021
SC026,18-04-2022,0.3433554,Sugarcane,01-08-2021
SC026,18-05-2022,0.48174086,Sugarcane,01-08-2021
SC026,19-03-2022,0.39770114,Sugarcane,01-08-2021
SC026,22-02-2021,0.4998524,Sugarcane,01-08-2021
SC026,22-02-2022,0.40138313,Sugarcane,01-08-2021
SC026,23-04-2021,0.17527519,Sugarcane,01-08-2021
SC026,23-04-2022,0.40711904,Sugarcane,01-08-2021
SC026,23-05-2021,0.45412976,Sugarcane,01-08-2021
SC026,23-05-2022,0.49962208,Sugarcane,01-08-2021
SC026,24-03-2022,0.3364269,Sugarcane,01-08-2021
SC026,24-11-2021,0.629582,Sugarcane,01-08-2021
SC026,25-10-2021,0.70302474,Sugarcane,01-08-2021
SC026,27-02-2021,0.6790434,Sugarcane,01-08-2021
SC026,27-02-2022,0.39944598,Sugarcane,01-08-2021
SC026,28-04-2021,0.18080853,Sugarcane,01-08-2021
SC026,28-04-2022,0.39141256,Sugarcane,01-08-2021
SC026,28-05-2022,0.36064115,Sugarcane,01-08-2021
SC026,29-03-2021,0.29545453,Sugarcane,01-08-2021
SC026,29-03-2022,0.34347826,Sugarcane,01-08-2021
SC026,30-09-2021,0.75029725,Sugarcane,01-08-2021
SC026,30-10-2021,0.62039495,Sugarcane,01-08-2021
SC028,02-06-2021,0.68421054,Sugarcane,01-08-2021
SC028,03-01-2021,0.39279956,Sugarcane,01-08-2021
SC028,03-04-2021,0.1792162,Sugarcane,01-08-2021
SC028,04-03-2021,0.35699934,Sugarcane,01-08-2021
SC028,04-03-2022,0.35784853,Sugarcane,01-08-2021
SC028,04-11-2021,0.4144893,Sugarcane,01-08-2021
SC028,04-12-2021,0.5651515,Sugarcane,01-08-2021
SC028,07-02-2021,0.4181714,Sugarcane,01-08-2021
SC028,07-06-2021,0.596381,Sugarcane,01-08-2021
SC028,08-01-2021,0.5715116,Sugarcane,01-08-2021
SC028,08-04-2021,0.16975749,Sugarcane,01-08-2021
SC028,08-04-2022,0.4756791,Sugarcane,01-08-2021
SC028,08-05-2021,0.34604275,Sugarcane,01-08-2021
SC028,09-03-2021,0.31161782,Sugarcane,01-08-2021
SC028,09-03-2022,0.36630246,Sugarcane,01-08-2021
SC028,09-12-2021,0.40414834,Sugarcane,01-08-2021
SC028,10-10-2021,0.59359604,Sugarcane,01-08-2021
SC028,12-02-2022,0.3211111,Sugarcane,01-08-2021
SC028,13-01-2022,0.49633577,Sugarcane,01-08-2021
SC028,13-04-2021,0.19411765,Sugarcane,01-08-2021
SC028,14-03-2021,0.2015855,Sugarcane,01-08-2021
SC028,14-03-2022,0.35730088,Sugarcane,01-08-2021
SC028,14-11-2021,0.42656407,Sugarcane,01-08-2021
SC028,15-10-2021,0.6408014,Sugarcane,01-08-2021
SC028,17-02-2021,0.37811485,Sugarcane,01-08-2021
SC028,17-02-2022,0.2985318,Sugarcane,01-08-2021
SC028,18-04-2021,0.16520938,Sugarcane,01-08-2021
SC028,18-04-2022,0.38790035,Sugarcane,01-08-2021
SC028,18-05-2022,0.48688048,Sugarcane,01-08-2021
SC028,19-03-2022,0.39975992,Sugarcane,01-08-2021
SC028,22-02-2021,0.33722782,Sugarcane,01-08-2021
SC028,22-02-2022,0.33577025,Sugarcane,01-08-2021
SC028,23-04-2021,0.16768666,Sugarcane,01-08-2021
SC028,23-04-2022,0.56693333,Sugarcane,01-08-2021
SC028,23-05-2021,0.54265845,Sugarcane,01-08-2021
SC028,23-05-2022,0.5519677,Sugarcane,01-08-2021
SC028,24-03-2022,0.33912036,Sugarcane,01-08-2021
SC028,24-11-2021,0.5663916,Sugarcane,01-08-2021
SC028,25-10-2021,0.6202805,Sugarcane,01-08-2021
SC028,27-02-2021,0.38722616,Sugarcane,01-08-2021
SC028,27-02-2022,0.36,Sugarcane,01-08-2021
SC028,28-04-2021,0.16358952,Sugarcane,01-08-2021
SC028,28-04-2022,0.54876614,Sugarcane,01-08-2021
SC028,28-05-2022,0.22001588,Sugarcane,01-08-2021
SC028,29-03-2021,0.17541371,Sugarcane,01-08-2021
SC028,29-03-2022,0.36830482,Sugarcane,01-08-2021
SC028,30-09-2021,0.69502836,Sugarcane,01-08-2021
SC028,30-10-2021,0.51100576,Sugarcane,01-08-2021
SC029,02-06-2021,0.46623793,Sugarcane,01-08-2021
SC029,03-01-2021,0.3530415,Sugarcane,01-08-2021
SC029,03-04-2021,0.29456112,Sugarcane,01-08-2021
SC029,04-03-2021,0.6604151,Sugarcane,01-08-2021
SC029,04-03-2022,0.34529868,Sugarcane,01-08-2021
SC029,04-11-2021,0.47401908,Sugarcane,01-08-2021
SC029,04-12-2021,0.49832326,Sugarcane,01-08-2021
SC029,07-02-2021,0.64424175,Sugarcane,01-08-2021
SC029,07-06-2021,0.4960262,Sugarcane,01-08-2021
SC029,08-01-2021,0.58537304,Sugarcane,01-08-2021
SC029,08-04-2021,0.28547764,Sugarcane,01-08-2021
SC029,08-04-2022,0.2252341,Sugarcane,01-08-2021
SC029,08-05-2021,0.24093392,Sugarcane,01-08-2021
SC029,09-03-2021,0.58400446,Sugarcane,01-08-2021
SC029,09-03-2022,0.3636122,Sugarcane,01-08-2021
SC029,09-12-2021,0.3517647,Sugarcane,01-08-2021
SC029,10-10-2021,0.70907986,Sugarcane,01-08-2021
SC029,12-02-2022,0.4564539,Sugarcane,01-08-2021
SC029,13-01-2022,0.47122073,Sugarcane,01-08-2021
SC029,13-04-2021,0.3668763,Sugarcane,01-08-2021
SC029,14-03-2021,0.46344447,Sugarcane,01-08-2021
SC029,14-03-2022,0.3164557,Sugarcane,01-08-2021
SC029,14-11-2021,0.44678396,Sugarcane,01-08-2021
SC029,15-10-2021,0.72170687,Sugarcane,01-08-2021
SC029,17-02-2021,0.4291939,Sugarcane,01-08-2021
SC029,17-02-2022,0.4845006,Sugarcane,01-08-2021
SC029,18-04-2021,0.29268292,Sugarcane,01-08-2021
SC029,18-04-2022,0.27842227,Sugarcane,01-08-2021
SC029,18-05-2022,0.5904467,Sugarcane,01-08-2021
SC029,19-03-2022,0.33165196,Sugarcane,01-08-2021
SC029,22-02-2021,0.514862,Sugarcane,01-08-2021
SC029,22-02-2022,0.38223553,Sugarcane,01-08-2021
SC029,23-04-2021,0.29333332,Sugarcane,01-08-2021
SC029,23-04-2022,0.34610122,Sugarcane,01-08-2021
SC029,23-05-2021,0.30216247,Sugarcane,01-08-2021
SC029,23-05-2022,0.65734106,Sugarcane,01-08-2021
SC029,24-03-2022,0.28446773,Sugarcane,01-08-2021
SC029,24-11-2021,0.54883426,Sugarcane,01-08-2021
SC029,25-10-2021,0.68907565,Sugarcane,01-08-2021
SC029,27-02-2021,0.63837636,Sugarcane,01-08-2021
SC029,27-02-2022,0.15320042,Sugarcane,01-08-2021
SC029,28-04-2021,0.26921424,Sugarcane,01-08-2021
SC029,28-04-2022,0.3551708,Sugarcane,01-08-2021
SC029,28-05-2022,0.3855702,Sugarcane,01-08-2021
SC029,29-03-2021,0.41067284,Sugarcane,01-08-2021
SC029,29-03-2022,0.3286052,Sugarcane,01-08-2021
SC029,30-09-2021,0.78208387,Sugarcane,01-08-2021
SC029,30-10-2021,0.5714703,Sugarcane,01-08-2021
SC032,02-06-2021,0.66850275,Sugarcane,01-08-2021
SC032,03-01-2021,0.3651613,Sugarcane,01-08-2021
SC032,03-04-2021,0.23233908,Sugarcane,01-08-2021
SC032,04-03-2021,0.5255973,Sugarcane,01-08-2021
SC032,04-03-2022,0.4477102,Sugarcane,01-08-2021
SC032,04-11-2021,0.5213984,Sugarcane,01-08-2021
SC032,04-12-2021,0.56551725,Sugarcane,01-08-2021
SC032,07-02-2021,0.50728256,Sugarcane,01-08-2021
SC032,07-06-2021,0.65032196,Sugarcane,01-08-2021
SC032,08-01-2021,0.52309424,Sugarcane,01-08-2021
SC032,08-04-2021,0.22454424,Sugarcane,01-08-2021
SC032,08-04-2022,0.29733333,Sugarcane,01-08-2021
SC032,08-05-2021,0.35103816,Sugarcane,01-08-2021
SC032,09-03-2021,0.44994417,Sugarcane,01-08-2021
SC032,09-03-2022,0.27759197,Sugarcane,01-08-2021
SC032,09-12-2021,0.4660407,Sugarcane,01-08-2021
SC032,10-10-2021,0.60509557,Sugarcane,01-08-2021
SC032,12-02-2022,0.44242424,Sugarcane,01-08-2021
SC032,13-01-2022,0.2816616,Sugarcane,01-08-2021
SC032,13-04-2021,0.23272091,Sugarcane,01-08-2021
SC032,14-03-2021,0.38181818,Sugarcane,01-08-2021
SC032,14-03-2022,0.25268817,Sugarcane,01-08-2021
SC032,14-11-2021,0.5431982,Sugarcane,01-08-2021
SC032,15-10-2021,0.65579456,Sugarcane,01-08-2021
SC032,17-02-2021,0.32074198,Sugarcane,01-08-2021
SC032,17-02-2022,0.45354816,Sugarcane,01-08-2021
SC032,18-04-2021,0.23462631,Sugarcane,01-08-2021
SC032,18-04-2022,0.36576122,Sugarcane,01-08-2021
SC032,18-05-2022,0.64167476,Sugarcane,01-08-2021
SC032,19-03-2022,0.21114865,Sugarcane,01-08-2021
SC032,22-02-2021,0.39449543,Sugarcane,01-08-2021
SC032,22-02-2022,0.42236525,Sugarcane,01-08-2021
SC032,23-04-2021,0.27256754,Sugarcane,01-08-2021
SC032,23-04-2022,0.4301614,Sugarcane,01-08-2021
SC032,23-05-2021,0.55653757,Sugarcane,01-08-2021
SC032,23-05-2022,0.70929945,Sugarcane,01-08-2021
SC032,24-03-2022,0.21944444,Sugarcane,01-08-2021
SC032,24-11-2021,0.675413,Sugarcane,01-08-2021
SC032,25-10-2021,0.64882374,Sugarcane,01-08-2021
SC032,27-02-2021,0.5103946,Sugarcane,01-08-2021
SC032,27-02-2022,0.378882,Sugarcane,01-08-2021
SC032,28-04-2021,0.298593,Sugarcane,01-08-2021
SC032,28-04-2022,0.53896105,Sugarcane,01-08-2021
SC032,28-05-2022,0.46901172,Sugarcane,01-08-2021
SC032,29-03-2021,0.23875114,Sugarcane,01-08-2021
SC032,29-03-2022,0.23373838,Sugarcane,01-08-2021
SC032,30-09-2021,0.67642,Sugarcane,01-08-2021
SC032,30-10-2021,0.59765625,Sugarcane,01-08-2021
SC033,02-06-2021,0.65592575,Sugarcane,01-08-2021
SC033,03-01-2021,0.39255553,Sugarcane,01-08-2021
SC033,03-04-2021,0.49731985,Sugarcane,01-08-2021
SC033,04-03-2021,0.55034286,Sugarcane,01-08-2021
SC033,04-03-2022,0.54211664,Sugarcane,01-08-2021
SC033,04-11-2021,0.48331612,Sugarcane,01-08-2021
SC033,04-12-2021,0.4676259,Sugarcane,01-08-2021
SC033,07-02-2021,0.5648352,Sugarcane,01-08-2021
SC033,07-06-2021,0.6368184,Sugarcane,01-08-2021
SC033,08-01-2021,0.51898736,Sugarcane,01-08-2021
SC033,08-04-2021,0.39598146,Sugarcane,01-08-2021
SC033,08-04-2022,0.6220352,Sugarcane,01-08-2021
SC033,08-05-2021,0.40473506,Sugarcane,01-08-2021
SC033,09-03-2021,0.5152531,Sugarcane,01-08-2021
SC033,09-03-2022,0.55988264,Sugarcane,01-08-2021
SC033,09-12-2021,0.3951253,Sugarcane,01-08-2021
SC033,10-10-2021,0.5612457,Sugarcane,01-08-2021
SC033,12-02-2022,0.39881346,Sugarcane,01-08-2021
SC033,13-01-2022,0.098810986,Sugarcane,01-08-2021
SC033,13-04-2021,0.37619853,Sugarcane,01-08-2021
SC033,14-03-2021,0.44647887,Sugarcane,01-08-2021
SC033,14-03-2022,0.5783098,Sugarcane,01-08-2021
SC033,14-11-2021,0.47073978,Sugarcane,01-08-2021
SC033,15-10-2021,0.5825814,Sugarcane,01-08-2021
SC033,17-02-2021,0.40726072,Sugarcane,01-08-2021
SC033,17-02-2022,0.38918206,Sugarcane,01-08-2021
SC033,18-04-2021,0.34839725,Sugarcane,01-08-2021
SC033,18-04-2022,0.5066282,Sugarcane,01-08-2021
SC033,18-05-2022,0.40490195,Sugarcane,01-08-2021
SC033,19-03-2022,0.53226763,Sugarcane,01-08-2021
SC033,22-02-2021,0.4549125,Sugarcane,01-08-2021
SC033,22-02-2022,0.30673316,Sugarcane,01-08-2021
SC033,23-04-2021,0.34598103,Sugarcane,01-08-2021
SC033,23-04-2022,0.26061204,Sugarcane,01-08-2021
SC033,23-05-2021,0.503876,Sugarcane,01-08-2021
SC033,23-05-2022,0.4550697,Sugarcane,01-08-2021
SC033,24-03-2022,0.42489773,Sugarcane,01-08-2021
SC033,24-11-2021,0.61478937,Sugarcane,01-08-2021
SC033,25-10-2021,0.5810706,Sugarcane,01-08-2021
SC033,27-02-2021,0.63205826,Sugarcane,01-08-2021
SC033,27-02-2022,0.41676942,Sugarcane,01-08-2021
SC033,28-04-2021,0.3500272,Sugarcane,01-08-2021
SC033,28-04-2022,0.2646756,Sugarcane,01-08-2021
SC033,28-05-2022,0.38603297,Sugarcane,01-08-2021
SC033,29-03-2021,0.41855204,Sugarcane,01-08-2021
SC033,29-03-2022,0.41304973,Sugarcane,01-08-2021
SC033,30-09-2021,0.59339625,Sugarcane,01-08-2021
SC033,30-10-2021,0.5198205,Sugarcane,01-08-2021
SC036,02-06-2021,0.51974994,Sugarcane,01-08-2021
SC036,03-01-2021,0.2589548,Sugarcane,01-08-2021
SC036,03-04-2021,0.18714222,Sugarcane,01-08-2021
SC036,04-03-2021,0.22779456,Sugarcane,01-08-2021
SC036,04-03-2022,0.48422897,Sugarcane,01-08-2021
SC036,04-11-2021,0.37961227,Sugarcane,01-08-2021
SC036,04-12-2021,0.41051084,Sugarcane,01-08-2021
SC036,07-02-2021,0.25555208,Sugarcane,01-08-2021
SC036,07-06-2021,0.5306315,Sugarcane,01-08-2021
SC036,08-01-2021,0.31508517,Sugarcane,01-08-2021
SC036,08-04-2021,0.2112826,Sugarcane,01-08-2021
SC036,08-04-2022,0.45372167,Sugarcane,01-08-2021
SC036,08-05-2021,0.23007022,Sugarcane,01-08-2021
SC036,09-03-2021,0.26360857,Sugarcane,01-08-2021
SC036,09-03-2022,0.48357666,Sugarcane,01-08-2021
SC036,09-12-2021,0.33154002,Sugarcane,01-08-2021
SC036,10-10-2021,0.54619014,Sugarcane,01-08-2021
SC036,12-02-2022,0.44902635,Sugarcane,01-08-2021
SC036,13-01-2022,0.4061218,Sugarcane,01-08-2021
SC036,13-04-2021,0.22166999,Sugarcane,01-08-2021
SC036,14-03-2021,0.23284313,Sugarcane,01-08-2021
SC036,14-03-2022,0.46104276,Sugarcane,01-08-2021
SC036,14-11-2021,0.41336045,Sugarcane,01-08-2021
SC036,15-10-2021,0.54025584,Sugarcane,01-08-2021
SC036,17-02-2021,0.24831392,Sugarcane,01-08-2021
SC036,17-02-2022,0.44175318,Sugarcane,01-08-2021
SC036,18-04-2021,0.24394017,Sugarcane,01-08-2021
SC036,18-04-2022,0.3090909,Sugarcane,01-08-2021
SC036,18-05-2022,0.2789821,Sugarcane,01-08-2021
SC036,19-03-2022,0.46741855,Sugarcane,01-08-2021
SC036,22-02-2021,0.26365796,Sugarcane,01-08-2021
SC036,22-02-2022,0.42300084,Sugarcane,01-08-2021
SC036,23-04-2021,0.22546162,Sugarcane,01-08-2021
SC036,23-04-2022,0.36267233,Sugarcane,01-08-2021
SC036,23-05-2021,0.34980237,Sugarcane,01-08-2021
SC036,23-05-2022,0.3027436,Sugarcane,01-08-2021
SC036,24-03-2022,0.34387815,Sugarcane,01-08-2021
SC036,24-11-2021,0.36673346,Sugarcane,01-08-2021
SC036,25-10-2021,0.52373886,Sugarcane,01-08-2021
SC036,27-02-2021,0.247765,Sugarcane,01-08-2021
SC036,27-02-2022,0.307218,Sugarcane,01-08-2021
SC036,28-04-2021,0.27385893,Sugarcane,01-08-2021
SC036,28-04-2022,0.3287858,Sugarcane,01-08-2021
SC036,28-05-2022,0.15597783,Sugarcane,01-08-2021
SC036,29-03-2021,0.23517382,Sugarcane,01-08-2021
SC036,29-03-2022,0.3610946,Sugarcane,01-08-2021
SC036,30-09-2021,0.5941358,Sugarcane,01-08-2021
SC036,30-10-2021,0.44054055,Sugarcane,01-08-2021
SC037,02-06-2021,0.663449,Sugarcane,01-08-2021
SC037,03-01-2021,0.40228635,Sugarcane,01-08-2021
SC037,03-04-2021,0.19493392,Sugarcane,01-08-2021
SC037,04-03-2021,0.36265224,Sugarcane,01-08-2021
SC037,04-03-2022,0.44469914,Sugarcane,01-08-2021
SC037,04-11-2021,0.44566545,Sugarcane,01-08-2021
SC037,04-12-2021,0.3265934,Sugarcane,01-08-2021
SC037,07-02-2021,0.44014964,Sugarcane,01-08-2021
SC037,07-06-2021,0.6553013,Sugarcane,01-08-2021
SC037,08-01-2021,0.57585824,Sugarcane,01-08-2021
SC037,08-04-2021,0.20293951,Sugarcane,01-08-2021
SC037,08-04-2022,0.39044482,Sugarcane,01-08-2021
SC037,08-05-2021,0.29311165,Sugarcane,01-08-2021
SC037,09-03-2021,0.29246488,Sugarcane,01-08-2021
SC037,09-03-2022,0.43861672,Sugarcane,01-08-2021
SC037,09-12-2021,0.25603217,Sugarcane,01-08-2021
SC037,10-10-2021,0.6366057,Sugarcane,01-08-2021
SC037,12-02-2022,0.46690413,Sugarcane,01-08-2021
SC037,13-01-2022,0.3176788,Sugarcane,01-08-2021
SC037,13-04-2021,0.18656716,Sugarcane,01-08-2021
SC037,14-03-2021,0.2663809,Sugarcane,01-08-2021
SC037,14-03-2022,0.32410613,Sugarcane,01-08-2021
SC037,14-11-2021,0.3994638,Sugarcane,01-08-2021
SC037,15-10-2021,0.62083626,Sugarcane,01-08-2021
SC037,17-02-2021,0.32907718,Sugarcane,01-08-2021
SC037,17-02-2022,0.4605103,Sugarcane,01-08-2021
SC037,18-04-2021,0.24383849,Sugarcane,01-08-2021
SC037,18-04-2022,0.24956572,Sugarcane,01-08-2021
SC037,18-05-2022,0.3172691,Sugarcane,01-08-2021
SC037,19-03-2022,0.31648478,Sugarcane,01-08-2021
SC037,22-02-2021,0.3709959,Sugarcane,01-08-2021
SC037,22-02-2022,0.41680396,Sugarcane,01-08-2021
SC037,23-04-2021,0.25239617,Sugarcane,01-08-2021
SC037,23-04-2022,0.31695905,Sugarcane,01-08-2021
SC037,23-05-2021,0.49941793,Sugarcane,01-08-2021
SC037,23-05-2022,0.4091193,Sugarcane,01-08-2021
SC037,24-03-2022,0.27793375,Sugarcane,01-08-2021
SC037,24-11-2021,0.37373737,Sugarcane,01-08-2021
SC037,25-10-2021,0.5745876,Sugarcane,01-08-2021
SC037,27-02-2021,0.33129957,Sugarcane,01-08-2021
SC037,27-02-2022,0.45329586,Sugarcane,01-08-2021
SC037,28-04-2021,0.29945552,Sugarcane,01-08-2021
SC037,28-04-2022,0.41125,Sugarcane,01-08-2021
SC037,28-05-2022,0.29417,Sugarcane,01-08-2021
SC037,29-03-2021,0.21374866,Sugarcane,01-08-2021
SC037,29-03-2022,0.30005485,Sugarcane,01-08-2021
SC037,30-09-2021,0.6381088,Sugarcane,01-08-2021
SC037,30-10-2021,0.5018739,Sugarcane,01-08-2021
SC038,02-06-2021,0.67117584,Sugarcane,01-08-2021
SC038,03-01-2021,0.3836598,Sugarcane,01-08-2021
SC038,03-04-2021,0.13632959,Sugarcane,01-08-2021
SC038,04-03-2021,0.52238804,Sugarcane,01-08-2021
SC038,04-03-2022,0.44285715,Sugarcane,01-08-2021
SC038,04-11-2021,0.4232902,Sugarcane,01-08-2021
SC038,04-12-2021,0.5035162,Sugarcane,01-08-2021
SC038,07-02-2021,0.6679124,Sugarcane,01-08-2021
SC038,07-06-2021,0.62875384,Sugarcane,01-08-2021
SC038,08-01-2021,0.647473,Sugarcane,01-08-2021
SC038,08-04-2021,0.14533281,Sugarcane,01-08-2021
SC038,08-04-2022,0.47009504,Sugarcane,01-08-2021
SC038,08-05-2021,0.13390313,Sugarcane,01-08-2021
SC038,09-03-2021,0.38855585,Sugarcane,01-08-2021
SC038,09-03-2022,0.44641396,Sugarcane,01-08-2021
SC038,09-12-2021,0.4567585,Sugarcane,01-08-2021
SC038,10-10-2021,0.7543054,Sugarcane,01-08-2021
SC038,12-02-2022,0.4442808,Sugarcane,01-08-2021
SC038,13-01-2022,0.44080848,Sugarcane,01-08-2021
SC038,13-04-2021,0.1190234,Sugarcane,01-08-2021
SC038,14-03-2021,0.3305785,Sugarcane,01-08-2021
SC038,14-03-2022,0.39733332,Sugarcane,01-08-2021
SC038,14-11-2021,0.3917647,Sugarcane,01-08-2021
SC038,15-10-2021,0.75969243,Sugarcane,01-08-2021
SC038,17-02-2021,0.44178793,Sugarcane,01-08-2021
SC038,17-02-2022,0.3842328,Sugarcane,01-08-2021
SC038,18-04-2021,0.119397365,Sugarcane,01-08-2021
SC038,18-04-2022,0.37121212,Sugarcane,01-08-2021
SC038,18-05-2022,0.38247967,Sugarcane,01-08-2021
SC038,19-03-2022,0.37127072,Sugarcane,01-08-2021
SC038,22-02-2021,0.49944505,Sugarcane,01-08-2021
SC038,22-02-2022,0.41970804,Sugarcane,01-08-2021
SC038,23-04-2021,0.12430939,Sugarcane,01-08-2021
SC038,23-04-2022,0.4573157,Sugarcane,01-08-2021
SC038,23-05-2021,0.41875365,Sugarcane,01-08-2021
SC038,23-05-2022,0.5024201,Sugarcane,01-08-2021
SC038,24-03-2022,0.31341535,Sugarcane,01-08-2021
SC038,24-11-2021,0.49768305,Sugarcane,01-08-2021
SC038,25-10-2021,0.7082534,Sugarcane,01-08-2021
SC038,27-02-2021,0.5091662,Sugarcane,01-08-2021
SC038,27-02-2022,0.37773153,Sugarcane,01-08-2021
SC038,28-04-2021,0.10512484,Sugarcane,01-08-2021
SC038,28-04-2022,0.54214877,Sugarcane,01-08-2021
SC038,28-05-2022,0.2817955,Sugarcane,01-08-2021
SC038,29-03-2021,0.1579832,Sugarcane,01-08-2021
SC038,29-03-2022,0.3034826,Sugarcane,01-08-2021
SC038,30-09-2021,0.8145655,Sugarcane,01-08-2021
SC038,30-10-2021,0.5133774,Sugarcane,01-08-2021
SC039,02-06-2021,0.5041944,Sugarcane,01-08-2021
SC039,03-01-2021,0.43908322,Sugarcane,01-08-2021
SC039,03-04-2021,0.1671135,Sugarcane,01-08-2021
SC039,04-03-2021,0.5219024,Sugarcane,01-08-2021
SC039,04-03-2022,0.32128224,Sugarcane,01-08-2021
SC039,04-11-2021,0.4596291,Sugarcane,01-08-2021
SC039,04-12-2021,0.52401745,Sugarcane,01-08-2021
SC039,07-02-2021,0.6,Sugarcane,01-08-2021
SC039,07-06-2021,0.5696611,Sugarcane,01-08-2021
SC039,08-01-2021,0.60139656,Sugarcane,01-08-2021
SC039,08-04-2021,0.19480519,Sugarcane,01-08-2021
SC039,08-04-2022,0.39979756,Sugarcane,01-08-2021
SC039,08-05-2021,0.2526725,Sugarcane,01-08-2021
SC039,09-03-2021,0.38284397,Sugarcane,01-08-2021
SC039,09-03-2022,0.35904738,Sugarcane,01-08-2021
SC039,09-12-2021,0.39412868,Sugarcane,01-08-2021
SC039,10-10-2021,0.66998243,Sugarcane,01-08-2021
SC039,12-02-2022,0.3864906,Sugarcane,01-08-2021
SC039,13-01-2022,0.4373785,Sugarcane,01-08-2021
SC039,13-04-2021,0.23853211,Sugarcane,01-08-2021
SC039,14-03-2021,0.32678133,Sugarcane,01-08-2021
SC039,14-03-2022,0.2889355,Sugarcane,01-08-2021
SC039,14-11-2021,0.44084027,Sugarcane,01-08-2021
SC039,15-10-2021,0.7042165,Sugarcane,01-08-2021
SC039,17-02-2021,0.4485219,Sugarcane,01-08-2021
SC039,17-02-2022,0.35323384,Sugarcane,01-08-2021
SC039,18-04-2021,0.26864147,Sugarcane,01-08-2021
SC039,18-04-2022,0.2962374,Sugarcane,01-08-2021
SC039,18-05-2022,0.26423904,Sugarcane,01-08-2021
SC039,19-03-2022,0.33189422,Sugarcane,01-08-2021
SC039,22-02-2021,0.46659815,Sugarcane,01-08-2021
SC039,22-02-2022,0.3625935,Sugarcane,01-08-2021
SC039,23-04-2021,0.24473792,Sugarcane,01-08-2021
SC039,23-04-2022,0.32640144,Sugarcane,01-08-2021
SC039,23-05-2021,0.42432582,Sugarcane,01-08-2021
SC039,23-05-2022,0.3442786,Sugarcane,01-08-2021
SC039,24-03-2022,0.31800765,Sugarcane,01-08-2021
SC039,24-11-2021,0.4594265,Sugarcane,01-08-2021
SC039,25-10-2021,0.65835863,Sugarcane,01-08-2021
SC039,27-02-2021,0.4676806,Sugarcane,01-08-2021
SC039,27-02-2022,0.36652836,Sugarcane,01-08-2021
SC039,28-04-2021,0.29860753,Sugarcane,01-08-2021
SC039,28-04-2022,0.2554855,Sugarcane,01-08-2021
SC039,28-05-2022,0.17822921,Sugarcane,01-08-2021
SC039,29-03-2021,0.226642,Sugarcane,01-08-2021
SC039,29-03-2022,0.30262452,Sugarcane,01-08-2021
SC039,30-09-2021,0.7450151,Sugarcane,01-08-2021
SC039,30-10-2021,0.5449473,Sugarcane,01-08-2021
SC040,02-06-2021,0.4416961,Sugarcane,01-08-2021
SC040,03-01-2021,0.43492064,Sugarcane,01-08-2021
SC040,03-04-2021,0.18910082,Sugarcane,01-08-2021
SC040,04-03-2021,0.7234103,Sugarcane,01-08-2021
SC040,04-03-2022,0.41305673,Sugarcane,01-08-2021
SC040,04-11-2021,0.49822485,Sugarcane,01-08-2021
SC040,04-12-2021,0.56816393,Sugarcane,01-08-2021
SC040,07-02-2021,0.74883723,Sugarcane,01-08-2021
SC040,07-06-2021,0.4549085,Sugarcane,01-08-2021
SC040,08-01-2021,0.66027397,Sugarcane,01-08-2021
SC040,08-04-2021,0.22915101,Sugarcane,01-08-2021
SC040,08-04-2022,0.6585655,Sugarcane,01-08-2021
SC040,08-05-2021,0.29329073,Sugarcane,01-08-2021
SC040,09-03-2021,0.5855536,Sugarcane,01-08-2021
SC040,09-03-2022,0.44958782,Sugarcane,01-08-2021
SC040,09-12-2021,0.43734014,Sugarcane,01-08-2021
SC040,10-10-2021,0.71028334,Sugarcane,01-08-2021
SC040,12-02-2022,0.36340854,Sugarcane,01-08-2021
SC040,13-01-2022,0.49351537,Sugarcane,01-08-2021
SC040,13-04-2021,0.21684414,Sugarcane,01-08-2021
SC040,14-03-2021,0.3698803,Sugarcane,01-08-2021
SC040,14-03-2022,0.43480897,Sugarcane,01-08-2021
SC040,14-11-2021,0.46513116,Sugarcane,01-08-2021
SC040,15-10-2021,0.73662287,Sugarcane,01-08-2021
SC040,17-02-2021,0.5187892,Sugarcane,01-08-2021
SC040,17-02-2022,0.38989636,Sugarcane,01-08-2021
SC040,18-04-2021,0.17626218,Sugarcane,01-08-2021
SC040,18-04-2022,0.40095466,Sugarcane,01-08-2021
SC040,18-05-2022,0.46380544,Sugarcane,01-08-2021
SC040,19-03-2022,0.45873016,Sugarcane,01-08-2021
SC040,22-02-2021,0.6012625,Sugarcane,01-08-2021
SC040,22-02-2022,0.38799077,Sugarcane,01-08-2021
SC040,23-04-2021,0.19069381,Sugarcane,01-08-2021
SC040,23-04-2022,0.5985446,Sugarcane,01-08-2021
SC040,23-05-2021,0.40380827,Sugarcane,01-08-2021
SC040,23-05-2022,0.5927806,Sugarcane,01-08-2021
SC040,24-03-2022,0.4185185,Sugarcane,01-08-2021
SC040,24-11-2021,0.5513256,Sugarcane,01-08-2021
SC040,25-10-2021,0.67142856,Sugarcane,01-08-2021
SC040,27-02-2021,0.6949339,Sugarcane,01-08-2021
SC040,27-02-2022,-0.014263075,Sugarcane,01-08-2021
SC040,28-04-2021,0.24462011,Sugarcane,01-08-2021
SC040,28-04-2022,0.6007205,Sugarcane,01-08-2021
SC040,28-05-2022,0.28436232,Sugarcane,01-08-2021
SC040,29-03-2021,0.21725732,Sugarcane,01-08-2021
SC040,29-03-2022,0.45144805,Sugarcane,01-08-2021
SC040,30-09-2021,0.7576899,Sugarcane,01-08-2021
SC040,30-10-2021,0.559633,Sugarcane,01-08-2021
SC041,02-06-2021,0.7592593,Sugarcane,01-08-2021
SC041,03-01-2021,0.21286173,Sugarcane,01-08-2021
SC041,03-04-2021,0.31390408,Sugarcane,01-08-2021
SC041,04-03-2021,0.30028737,Sugarcane,01-08-2021
SC041,04-03-2022,0.38971582,Sugarcane,01-08-2021
SC041,04-11-2021,0.5407895,Sugarcane,01-08-2021
SC041,04-12-2021,0.5048544,Sugarcane,01-08-2021
SC041,07-02-2021,0.27407408,Sugarcane,01-08-2021
SC041,07-06-2021,0.6950954,Sugarcane,01-08-2021
SC041,08-01-2021,0.24257426,Sugarcane,01-08-2021
SC041,08-04-2021,0.25121555,Sugarcane,01-08-2021
SC041,08-04-2022,0.37113044,Sugarcane,01-08-2021
SC041,08-05-2021,0.3501805,Sugarcane,01-08-2021
SC041,09-03-2021,0.21834862,Sugarcane,01-08-2021
SC041,09-03-2022,0.30815348,Sugarcane,01-08-2021
SC041,09-12-2021,0.4291939,Sugarcane,01-08-2021
SC041,10-10-2021,0.62855256,Sugarcane,01-08-2021
SC041,12-02-2022,0.4312634,Sugarcane,01-08-2021
SC041,13-01-2022,0.08118701,Sugarcane,01-08-2021
SC041,13-04-2021,0.28391168,Sugarcane,01-08-2021
SC041,14-03-2021,0.2534819,Sugarcane,01-08-2021
SC041,14-03-2022,0.31233823,Sugarcane,01-08-2021
SC041,14-11-2021,0.54275495,Sugarcane,01-08-2021
SC041,15-10-2021,0.6902033,Sugarcane,01-08-2021
SC041,17-02-2021,0.22253129,Sugarcane,01-08-2021
SC041,17-02-2022,0.49530202,Sugarcane,01-08-2021
SC041,18-04-2021,0.270183,Sugarcane,01-08-2021
SC041,18-04-2022,0.37605634,Sugarcane,01-08-2021
SC041,18-05-2022,0.49726775,Sugarcane,01-08-2021
SC041,19-03-2022,0.26539925,Sugarcane,01-08-2021
SC041,22-02-2021,0.25637394,Sugarcane,01-08-2021
SC041,22-02-2022,0.29250816,Sugarcane,01-08-2021
SC041,23-04-2021,0.35538355,Sugarcane,01-08-2021
SC041,23-04-2022,0.3082489,Sugarcane,01-08-2021
SC041,23-05-2021,0.6131272,Sugarcane,01-08-2021
SC041,23-05-2022,0.6252964,Sugarcane,01-08-2021
SC041,24-03-2022,0.25641027,Sugarcane,01-08-2021
SC041,24-11-2021,0.769523,Sugarcane,01-08-2021
SC041,25-10-2021,0.6632545,Sugarcane,01-08-2021
SC041,27-02-2021,0.36271808,Sugarcane,01-08-2021
SC041,27-02-2022,0.33551985,Sugarcane,01-08-2021
SC041,28-04-2021,0.40344402,Sugarcane,01-08-2021
SC041,28-04-2022,0.38388124,Sugarcane,01-08-2021
SC041,28-05-2022,0.45194456,Sugarcane,01-08-2021
SC041,29-03-2021,0.25598335,Sugarcane,01-08-2021
SC041,29-03-2022,0.30417755,Sugarcane,01-08-2021
SC041,30-09-2021,0.69701606,Sugarcane,01-08-2021
SC041,30-10-2021,0.5975566,Sugarcane,01-08-2021
SC045,02-06-2021,0.60673547,Sugarcane,01-08-2021
SC045,03-01-2021,0.3691275,Sugarcane,01-08-2021
SC045,03-04-2021,0.39836335,Sugarcane,01-08-2021
SC045,04-03-2021,0.65669554,Sugarcane,01-08-2021
SC045,04-03-2022,0.55604076,Sugarcane,01-08-2021
SC045,04-11-2021,0.47345376,Sugarcane,01-08-2021
SC045,04-12-2021,0.50017023,Sugarcane,01-08-2021
SC045,07-02-2021,0.60655737,Sugarcane,01-08-2021
SC045,07-06-2021,0.5280038,Sugarcane,01-08-2021
SC045,08-01-2021,0.5455349,Sugarcane,01-08-2021
SC045,08-04-2021,0.19343252,Sugarcane,01-08-2021
SC045,08-04-2022,0.57951903,Sugarcane,01-08-2021
SC045,08-05-2021,0.25230768,Sugarcane,01-08-2021
SC045,09-03-2021,0.5989477,Sugarcane,01-08-2021
SC045,09-03-2022,0.5359358,Sugarcane,01-08-2021
SC045,09-12-2021,0.38262478,Sugarcane,01-08-2021
SC045,10-10-2021,0.7008765,Sugarcane,01-08-2021
SC045,12-02-2022,0.4798387,Sugarcane,01-08-2021
SC045,13-01-2022,0.3876853,Sugarcane,01-08-2021
SC045,13-04-2021,0.17589721,Sugarcane,01-08-2021
SC045,14-03-2021,0.44754812,Sugarcane,01-08-2021
SC045,14-03-2022,0.5472845,Sugarcane,01-08-2021
SC045,14-11-2021,0.51949984,Sugarcane,01-08-2021
SC045,15-10-2021,0.70829535,Sugarcane,01-08-2021
SC045,17-02-2021,0.50149494,Sugarcane,01-08-2021
SC045,17-02-2022,0.5353463,Sugarcane,01-08-2021
SC045,18-04-2021,0.14086094,Sugarcane,01-08-2021
SC045,18-04-2022,0.30936947,Sugarcane,01-08-2021
SC045,18-05-2022,0.45669663,Sugarcane,01-08-2021
SC045,19-03-2022,0.48237807,Sugarcane,01-08-2021
SC045,22-02-2021,0.56034726,Sugarcane,01-08-2021
SC045,22-02-2022,0.53768843,Sugarcane,01-08-2021
SC045,23-04-2021,0.17906336,Sugarcane,01-08-2021
SC045,23-04-2022,0.32041278,Sugarcane,01-08-2021
SC045,23-05-2021,0.47035572,Sugarcane,01-08-2021
SC045,23-05-2022,0.56234354,Sugarcane,01-08-2021
SC045,24-03-2022,0.33634603,Sugarcane,01-08-2021
SC045,24-11-2021,0.56585366,Sugarcane,01-08-2021
SC045,25-10-2021,0.6910047,Sugarcane,01-08-2021
SC045,27-02-2021,0.7015458,Sugarcane,01-08-2021
SC045,27-02-2022,0.4885732,Sugarcane,01-08-2021
SC045,28-04-2021,0.18758315,Sugarcane,01-08-2021
SC045,28-04-2022,0.2861635,Sugarcane,01-08-2021
SC045,28-05-2022,0.35355285,Sugarcane,01-08-2021
SC045,29-03-2021,0.3087448,Sugarcane,01-08-2021
SC045,29-03-2022,0.36970836,Sugarcane,01-08-2021
SC045,30-09-2021,0.75733495,Sugarcane,01-08-2021
SC045,30-10-2021,0.5988456,Sugarcane,01-08-2021
SC046,02-06-2021,0.8172751,Sugarcane,01-08-2021
SC046,03-01-2021,0.32065573,Sugarcane,01-08-2021
SC046,03-04-2021,0.19709897,Sugarcane,01-08-2021
SC046,04-03-2021,0.26365423,Sugarcane,01-08-2021
SC046,04-03-2022,0.29139784,Sugarcane,01-08-2021
SC046,04-11-2021,0.5804481,Sugarcane,01-08-2021
SC046,04-12-2021,0.5342087,Sugarcane,01-08-2021
SC046,07-02-2021,0.40192154,Sugarcane,01-08-2021
SC046,07-06-2021,0.75214726,Sugarcane,01-08-2021
SC046,08-01-2021,0.4297678,Sugarcane,01-08-2021
SC046,08-04-2021,0.22722723,Sugarcane,01-08-2021
SC046,08-04-2022,0.16342965,Sugarcane,01-08-2021
SC046,08-05-2021,0.5513529,Sugarcane,01-08-2021
SC046,09-03-2021,0.19188768,Sugarcane,01-08-2021
SC046,09-03-2022,0.29,Sugarcane,01-08-2021
SC046,09-12-2021,0.4645874,Sugarcane,01-08-2021
SC046,10-10-2021,0.73659056,Sugarcane,01-08-2021
SC046,12-02-2022,0.4186414,Sugarcane,01-08-2021
SC046,13-01-2022,0.12400733,Sugarcane,01-08-2021
SC046,13-04-2021,0.30590063,Sugarcane,01-08-2021
SC046,14-03-2021,0.16839238,Sugarcane,01-08-2021
SC046,14-03-2022,0.2606526,Sugarcane,01-08-2021
SC046,14-11-2021,0.56657964,Sugarcane,01-08-2021
SC046,15-10-2021,0.7652707,Sugarcane,01-08-2021
SC046,17-02-2021,0.2882353,Sugarcane,01-08-2021
SC046,17-02-2022,0.4624841,Sugarcane,01-08-2021
SC046,18-04-2021,0.3271523,Sugarcane,01-08-2021
SC046,18-04-2022,0.21457087,Sugarcane,01-08-2021
SC046,18-05-2022,0.4091333,Sugarcane,01-08-2021
SC046,19-03-2022,0.25129727,Sugarcane,01-08-2021
SC046,22-02-2021,0.23248819,Sugarcane,01-08-2021
SC046,22-02-2022,0.27251863,Sugarcane,01-08-2021
SC046,23-04-2021,0.30817053,Sugarcane,01-08-2021
SC046,23-04-2022,0.2502242,Sugarcane,01-08-2021
SC046,23-05-2021,0.7585746,Sugarcane,01-08-2021
SC046,23-05-2022,0.4841681,Sugarcane,01-08-2021
SC046,24-03-2022,0.2536913,Sugarcane,01-08-2021
SC046,24-11-2021,0.74305326,Sugarcane,01-08-2021
SC046,25-10-2021,0.7347101,Sugarcane,01-08-2021
SC046,27-02-2021,0.25889328,Sugarcane,01-08-2021
SC046,27-02-2022,0.28125,Sugarcane,01-08-2021
SC046,28-04-2021,0.32894737,Sugarcane,01-08-2021
SC046,28-04-2022,0.21352658,Sugarcane,01-08-2021
SC046,28-05-2022,0.38112858,Sugarcane,01-08-2021
SC046,29-03-2021,0.20891365,Sugarcane,01-08-2021
SC046,29-03-2022,0.19710295,Sugarcane,01-08-2021
SC046,30-09-2021,0.7834231,Sugarcane,01-08-2021
SC046,30-10-2021,0.6685652,Sugarcane,01-08-2021
SC047,02-06-2021,0.6499731,Sugarcane,01-08-2021
SC047,03-01-2021,0.4499397,Sugarcane,01-08-2021
SC047,03-04-2021,0.36516,Sugarcane,01-08-2021
SC047,04-03-2021,0.5042493,Sugarcane,01-08-2021
SC047,04-03-2022,0.41785526,Sugarcane,01-08-2021
SC047,04-11-2021,0.40906018,Sugarcane,01-08-2021
SC047,04-12-2021,0.33230412,Sugarcane,01-08-2021
SC047,07-02-2021,0.6340819,Sugarcane,01-08-2021
SC047,07-06-2021,0.51303494,Sugarcane,01-08-2021
SC047,08-01-2021,0.6039604,Sugarcane,01-08-2021
SC047,08-04-2021,0.29782608,Sugarcane,01-08-2021
SC047,08-04-2022,0.27373528,Sugarcane,01-08-2021
SC047,08-05-2021,0.25070688,Sugarcane,01-08-2021
SC047,09-03-2021,0.3809372,Sugarcane,01-08-2021
SC047,09-03-2022,0.42742857,Sugarcane,01-08-2021
SC047,09-12-2021,0.33854166,Sugarcane,01-08-2021
SC047,10-10-2021,0.6002441,Sugarcane,01-08-2021
SC047,12-02-2022,0.5381883,Sugarcane,01-08-2021
SC047,13-01-2022,0.12608516,Sugarcane,01-08-2021
SC047,13-04-2021,0.3165068,Sugarcane,01-08-2021
SC047,14-03-2021,0.31735015,Sugarcane,01-08-2021
SC047,14-03-2022,0.46560663,Sugarcane,01-08-2021
SC047,14-11-2021,0.3908167,Sugarcane,01-08-2021
SC047,15-10-2021,0.6132996,Sugarcane,01-08-2021
SC047,17-02-2021,0.4463277,Sugarcane,01-08-2021
SC047,17-02-2022,0.42351145,Sugarcane,01-08-2021
SC047,18-04-2021,0.2729124,Sugarcane,01-08-2021
SC047,18-04-2022,0.37441254,Sugarcane,01-08-2021
SC047,18-05-2022,0.54327035,Sugarcane,01-08-2021
SC047,19-03-2022,0.42237762,Sugarcane,01-08-2021
SC047,22-02-2021,0.50132275,Sugarcane,01-08-2021
SC047,22-02-2022,0.35300207,Sugarcane,01-08-2021
SC047,23-04-2021,0.30100816,Sugarcane,01-08-2021
SC047,23-04-2022,0.4271556,Sugarcane,01-08-2021
SC047,23-05-2021,0.57683486,Sugarcane,01-08-2021
SC047,23-05-2022,0.60195756,Sugarcane,01-08-2021
SC047,24-03-2022,0.2814949,Sugarcane,01-08-2021
SC047,24-11-2021,0.48135298,Sugarcane,01-08-2021
SC047,25-10-2021,0.56312054,Sugarcane,01-08-2021
SC047,27-02-2021,0.6232749,Sugarcane,01-08-2021
SC047,27-02-2022,0.3477059,Sugarcane,01-08-2021
SC047,28-04-2021,0.30214205,Sugarcane,01-08-2021
SC047,28-04-2022,0.4147982,Sugarcane,01-08-2021
SC047,28-05-2022,0.441028,Sugarcane,01-08-2021
SC047,29-03-2021,0.3491892,Sugarcane,01-08-2021
SC047,29-03-2022,0.24498886,Sugarcane,01-08-2021
SC047,30-09-2021,0.6585567,Sugarcane,01-08-2021
SC047,30-10-2021,0.42941874,Sugarcane,01-08-2021
SC049,02-06-2021,0.74449337,Sugarcane,01-08-2021
SC049,03-01-2021,0.3898182,Sugarcane,01-08-2021
SC049,03-04-2021,0.46085072,Sugarcane,01-08-2021
SC049,04-03-2021,0.3367501,Sugarcane,01-08-2021
SC049,04-03-2022,0.32309702,Sugarcane,01-08-2021
SC049,04-11-2021,0.51747465,Sugarcane,01-08-2021
SC049,04-12-2021,0.6200145,Sugarcane,01-08-2021
SC049,07-02-2021,0.5166976,Sugarcane,01-08-2021
SC049,07-06-2021,0.71549577,Sugarcane,01-08-2021
SC049,08-01-2021,0.51965064,Sugarcane,01-08-2021
SC049,08-04-2021,0.3827893,Sugarcane,01-08-2021
SC049,08-04-2022,0.30560368,Sugarcane,01-08-2021
SC049,08-05-2021,0.5344086,Sugarcane,01-08-2021
SC049,09-03-2021,0.33415234,Sugarcane,01-08-2021
SC049,09-03-2022,0.2829834,Sugarcane,01-08-2021
SC049,09-12-2021,0.4557908,Sugarcane,01-08-2021
SC049,10-10-2021,0.71573603,Sugarcane,01-08-2021
SC049,12-02-2022,0.35408023,Sugarcane,01-08-2021
SC049,13-01-2022,0.42906696,Sugarcane,01-08-2021
SC049,13-04-2021,0.45564738,Sugarcane,01-08-2021
SC049,14-03-2021,0.30650154,Sugarcane,01-08-2021
SC049,14-03-2022,0.2689988,Sugarcane,01-08-2021
SC049,14-11-2021,0.5293748,Sugarcane,01-08-2021
SC049,15-10-2021,0.73612016,Sugarcane,01-08-2021
SC049,17-02-2021,0.2701882,Sugarcane,01-08-2021
SC049,17-02-2022,0.3588317,Sugarcane,01-08-2021
SC049,18-04-2021,0.44344807,Sugarcane,01-08-2021
SC049,18-04-2022,0.2783505,Sugarcane,01-08-2021
SC049,18-05-2022,0.3179413,Sugarcane,01-08-2021
SC049,19-03-2022,0.2791692,Sugarcane,01-08-2021
SC049,22-02-2021,0.27629232,Sugarcane,01-08-2021
SC049,22-02-2022,0.36366507,Sugarcane,01-08-2021
SC049,23-04-2021,0.46989247,Sugarcane,01-08-2021
SC049,23-04-2022,0.33982572,Sugarcane,01-08-2021
SC049,23-05-2021,0.6911315,Sugarcane,01-08-2021
SC049,23-05-2022,0.38339922,Sugarcane,01-08-2021
SC049,24-03-2022,0.25342873,Sugarcane,01-08-2021
SC049,24-11-2021,0.51904905,Sugarcane,01-08-2021
SC049,25-10-2021,0.71355665,Sugarcane,01-08-2021
SC049,27-02-2021,0.2941896,Sugarcane,01-08-2021
SC049,27-02-2022,0.11008893,Sugarcane,01-08-2021
SC049,28-04-2021,0.49287748,Sugarcane,01-08-2021
SC049,28-04-2022,0.3271344,Sugarcane,01-08-2021
SC049,28-05-2022,0.13756613,Sugarcane,01-08-2021
SC049,29-03-2021,0.39534885,Sugarcane,01-08-2021
SC049,29-03-2022,0.25069174,Sugarcane,01-08-2021
SC049,30-09-2021,0.74530834,Sugarcane,01-08-2021
SC049,30-10-2021,0.6202365,Sugarcane,01-08-2021
SC051,02-06-2021,0.57535887,Sugarcane,01-08-2021
SC051,03-01-2021,0.35907614,Sugarcane,01-08-2021
SC051,03-04-2021,0.31939605,Sugarcane,01-08-2021
SC051,04-03-2021,0.3280757,Sugarcane,01-08-2021
SC051,04-03-2022,0.57086617,Sugarcane,01-08-2021
SC051,04-11-2021,0.47031432,Sugarcane,01-08-2021
SC051,04-12-2021,0.5035074,Sugarcane,01-08-2021
SC051,07-02-2021,0.46258783,Sugarcane,01-08-2021
SC051,07-06-2021,0.61093587,Sugarcane,01-08-2021
SC051,08-01-2021,0.4341137,Sugarcane,01-08-2021
SC051,08-04-2021,0.20490797,Sugarcane,01-08-2021
SC051,08-04-2022,0.5726496,Sugarcane,01-08-2021
SC051,08-05-2021,0.37034777,Sugarcane,01-08-2021
SC051,09-03-2021,0.2810791,Sugarcane,01-08-2021
SC051,09-03-2022,0.522071,Sugarcane,01-08-2021
SC051,09-12-2021,0.35950413,Sugarcane,01-08-2021
SC051,10-10-2021,0.57828116,Sugarcane,01-08-2021
SC051,12-02-2022,0.47109726,Sugarcane,01-08-2021
SC051,13-01-2022,0.31485644,Sugarcane,01-08-2021
SC051,13-04-2021,0.23275378,Sugarcane,01-08-2021
SC051,14-03-2021,0.29548565,Sugarcane,01-08-2021
SC051,14-03-2022,0.50274104,Sugarcane,01-08-2021
SC051,14-11-2021,0.48523748,Sugarcane,01-08-2021
SC051,15-10-2021,0.61181724,Sugarcane,01-08-2021
SC051,17-02-2021,0.2891319,Sugarcane,01-08-2021
SC051,17-02-2022,0.48483768,Sugarcane,01-08-2021
SC051,18-04-2021,0.22554427,Sugarcane,01-08-2021
SC051,18-04-2022,0.47285807,Sugarcane,01-08-2021
SC051,18-05-2022,0.41530612,Sugarcane,01-08-2021
SC051,19-03-2022,0.5508091,Sugarcane,01-08-2021
SC051,22-02-2021,0.25310174,Sugarcane,01-08-2021
SC051,22-02-2022,0.49689645,Sugarcane,01-08-2021
SC051,23-04-2021,0.25456497,Sugarcane,01-08-2021
SC051,23-04-2022,0.49265367,Sugarcane,01-08-2021
SC051,23-05-2021,0.48296943,Sugarcane,01-08-2021
SC051,23-05-2022,0.47949445,Sugarcane,01-08-2021
SC051,24-03-2022,0.40384614,Sugarcane,01-08-2021
SC051,24-11-2021,0.45824847,Sugarcane,01-08-2021
SC051,25-10-2021,0.60965794,Sugarcane,01-08-2021
SC051,27-02-2021,0.23312102,Sugarcane,01-08-2021
SC051,27-02-2022,0.48677886,Sugarcane,01-08-2021
SC051,28-04-2021,0.2823462,Sugarcane,01-08-2021
SC051,28-04-2022,0.37810487,Sugarcane,01-08-2021
SC051,28-05-2022,0.26559713,Sugarcane,01-08-2021
SC051,29-03-2021,0.34492755,Sugarcane,01-08-2021
SC051,29-03-2022,0.45025876,Sugarcane,01-08-2021
SC051,30-09-2021,0.6023872,Sugarcane,01-08-2021
SC051,30-10-2021,0.55612904,Sugarcane,01-08-2021
SC053,02-06-2021,0.6110631,Sugarcane,01-08-2021
SC053,03-01-2021,0.31118143,Sugarcane,01-08-2021
SC053,03-04-2021,0.31434283,Sugarcane,01-08-2021
SC053,04-03-2021,0.37555066,Sugarcane,01-08-2021
SC053,04-03-2022,0.5218077,Sugarcane,01-08-2021
SC053,04-11-2021,0.41169658,Sugarcane,01-08-2021
SC053,04-12-2021,0.40162823,Sugarcane,01-08-2021
SC053,07-02-2021,0.35096583,Sugarcane,01-08-2021
SC053,07-06-2021,0.5687023,Sugarcane,01-08-2021
SC053,08-01-2021,0.4475424,Sugarcane,01-08-2021
SC053,08-04-2021,0.30079454,Sugarcane,01-08-2021
SC053,08-04-2022,0.5055915,Sugarcane,01-08-2021
SC053,08-05-2021,0.24316406,Sugarcane,01-08-2021
SC053,09-03-2021,0.3305997,Sugarcane,01-08-2021
SC053,09-03-2022,0.52624565,Sugarcane,01-08-2021
SC053,09-12-2021,0.35539216,Sugarcane,01-08-2021
SC053,10-10-2021,0.5978742,Sugarcane,01-08-2021
SC053,12-02-2022,0.56685716,Sugarcane,01-08-2021
SC053,13-01-2022,0.49041095,Sugarcane,01-08-2021
SC053,13-04-2021,0.35969663,Sugarcane,01-08-2021
SC053,14-03-2021,0.32673267,Sugarcane,01-08-2021
SC053,14-03-2022,0.48945147,Sugarcane,01-08-2021
SC053,14-11-2021,0.36385837,Sugarcane,01-08-2021
SC053,15-10-2021,0.5994695,Sugarcane,01-08-2021
SC053,17-02-2021,0.35651213,Sugarcane,01-08-2021
SC053,17-02-2022,0.58837074,Sugarcane,01-08-2021
SC053,18-04-2021,0.22133082,Sugarcane,01-08-2021
SC053,18-04-2022,0.34433693,Sugarcane,01-08-2021
SC053,18-05-2022,0.36014968,Sugarcane,01-08-2021
SC053,19-03-2022,0.46793085,Sugarcane,01-08-2021
SC053,22-02-2021,0.39633128,Sugarcane,01-08-2021
SC053,22-02-2022,0.5425641,Sugarcane,01-08-2021
SC053,23-04-2021,0.25545454,Sugarcane,01-08-2021
SC053,23-04-2022,0.42169908,Sugarcane,01-08-2021
SC053,23-05-2021,0.4099307,Sugarcane,01-08-2021
SC053,23-05-2022,0.38389948,Sugarcane,01-08-2021
SC053,24-03-2022,0.37457818,Sugarcane,01-08-2021
SC053,24-11-2021,0.47880474,Sugarcane,01-08-2021
SC053,25-10-2021,0.563249,Sugarcane,01-08-2021
SC053,27-02-2021,0.33026466,Sugarcane,01-08-2021
SC053,27-02-2022,0.4640037,Sugarcane,01-08-2021
SC053,28-04-2021,0.21522693,Sugarcane,01-08-2021
SC053,28-04-2022,0.46737608,Sugarcane,01-08-2021
SC053,28-05-2022,0.24437426,Sugarcane,01-08-2021
SC053,29-03-2021,0.24101666,Sugarcane,01-08-2021
SC053,29-03-2022,0.38318777,Sugarcane,01-08-2021
SC053,30-09-2021,0.65057915,Sugarcane,01-08-2021
SC053,30-10-2021,0.45228472,Sugarcane,01-08-2021
SC054,02-06-2021,0.76531875,Sugarcane,01-08-2021
SC054,03-01-2021,0.22277227,Sugarcane,01-08-2021
SC054,03-04-2021,0.2915952,Sugarcane,01-08-2021
SC054,04-03-2021,0.15951197,Sugarcane,01-08-2021
SC054,04-03-2022,0.4780198,Sugarcane,01-08-2021
SC054,04-11-2021,0.5295481,Sugarcane,01-08-2021
SC054,04-12-2021,0.542738,Sugarcane,01-08-2021
SC054,07-02-2021,0.21891892,Sugarcane,01-08-2021
SC054,07-06-2021,0.71428573,Sugarcane,01-08-2021
SC054,08-01-2021,0.3272609,Sugarcane,01-08-2021
SC054,08-04-2021,0.2005814,Sugarcane,01-08-2021
SC054,08-04-2022,0.26085865,Sugarcane,01-08-2021
SC054,08-05-2021,0.4740346,Sugarcane,01-08-2021
SC054,09-03-2021,0.16847827,Sugarcane,01-08-2021
SC054,09-03-2022,0.47274208,Sugarcane,01-08-2021
SC054,09-12-2021,0.45865634,Sugarcane,01-08-2021
SC054,10-10-2021,0.64453465,Sugarcane,01-08-2021
SC054,12-02-2022,0.45567653,Sugarcane,01-08-2021
SC054,13-01-2022,0.33562034,Sugarcane,01-08-2021
SC054,13-04-2021,0.34353268,Sugarcane,01-08-2021
SC054,14-03-2021,0.18176885,Sugarcane,01-08-2021
SC054,14-03-2022,0.46007013,Sugarcane,01-08-2021
SC054,14-11-2021,0.547907,Sugarcane,01-08-2021
SC054,15-10-2021,0.6937054,Sugarcane,01-08-2021
SC054,17-02-2021,0.22252747,Sugarcane,01-08-2021
SC054,17-02-2022,0.49357945,Sugarcane,01-08-2021
SC054,18-04-2021,0.37484118,Sugarcane,01-08-2021
SC054,18-04-2022,0.32374102,Sugarcane,01-08-2021
SC054,18-05-2022,0.59739655,Sugarcane,01-08-2021
SC054,19-03-2022,0.4184168,Sugarcane,01-08-2021
SC054,22-02-2021,0.26739928,Sugarcane,01-08-2021
SC054,22-02-2022,0.49186257,Sugarcane,01-08-2021
SC054,23-04-2021,0.2324855,Sugarcane,01-08-2021
SC054,23-04-2022,0.41883767,Sugarcane,01-08-2021
SC054,23-05-2021,0.7103519,Sugarcane,01-08-2021
SC054,23-05-2022,0.6783612,Sugarcane,01-08-2021
SC054,24-03-2022,0.30609417,Sugarcane,01-08-2021
SC054,24-11-2021,0.6217584,Sugarcane,01-08-2021
SC054,25-10-2021,0.69577646,Sugarcane,01-08-2021
SC054,27-02-2021,0.25047317,Sugarcane,01-08-2021
SC054,27-02-2022,0.3900907,Sugarcane,01-08-2021
SC054,28-04-2021,0.27621862,Sugarcane,01-08-2021
SC054,28-04-2022,0.48453608,Sugarcane,01-08-2021
SC054,28-05-2022,0.47203946,Sugarcane,01-08-2021
SC054,29-03-2021,0.29508197,Sugarcane,01-08-2021
SC054,29-03-2022,0.3503097,Sugarcane,01-08-2021
SC054,30-09-2021,0.7216301,Sugarcane,01-08-2021
SC054,30-10-2021,0.61674297,Sugarcane,01-08-2021
SC056,02-06-2021,0.6675449,Sugarcane,01-08-2021
SC056,03-01-2021,0.40520212,Sugarcane,01-08-2021
SC056,03-04-2021,0.38545275,Sugarcane,01-08-2021
SC056,04-03-2021,0.27180356,Sugarcane,01-08-2021
SC056,04-03-2022,0.16426949,Sugarcane,01-08-2021
SC056,04-11-2021,0.50389385,Sugarcane,01-08-2021
SC056,04-12-2021,0.5353394,Sugarcane,01-08-2021
SC056,07-02-2021,0.24724956,Sugarcane,01-08-2021
SC056,07-06-2021,0.6861793,Sugarcane,01-08-2021
SC056,08-01-2021,0.50435364,Sugarcane,01-08-2021
SC056,08-04-2021,0.29662338,Sugarcane,01-08-2021
SC056,08-04-2022,0.23692992,Sugarcane,01-08-2021
SC056,08-05-2021,0.51626736,Sugarcane,01-08-2021
SC056,09-03-2021,0.2787944,Sugarcane,01-08-2021
SC056,09-03-2022,0.16925506,Sugarcane,01-08-2021
SC056,09-12-2021,0.4301607,Sugarcane,01-08-2021
SC056,10-10-2021,0.65045685,Sugarcane,01-08-2021
SC056,12-02-2022,0.27641854,Sugarcane,01-08-2021
SC056,13-01-2022,0.26227796,Sugarcane,01-08-2021
SC056,13-04-2021,0.3492218,Sugarcane,01-08-2021
SC056,14-03-2021,0.26041666,Sugarcane,01-08-2021
SC056,14-03-2022,0.16353887,Sugarcane,01-08-2021
SC056,14-11-2021,0.4995206,Sugarcane,01-08-2021
SC056,15-10-2021,0.6815889,Sugarcane,01-08-2021
SC056,17-02-2021,0.24901186,Sugarcane,01-08-2021
SC056,17-02-2022,0.26215538,Sugarcane,01-08-2021
SC056,18-04-2021,0.36368504,Sugarcane,01-08-2021
SC056,18-04-2022,0.23295145,Sugarcane,01-08-2021
SC056,18-05-2022,0.3944145,Sugarcane,01-08-2021
SC056,19-03-2022,0.17131475,Sugarcane,01-08-2021
SC056,22-02-2021,0.25537783,Sugarcane,01-08-2021
SC056,22-02-2022,0.23335883,Sugarcane,01-08-2021
SC056,23-04-2021,0.4393093,Sugarcane,01-08-2021
SC056,23-04-2022,0.28264758,Sugarcane,01-08-2021
SC056,23-05-2021,0.6360294,Sugarcane,01-08-2021
SC056,23-05-2022,0.5132189,Sugarcane,01-08-2021
SC056,24-03-2022,0.19766206,Sugarcane,01-08-2021
SC056,24-11-2021,0.48457465,Sugarcane,01-08-2021
SC056,25-10-2021,0.63955635,Sugarcane,01-08-2021
SC056,27-02-2021,0.23752712,Sugarcane,01-08-2021
SC056,27-02-2022,0.23644751,Sugarcane,01-08-2021
SC056,28-04-2021,0.47423217,Sugarcane,01-08-2021
SC056,28-04-2022,0.32624456,Sugarcane,01-08-2021
SC056,28-05-2022,0.32636362,Sugarcane,01-08-2021
SC056,29-03-2021,0.31116626,Sugarcane,01-08-2021
SC056,29-03-2022,0.22588833,Sugarcane,01-08-2021
SC056,30-09-2021,0.6893086,Sugarcane,01-08-2021
SC056,30-10-2021,0.57950974,Sugarcane,01-08-2021
SC057,02-06-2021,0.71371967,Sugarcane,01-08-2021
SC057,03-01-2021,0.25282168,Sugarcane,01-08-2021
SC057,03-04-2021,0.27968338,Sugarcane,01-08-2021
SC057,04-03-2021,0.28201813,Sugarcane,01-08-2021
SC057,04-03-2022,0.3433144,Sugarcane,01-08-2021
SC057,04-11-2021,0.43005857,Sugarcane,01-08-2021
SC057,04-12-2021,0.3875296,Sugarcane,01-08-2021
SC057,07-02-2021,0.21247324,Sugarcane,01-08-2021
SC057,07-06-2021,0.67615306,Sugarcane,01-08-2021
SC057,08-01-2021,0.35855055,Sugarcane,01-08-2021
SC057,08-04-2021,0.18072289,Sugarcane,01-08-2021
SC057,08-04-2022,0.5960591,Sugarcane,01-08-2021
SC057,08-05-2021,0.3382353,Sugarcane,01-08-2021
SC057,09-03-2021,0.19165839,Sugarcane,01-08-2021
SC057,09-03-2022,0.34498045,Sugarcane,01-08-2021
SC057,09-12-2021,0.34848484,Sugarcane,01-08-2021
SC057,10-10-2021,0.5802156,Sugarcane,01-08-2021
SC057,12-02-2022,0.34487733,Sugarcane,01-08-2021
SC057,13-01-2022,0.14042126,Sugarcane,01-08-2021
SC057,13-04-2021,0.18170878,Sugarcane,01-08-2021
SC057,14-03-2021,0.20281996,Sugarcane,01-08-2021
SC057,14-03-2022,0.34486374,Sugarcane,01-08-2021
SC057,14-11-2021,0.3954466,Sugarcane,01-08-2021
SC057,15-10-2021,0.57940537,Sugarcane,01-08-2021
SC057,17-02-2021,0.20180893,Sugarcane,01-08-2021
SC057,17-02-2022,0.37275064,Sugarcane,01-08-2021
SC057,18-04-2021,0.19603212,Sugarcane,01-08-2021
SC057,18-04-2022,0.49861956,Sugarcane,01-08-2021
SC057,18-05-2022,0.37268993,Sugarcane,01-08-2021
SC057,19-03-2022,0.38177752,Sugarcane,01-08-2021
SC057,22-02-2021,0.21979287,Sugarcane,01-08-2021
SC057,22-02-2022,0.3802817,Sugarcane,01-08-2021
SC057,23-04-2021,0.28740582,Sugarcane,01-08-2021
SC057,23-04-2022,0.5278228,Sugarcane,01-08-2021
SC057,23-05-2021,0.61852145,Sugarcane,01-08-2021
SC057,23-05-2022,0.4011847,Sugarcane,01-08-2021
SC057,24-03-2022,0.35205182,Sugarcane,01-08-2021
SC057,24-11-2021,0.509901,Sugarcane,01-08-2021
SC057,25-10-2021,0.56817335,Sugarcane,01-08-2021
SC057,27-02-2021,0.24479541,Sugarcane,01-08-2021
SC057,27-02-2022,0.3164557,Sugarcane,01-08-2021
SC057,28-04-2021,0.282494,Sugarcane,01-08-2021
SC057,28-04-2022,0.43962485,Sugarcane,01-08-2021
SC057,28-05-2022,0.31238273,Sugarcane,01-08-2021
SC057,29-03-2021,0.16817807,Sugarcane,01-08-2021
SC057,29-03-2022,0.39020362,Sugarcane,01-08-2021
SC057,30-09-2021,0.6613119,Sugarcane,01-08-2021
SC057,30-10-2021,0.4852071,Sugarcane,01-08-2021
SC058,02-02-2021,0.36328873,Sugarcane,01-08-2021
SC058,02-06-2021,0.6416185,Sugarcane,01-08-2021
SC058,03-01-2021,0.23921569,Sugarcane,01-08-2021
SC058,03-04-2021,0.44378698,Sugarcane,01-08-2021
SC058,03-04-2022,0.5286843,Sugarcane,01-08-2021
SC058,03-05-2021,0.25225225,Sugarcane,01-08-2021
SC058,03-05-2022,0.30492812,Sugarcane,01-08-2021
SC058,04-03-2021,0.6271973,Sugarcane,01-08-2021
SC058,04-03-2022,0.6330478,Sugarcane,01-08-2021
SC058,04-11-2021,0.56921244,Sugarcane,01-08-2021
SC058,04-12-2021,0.44483757,Sugarcane,01-08-2021
SC058,07-02-2021,0.70874405,Sugarcane,01-08-2021
SC058,07-06-2021,0.48652932,Sugarcane,01-08-2021
SC058,08-04-2021,0.42112797,Sugarcane,01-08-2021
SC058,08-04-2022,0.525448,Sugarcane,01-08-2021
SC058,08-05-2021,0.508931,Sugarcane,01-08-2021
SC058,09-03-2021,0.6549273,Sugarcane,01-08-2021
SC058,09-03-2022,0.6148667,Sugarcane,01-08-2021
SC058,09-12-2021,0.35141578,Sugarcane,01-08-2021
SC058,10-10-2021,0.5446521,Sugarcane,01-08-2021
SC058,12-02-2022,0.61748636,Sugarcane,01-08-2021
SC058,12-06-2021,0.6445608,Sugarcane,01-08-2021
SC058,13-04-2021,0.5891273,Sugarcane,01-08-2021
SC058,13-05-2022,0.3653846,Sugarcane,01-08-2021
SC058,14-03-2022,0.6343115,Sugarcane,01-08-2021
SC058,14-11-2021,0.4362745,Sugarcane,01-08-2021
SC058,15-10-2021,0.6983568,Sugarcane,01-08-2021
SC058,17-02-2021,0.5877729,Sugarcane,01-08-2021
SC058,17-02-2022,0.67712027,Sugarcane,01-08-2021
SC058,18-01-2021,0.46564376,Sugarcane,01-08-2021
SC058,18-04-2021,0.50547045,Sugarcane,01-08-2021
SC058,18-04-2022,0.41779974,Sugarcane,01-08-2021
SC058,18-05-2022,0.52190477,Sugarcane,01-08-2021
SC058,19-03-2022,0.63546497,Sugarcane,01-08-2021
SC058,20-09-2021,0.68604654,Sugarcane,01-08-2021
SC058,22-02-2021,0.56186986,Sugarcane,01-08-2021
SC058,23-04-2021,0.46521416,Sugarcane,01-08-2021
SC058,23-04-2022,0.42027396,Sugarcane,01-08-2021
SC058,23-05-2021,0.55065256,Sugarcane,01-08-2021
SC058,23-05-2022,0.38377842,Sugarcane,01-08-2021
SC058,24-03-2021,0.5775384,Sugarcane,01-08-2021
SC058,24-03-2022,0.50817686,Sugarcane,01-08-2021
SC058,24-11-2021,0.36579427,Sugarcane,01-08-2021
SC058,24-12-2021,0.33936933,Sugarcane,01-08-2021
SC058,25-10-2021,0.67315173,Sugarcane,01-08-2021
SC058,27-02-2021,0.63364726,Sugarcane,01-08-2021
SC058,27-02-2022,0.50323045,Sugarcane,01-08-2021
SC058,28-04-2021,0.43102017,Sugarcane,01-08-2021
SC058,28-04-2022,0.4602817,Sugarcane,01-08-2021
SC058,28-05-2022,0.39491916,Sugarcane,01-08-2021
SC058,29-03-2021,0.49386322,Sugarcane,01-08-2021
SC058,29-03-2022,0.55123216,Sugarcane,01-08-2021
SC058,29-11-2021,0.37944284,Sugarcane,01-08-2021
SC058,30-09-2021,0.6879668,Sugarcane,01-08-2021
SC058,30-10-2021,0.6659409,Sugarcane,01-08-2021
SC062,02-02-2021,0.23557237,Sugarcane,01-08-2021
SC062,02-06-2021,0.76089436,Sugarcane,01-08-2021
SC062,03-01-2021,0.30020422,Sugarcane,01-08-2021
SC062,03-04-2021,0.25005507,Sugarcane,01-08-2021
SC062,03-04-2022,0.38281706,Sugarcane,01-08-2021
SC062,03-05-2021,0.20881322,Sugarcane,01-08-2021
SC062,03-05-2022,0.42064574,Sugarcane,01-08-2021
SC062,04-03-2021,0.30017352,Sugarcane,01-08-2021
SC062,04-03-2022,0.16082573,Sugarcane,01-08-2021
SC062,04-11-2021,0.48683092,Sugarcane,01-08-2021
SC062,04-12-2021,0.37100068,Sugarcane,01-08-2021
SC062,07-02-2021,0.292488,Sugarcane,01-08-2021
SC062,07-06-2021,0.65396166,Sugarcane,01-08-2021
SC062,08-04-2021,0.2127854,Sugarcane,01-08-2021
SC062,08-04-2022,0.35315102,Sugarcane,01-08-2021
SC062,08-05-2021,0.4974359,Sugarcane,01-08-2021
SC062,09-03-2021,0.3032874,Sugarcane,01-08-2021
SC062,09-03-2022,0.20226163,Sugarcane,01-08-2021
SC062,09-12-2021,0.30959842,Sugarcane,01-08-2021
SC062,10-10-2021,0.59170985,Sugarcane,01-08-2021
SC062,12-02-2022,0.22896282,Sugarcane,01-08-2021
SC062,12-06-2021,0.8303803,Sugarcane,01-08-2021
SC062,13-04-2021,0.22234249,Sugarcane,01-08-2021
SC062,13-05-2022,0.47184634,Sugarcane,01-08-2021
SC062,14-03-2022,0.19306692,Sugarcane,01-08-2021
SC062,14-11-2021,0.44228572,Sugarcane,01-08-2021
SC062,15-10-2021,0.6640453,Sugarcane,01-08-2021
SC062,17-02-2021,0.27125505,Sugarcane,01-08-2021
SC062,17-02-2022,0.2017915,Sugarcane,01-08-2021
SC062,18-01-2021,0.34043202,Sugarcane,01-08-2021
SC062,18-04-2021,0.23486045,Sugarcane,01-08-2021
SC062,18-04-2022,0.49261993,Sugarcane,01-08-2021
SC062,18-05-2022,0.76396394,Sugarcane,01-08-2021
SC062,19-03-2022,0.22822174,Sugarcane,01-08-2021
SC062,20-09-2021,0.6407186,Sugarcane,01-08-2021
SC062,22-02-2021,0.29200464,Sugarcane,01-08-2021
SC062,23-04-2021,0.27785483,Sugarcane,01-08-2021
SC062,23-04-2022,0.41975862,Sugarcane,01-08-2021
SC062,23-05-2021,0.6012612,Sugarcane,01-08-2021
SC062,23-05-2022,0.5910573,Sugarcane,01-08-2021
SC062,24-03-2021,0.24368931,Sugarcane,01-08-2021
SC062,24-03-2022,0.26454222,Sugarcane,01-08-2021
SC062,24-11-2021,0.45230573,Sugarcane,01-08-2021
SC062,24-12-2021,0.16638656,Sugarcane,01-08-2021
SC062,25-10-2021,0.60431653,Sugarcane,01-08-2021
SC062,27-02-2021,0.27960998,Sugarcane,01-08-2021
SC062,27-02-2022,0.17592818,Sugarcane,01-08-2021
SC062,28-04-2021,0.32919255,Sugarcane,01-08-2021
SC062,28-04-2022,0.80834275,Sugarcane,01-08-2021
SC062,28-05-2022,0.5481206,Sugarcane,01-08-2021
SC062,29-03-2021,0.23027816,Sugarcane,01-08-2021
SC062,29-03-2022,0.24825662,Sugarcane,01-08-2021
SC062,29-11-2021,0.40083843,Sugarcane,01-08-2021
SC062,30-09-2021,0.6887397,Sugarcane,01-08-2021
SC062,30-10-2021,0.5900277,Sugarcane,01-08-2021
SC065,02-02-2021,0.31379485,Sugarcane,01-08-2021
SC065,02-06-2021,0.33308825,Sugarcane,01-08-2021
SC065,03-01-2021,0.2197871,Sugarcane,01-08-2021
SC065,03-04-2021,0.2632653,Sugarcane,01-08-2021
SC065,03-04-2022,0.21586812,Sugarcane,01-08-2021
SC065,03-05-2021,0.16872428,Sugarcane,01-08-2021
SC065,03-05-2022,0.15490375,Sugarcane,01-08-2021
SC065,04-03-2021,0.6014196,Sugarcane,01-08-2021
SC065,04-03-2022,0.36858317,Sugarcane,01-08-2021
SC065,04-11-2021,0.4242177,Sugarcane,01-08-2021
SC065,04-12-2021,0.28041485,Sugarcane,01-08-2021
SC065,07-02-2021,0.5809524,Sugarcane,01-08-2021
SC065,07-06-2021,0.39171597,Sugarcane,01-08-2021
SC065,08-04-2021,0.22270742,Sugarcane,01-08-2021
SC065,08-04-2022,0.24657151,Sugarcane,01-08-2021
SC065,08-05-2021,0.16223288,Sugarcane,01-08-2021
SC065,09-03-2021,0.56826377,Sugarcane,01-08-2021
SC065,09-03-2022,0.44923654,Sugarcane,01-08-2021
SC065,09-12-2021,0.26230612,Sugarcane,01-08-2021
SC065,10-10-2021,0.5714769,Sugarcane,01-08-2021
SC065,12-02-2022,0.354399,Sugarcane,01-08-2021
SC065,12-06-2021,0.46835443,Sugarcane,01-08-2021
SC065,13-04-2021,0.20502265,Sugarcane,01-08-2021
SC065,13-05-2022,0.20886075,Sugarcane,01-08-2021
SC065,14-03-2022,0.34593666,Sugarcane,01-08-2021
SC065,14-11-2021,0.5089647,Sugarcane,01-08-2021
SC065,15-10-2021,0.6071048,Sugarcane,01-08-2021
SC065,17-02-2021,0.60386235,Sugarcane,01-08-2021
SC065,17-02-2022,0.39511016,Sugarcane,01-08-2021
SC065,18-01-2021,0.4147018,Sugarcane,01-08-2021
SC065,18-04-2021,0.18536991,Sugarcane,01-08-2021
SC065,18-04-2022,0.201352,Sugarcane,01-08-2021
SC065,18-05-2022,0.19136691,Sugarcane,01-08-2021
SC065,19-03-2022,0.2331048,Sugarcane,01-08-2021
SC065,20-09-2021,0.40006652,Sugarcane,01-08-2021
SC065,22-02-2021,0.5713915,Sugarcane,01-08-2021
SC065,23-04-2021,0.19536713,Sugarcane,01-08-2021
SC065,23-04-2022,0.19752541,Sugarcane,01-08-2021
SC065,23-05-2021,0.27635518,Sugarcane,01-08-2021
SC065,23-05-2022,0.19011599,Sugarcane,01-08-2021
SC065,24-03-2021,0.39171046,Sugarcane,01-08-2021
SC065,24-03-2022,0.2519685,Sugarcane,01-08-2021
SC065,24-11-2021,0.39198554,Sugarcane,01-08-2021
SC065,24-12-2021,0.24941725,Sugarcane,01-08-2021
SC065,25-10-2021,0.6418328,Sugarcane,01-08-2021
SC065,27-02-2021,0.63190824,Sugarcane,01-08-2021
SC065,27-02-2022,0.3576107,Sugarcane,01-08-2021
SC065,28-04-2021,0.18364581,Sugarcane,01-08-2021
SC065,28-04-2022,0.15457842,Sugarcane,01-08-2021
SC065,28-05-2022,0.23349375,Sugarcane,01-08-2021
SC065,29-03-2021,0.3133369,Sugarcane,01-08-2021
SC065,29-03-2022,0.25417075,Sugarcane,01-08-2021
SC065,29-11-2021,0.34078214,Sugarcane,01-08-2021
SC065,30-09-2021,0.4796433,Sugarcane,01-08-2021
SC065,30-10-2021,0.59197325,Sugarcane,01-08-2021
SC066,02-02-2021,0.19955777,Sugarcane,01-08-2021
SC066,02-06-2021,0.58285385,Sugarcane,01-08-2021
SC066,03-01-2021,0.16482085,Sugarcane,01-08-2021
SC066,03-04-2021,0.18495779,Sugarcane,01-08-2021
SC066,03-04-2022,0.48929757,Sugarcane,01-08-2021
SC066,03-05-2021,0.21953489,Sugarcane,01-08-2021
SC066,03-05-2022,0.33520493,Sugarcane,01-08-2021
SC066,04-03-2021,0.23572816,Sugarcane,01-08-2021
SC066,04-03-2022,0.22303395,Sugarcane,01-08-2021
SC066,04-11-2021,0.5042017,Sugarcane,01-08-2021
SC066,04-12-2021,0.41428572,Sugarcane,01-08-2021
SC066,07-02-2021,0.2152992,Sugarcane,01-08-2021
SC066,07-06-2021,0.5540708,Sugarcane,01-08-2021
SC066,08-04-2021,0.23429951,Sugarcane,01-08-2021
SC066,08-04-2022,0.54563546,Sugarcane,01-08-2021
SC066,08-05-2021,0.6431718,Sugarcane,01-08-2021
SC066,09-03-2021,0.25925925,Sugarcane,01-08-2021
SC066,09-03-2022,0.26034063,Sugarcane,01-08-2021
SC066,09-12-2021,0.3560727,Sugarcane,01-08-2021
SC066,10-10-2021,0.6605582,Sugarcane,01-08-2021
SC066,12-02-2022,0.29310346,Sugarcane,01-08-2021
SC066,12-06-2021,0.6851904,Sugarcane,01-08-2021
SC066,13-04-2021,0.19038583,Sugarcane,01-08-2021
SC066,13-05-2022,0.38630685,Sugarcane,01-08-2021
SC066,14-03-2022,0.2353167,Sugarcane,01-08-2021
SC066,14-11-2021,0.43806103,Sugarcane,01-08-2021
SC066,15-10-2021,0.6904914,Sugarcane,01-08-2021
SC066,17-02-2021,0.24623424,Sugarcane,01-08-2021
SC066,17-02-2022,0.2361204,Sugarcane,01-08-2021
SC066,18-01-2021,0.18110237,Sugarcane,01-08-2021
SC066,18-04-2021,0.22209993,Sugarcane,01-08-2021
SC066,18-04-2022,0.5763547,Sugarcane,01-08-2021
SC066,18-05-2022,0.6653446,Sugarcane,01-08-2021
SC066,19-03-2022,0.32026145,Sugarcane,01-08-2021
SC066,20-09-2021,0.67892975,Sugarcane,01-08-2021
SC066,22-02-2021,0.2857143,Sugarcane,01-08-2021
SC066,23-04-2021,0.404733,Sugarcane,01-08-2021
SC066,23-04-2022,0.5089286,Sugarcane,01-08-2021
SC066,23-05-2021,0.77503854,Sugarcane,01-08-2021
SC066,23-05-2022,0.45951742,Sugarcane,01-08-2021
SC066,24-03-2021,0.13574982,Sugarcane,01-08-2021
SC066,24-03-2022,0.28181818,Sugarcane,01-08-2021
SC066,24-11-2021,0.4792703,Sugarcane,01-08-2021
SC066,24-12-2021,0.24671052,Sugarcane,01-08-2021
SC066,25-10-2021,0.65915406,Sugarcane,01-08-2021
SC066,27-02-2021,0.18207283,Sugarcane,01-08-2021
SC066,27-02-2022,0.27944192,Sugarcane,01-08-2021
SC066,28-04-2021,0.44386482,Sugarcane,01-08-2021
SC066,28-04-2022,0.5135135,Sugarcane,01-08-2021
SC066,28-05-2022,0.42709455,Sugarcane,01-08-2021
SC066,29-03-2021,0.17568171,Sugarcane,01-08-2021
SC066,29-03-2022,0.389032,Sugarcane,01-08-2021
SC066,29-11-2021,0.36939314,Sugarcane,01-08-2021
SC066,30-09-2021,0.70374775,Sugarcane,01-08-2021
SC066,30-10-2021,0.60273975,Sugarcane,01-08-2021
SC068,02-02-2021,0.3545986,Sugarcane,01-08-2021
SC068,02-06-2021,0.7655491,Sugarcane,01-08-2021
SC068,03-04-2021,0.16780238,Sugarcane,01-08-2021
SC068,03-04-2022,0.28287607,Sugarcane,01-08-2021
SC068,04-03-2021,0.61341125,Sugarcane,01-08-2021
SC068,04-03-2022,0.39896014,Sugarcane,01-08-2021
SC068,04-11-2021,0.53672314,Sugarcane,01-08-2021
SC068,04-12-2021,0.5613048,Sugarcane,01-08-2021
SC068,07-02-2021,0.5133333,Sugarcane,01-08-2021
SC068,07-06-2021,0.6845152,Sugarcane,01-08-2021
SC068,08-04-2021,0.17490494,Sugarcane,01-08-2021
SC068,08-04-2022,0.30530667,Sugarcane,01-08-2021
SC068,08-05-2021,0.282523,Sugarcane,01-08-2021
SC068,09-03-2021,0.36826348,Sugarcane,01-08-2021
SC068,09-03-2022,0.29988053,Sugarcane,01-08-2021
SC068,09-12-2021,0.46890426,Sugarcane,01-08-2021
SC068,10-10-2021,0.55309737,Sugarcane,01-08-2021
SC068,12-02-2022,0.35573876,Sugarcane,01-08-2021
SC068,13-04-2021,0.090060994,Sugarcane,01-08-2021
SC068,13-04-2022,0.3731486,Sugarcane,01-08-2021
SC068,13-05-2022,0.3851718,Sugarcane,01-08-2021
SC068,14-03-2021,0.43412736,Sugarcane,01-08-2021
SC068,14-03-2022,0.2841242,Sugarcane,01-08-2021
SC068,14-11-2021,0.42891565,Sugarcane,01-08-2021
SC068,15-10-2021,0.701788,Sugarcane,01-08-2021
SC068,17-02-2021,0.43482906,Sugarcane,01-08-2021
SC068,17-02-2022,0.37361282,Sugarcane,01-08-2021
SC068,18-01-2021,0.46403778,Sugarcane,01-08-2021
SC068,18-04-2021,0.20145757,Sugarcane,01-08-2021
SC068,18-04-2022,0.39302546,Sugarcane,01-08-2021
SC068,18-05-2022,0.39936966,Sugarcane,01-08-2021
SC068,19-03-2021,0.3612517,Sugarcane,01-08-2021
SC068,19-03-2022,0.3030303,Sugarcane,01-08-2021
SC068,22-02-2021,0.459619,Sugarcane,01-08-2021
SC068,23-04-2021,0.17390214,Sugarcane,01-08-2021
SC068,23-04-2022,0.2740871,Sugarcane,01-08-2021
SC068,23-05-2021,0.61128706,Sugarcane,01-08-2021
SC068,24-03-2022,0.29060772,Sugarcane,01-08-2021
SC068,24-11-2021,0.38471177,Sugarcane,01-08-2021
SC068,24-12-2021,0.32744926,Sugarcane,01-08-2021
SC068,25-10-2021,0.60675883,Sugarcane,01-08-2021
SC068,27-02-2021,0.6352201,Sugarcane,01-08-2021
SC068,28-04-2021,0.18451916,Sugarcane,01-08-2021
SC068,28-04-2022,0.3127148,Sugarcane,01-08-2021
SC068,29-03-2021,0.27059883,Sugarcane,01-08-2021
SC068,29-03-2022,0.25540274,Sugarcane,01-08-2021
SC068,29-11-2021,0.54124606,Sugarcane,01-08-2021
SC068,30-10-2021,0.58676094,Sugarcane,01-08-2021
SC069,02-06-2021,0.645031,Sugarcane,01-08-2021
SC069,03-01-2021,0.5451647,Sugarcane,01-08-2021
SC069,03-04-2021,0.21272613,Sugarcane,01-08-2021
SC069,04-03-2021,0.35601214,Sugarcane,01-08-2021
SC069,04-03-2022,0.4585153,Sugarcane,01-08-2021
SC069,04-11-2021,0.48674563,Sugarcane,01-08-2021
SC069,04-12-2021,0.5950236,Sugarcane,01-08-2021
SC069,07-02-2021,0.6402602,Sugarcane,01-08-2021
SC069,07-06-2021,0.5848972,Sugarcane,01-08-2021
SC069,08-01-2021,0.027278775,Sugarcane,01-08-2021
SC069,08-04-2021,0.22535962,Sugarcane,01-08-2021
SC069,08-04-2022,0.3166572,Sugarcane,01-08-2021
SC069,08-05-2021,0.25938568,Sugarcane,01-08-2021
SC069,09-03-2021,0.323185,Sugarcane,01-08-2021
SC069,09-03-2022,0.42592594,Sugarcane,01-08-2021
SC069,09-12-2021,0.36306533,Sugarcane,01-08-2021
SC069,10-10-2021,0.7164588,Sugarcane,01-08-2021
SC069,12-02-2022,0.48947912,Sugarcane,01-08-2021
SC069,13-01-2022,0.46417716,Sugarcane,01-08-2021
SC069,13-04-2021,0.26890278,Sugarcane,01-08-2021
SC069,14-03-2021,0.2794702,Sugarcane,01-08-2021
SC069,14-03-2022,0.3629842,Sugarcane,01-08-2021
SC069,14-11-2021,0.46096048,Sugarcane,01-08-2021
SC069,15-10-2021,0.7229917,Sugarcane,01-08-2021
SC069,17-02-2021,0.5023665,Sugarcane,01-08-2021
SC069,17-02-2022,0.5426252,Sugarcane,01-08-2021
SC069,18-04-2021,0.24951644,Sugarcane,01-08-2021
SC069,18-04-2022,0.38940468,Sugarcane,01-08-2021
SC069,18-05-2022,0.5462039,Sugarcane,01-08-2021
SC069,19-03-2022,0.31409395,Sugarcane,01-08-2021
SC069,22-02-2021,0.34258676,Sugarcane,01-08-2021
SC069,22-02-2022,0.5124446,Sugarcane,01-08-2021
SC069,23-04-2021,0.21407907,Sugarcane,01-08-2021
SC069,23-04-2022,0.47529814,Sugarcane,01-08-2021
SC069,23-05-2021,0.4951131,Sugarcane,01-08-2021
SC069,23-05-2022,0.6062847,Sugarcane,01-08-2021
SC069,24-03-2022,0.28189173,Sugarcane,01-08-2021
SC069,24-11-2021,0.373152,Sugarcane,01-08-2021
SC069,25-10-2021,0.7277148,Sugarcane,01-08-2021
SC069,27-02-2021,0.34402052,Sugarcane,01-08-2021
SC069,27-02-2022,0.5436747,Sugarcane,01-08-2021
SC069,28-04-2021,0.2377657,Sugarcane,01-08-2021
SC069,28-04-2022,0.50568026,Sugarcane,01-08-2021
SC069,28-05-2022,0.04991192,Sugarcane,01-08-2021
SC069,29-03-2021,0.2338403,Sugarcane,01-08-2021
SC069,29-03-2022,0.27114427,Sugarcane,01-08-2021
SC069,30-09-2021,0.8433843,Sugarcane,01-08-2021
SC069,30-10-2021,0.5985756,Sugarcane,01-08-2021
SC070,02-06-2021,0.57081544,Sugarcane,01-08-2021
SC070,03-01-2021,0.5254237,Sugarcane,01-08-2021
SC070,03-04-2021,0.16783217,Sugarcane,01-08-2021
SC070,04-03-2021,0.70485175,Sugarcane,01-08-2021
SC070,04-03-2022,0.5535027,Sugarcane,01-08-2021
SC070,04-11-2021,0.47065592,Sugarcane,01-08-2021
SC070,04-12-2021,0.64168453,Sugarcane,01-08-2021
SC070,07-02-2021,0.6316661,Sugarcane,01-08-2021
SC070,07-06-2021,0.5629428,Sugarcane,01-08-2021
SC070,08-01-2021,0.08962739,Sugarcane,01-08-2021
SC070,08-04-2021,0.23131357,Sugarcane,01-08-2021
SC070,08-04-2022,0.40848094,Sugarcane,01-08-2021
SC070,08-05-2021,0.20096463,Sugarcane,01-08-2021
SC070,09-03-2021,0.6164383,Sugarcane,01-08-2021
SC070,09-03-2022,0.48629364,Sugarcane,01-08-2021
SC070,09-12-2021,0.4335538,Sugarcane,01-08-2021
SC070,10-10-2021,0.6446541,Sugarcane,01-08-2021
SC070,12-02-2022,0.4955692,Sugarcane,01-08-2021
SC070,13-01-2022,0.16559337,Sugarcane,01-08-2021
SC070,13-04-2021,0.21354581,Sugarcane,01-08-2021
SC070,14-03-2021,0.4110935,Sugarcane,01-08-2021
SC070,14-03-2022,0.39839143,Sugarcane,01-08-2021
SC070,14-11-2021,0.51532036,Sugarcane,01-08-2021
SC070,15-10-2021,0.7076975,Sugarcane,01-08-2021
SC070,17-02-2021,0.55271566,Sugarcane,01-08-2021
SC070,17-02-2022,0.5168261,Sugarcane,01-08-2021
SC070,18-04-2021,0.2159091,Sugarcane,01-08-2021
SC070,18-04-2022,0.4281028,Sugarcane,01-08-2021
SC070,18-05-2022,0.4045249,Sugarcane,01-08-2021
SC070,19-03-2022,0.40588853,Sugarcane,01-08-2021
SC070,22-02-2021,0.50135016,Sugarcane,01-08-2021
SC070,22-02-2022,0.5278442,Sugarcane,01-08-2021
SC070,23-04-2021,0.20059657,Sugarcane,01-08-2021
SC070,23-04-2022,0.46949327,Sugarcane,01-08-2021
SC070,23-05-2021,0.4425428,Sugarcane,01-08-2021
SC070,23-05-2022,0.46013448,Sugarcane,01-08-2021
SC070,24-03-2022,0.32861805,Sugarcane,01-08-2021
SC070,24-11-2021,0.5112736,Sugarcane,01-08-2021
SC070,25-10-2021,0.6944717,Sugarcane,01-08-2021
SC070,27-02-2021,0.5972397,Sugarcane,01-08-2021
SC070,27-02-2022,0.53528154,Sugarcane,01-08-2021
SC070,28-04-2021,0.26275834,Sugarcane,01-08-2021
SC070,28-04-2022,0.44941428,Sugarcane,01-08-2021
SC070,28-05-2022,0.08887581,Sugarcane,01-08-2021
SC070,29-03-2021,0.2701119,Sugarcane,01-08-2021
SC070,29-03-2022,0.34078807,Sugarcane,01-08-2021
SC070,30-09-2021,0.7317726,Sugarcane,01-08-2021
SC070,30-10-2021,0.5882728,Sugarcane,01-08-2021
SC071,02-06-2021,0.592233,Sugarcane,01-08-2021
SC071,03-01-2021,0.3463906,Sugarcane,01-08-2021
SC071,03-04-2021,0.25222275,Sugarcane,01-08-2021
SC071,04-03-2021,0.26680672,Sugarcane,01-08-2021
SC071,04-03-2022,0.45768774,Sugarcane,01-08-2021
SC071,04-11-2021,0.35710305,Sugarcane,01-08-2021
SC071,04-12-2021,0.47511005,Sugarcane,01-08-2021
SC071,07-02-2021,0.2409956,Sugarcane,01-08-2021
SC071,07-06-2021,0.64621097,Sugarcane,01-08-2021
SC071,08-01-2021,0.035313003,Sugarcane,01-08-2021
SC071,08-04-2021,0.17590822,Sugarcane,01-08-2021
SC071,08-04-2022,0.34512326,Sugarcane,01-08-2021
SC071,08-05-2021,0.32188365,Sugarcane,01-08-2021
SC071,09-03-2021,0.25014925,Sugarcane,01-08-2021
SC071,09-03-2022,0.4452555,Sugarcane,01-08-2021
SC071,09-12-2021,0.34220743,Sugarcane,01-08-2021
SC071,10-10-2021,0.58971363,Sugarcane,01-08-2021
SC071,12-02-2022,0.46754807,Sugarcane,01-08-2021
SC071,13-01-2022,0.37142858,Sugarcane,01-08-2021
SC071,13-04-2021,0.15675206,Sugarcane,01-08-2021
SC071,14-03-2021,0.24578734,Sugarcane,01-08-2021
SC071,14-03-2022,0.36323568,Sugarcane,01-08-2021
SC071,14-11-2021,0.37905467,Sugarcane,01-08-2021
SC071,15-10-2021,0.60255593,Sugarcane,01-08-2021
SC071,17-02-2021,0.27799442,Sugarcane,01-08-2021
SC071,17-02-2022,0.5107821,Sugarcane,01-08-2021
SC071,18-04-2021,0.14011516,Sugarcane,01-08-2021
SC071,18-04-2022,0.36393088,Sugarcane,01-08-2021
SC071,18-05-2022,0.46817786,Sugarcane,01-08-2021
SC071,19-03-2022,0.3245033,Sugarcane,01-08-2021
SC071,22-02-2021,0.28619152,Sugarcane,01-08-2021
SC071,22-02-2022,0.456057,Sugarcane,01-08-2021
SC071,23-04-2021,0.16901408,Sugarcane,01-08-2021
SC071,23-04-2022,0.3966265,Sugarcane,01-08-2021
SC071,23-05-2021,0.33805117,Sugarcane,01-08-2021
SC071,23-05-2022,0.50889677,Sugarcane,01-08-2021
SC071,24-03-2022,0.30329672,Sugarcane,01-08-2021
SC071,24-11-2021,0.35864487,Sugarcane,01-08-2021
SC071,25-10-2021,0.56962025,Sugarcane,01-08-2021
SC071,27-02-2021,0.25827813,Sugarcane,01-08-2021
SC071,27-02-2022,0.4562269,Sugarcane,01-08-2021
SC071,28-04-2021,0.19399667,Sugarcane,01-08-2021
SC071,28-04-2022,0.39381856,Sugarcane,01-08-2021
SC071,28-05-2022,0.12885061,Sugarcane,01-08-2021
SC071,29-03-2021,0.19259585,Sugarcane,01-08-2021
SC071,29-03-2022,0.30235043,Sugarcane,01-08-2021
SC071,30-09-2021,0.6617466,Sugarcane,01-08-2021
SC071,30-10-2021,0.4719655,Sugarcane,01-08-2021
SC072,02-06-2021,0.7512538,Sugarcane,01-08-2021
SC072,03-01-2021,0.52380955,Sugarcane,01-08-2021
SC072,03-04-2021,0.7075175,Sugarcane,01-08-2021
SC072,04-03-2021,0.49249837,Sugarcane,01-08-2021
SC072,04-03-2022,0.637088,Sugarcane,01-08-2021
SC072,04-11-2021,0.5018131,Sugarcane,01-08-2021
SC072,04-12-2021,0.72017354,Sugarcane,01-08-2021
SC072,07-02-2021,0.46006143,Sugarcane,01-08-2021
SC072,07-06-2021,0.72941744,Sugarcane,01-08-2021
SC072,08-01-2021,0.44117647,Sugarcane,01-08-2021
SC072,08-04-2021,0.45860568,Sugarcane,01-08-2021
SC072,08-04-2022,0.6645885,Sugarcane,01-08-2021
SC072,08-05-2021,0.67866194,Sugarcane,01-08-2021
SC072,09-03-2021,0.49202976,Sugarcane,01-08-2021
SC072,09-03-2022,0.6480978,Sugarcane,01-08-2021
SC072,09-12-2021,0.45626476,Sugarcane,01-08-2021
SC072,10-10-2021,0.6923521,Sugarcane,01-08-2021
SC072,12-02-2022,0.52924496,Sugarcane,01-08-2021
SC072,13-01-2022,0.5251046,Sugarcane,01-08-2021
SC072,13-04-2021,0.56694216,Sugarcane,01-08-2021
SC072,14-03-2021,0.4617775,Sugarcane,01-08-2021
SC072,14-03-2022,0.6436436,Sugarcane,01-08-2021
SC072,14-11-2021,0.5507202,Sugarcane,01-08-2021
SC072,15-10-2021,0.7635721,Sugarcane,01-08-2021
SC072,17-02-2021,0.3622501,Sugarcane,01-08-2021
SC072,17-02-2022,0.5652854,Sugarcane,01-08-2021
SC072,18-04-2021,0.5478949,Sugarcane,01-08-2021
SC072,18-04-2022,0.64111704,Sugarcane,01-08-2021
SC072,18-05-2022,0.61924684,Sugarcane,01-08-2021
SC072,19-03-2022,0.65821254,Sugarcane,01-08-2021
SC072,22-02-2021,0.3366771,Sugarcane,01-08-2021
SC072,22-02-2022,0.5118397,Sugarcane,01-08-2021
SC072,23-04-2021,0.601227,Sugarcane,01-08-2021
SC072,23-04-2022,0.68884945,Sugarcane,01-08-2021
SC072,23-05-2021,0.6590059,Sugarcane,01-08-2021
SC072,23-05-2022,0.69134516,Sugarcane,01-08-2021
SC072,24-03-2022,0.5283019,Sugarcane,01-08-2021
SC072,24-11-2021,0.49597377,Sugarcane,01-08-2021
SC072,25-10-2021,0.7491109,Sugarcane,01-08-2021
SC072,27-02-2021,0.36908516,Sugarcane,01-08-2021
SC072,27-02-2022,0.57208973,Sugarcane,01-08-2021
SC072,28-04-2021,0.5370582,Sugarcane,01-08-2021
SC072,28-04-2022,0.72907346,Sugarcane,01-08-2021
SC072,28-05-2022,0.28393006,Sugarcane,01-08-2021
SC072,29-03-2021,0.48105264,Sugarcane,01-08-2021
SC072,29-03-2022,0.09605186,Sugarcane,01-08-2021
SC072,30-09-2021,0.78679025,Sugarcane,01-08-2021
SC072,30-10-2021,0.6315473,Sugarcane,01-08-2021
SC081,02-02-2021,0.14194578,Sugarcane,01-08-2021
SC081,02-06-2021,0.7344538,Sugarcane,01-08-2021
SC081,03-01-2021,0.17186463,Sugarcane,01-08-2021
SC081,03-04-2021,0.17209104,Sugarcane,01-08-2021
SC081,03-04-2022,0.37875938,Sugarcane,01-08-2021
SC081,03-05-2021,0.19584416,Sugarcane,01-08-2021
SC081,03-05-2022,0.41060904,Sugarcane,01-08-2021
SC081,04-03-2021,0.1790835,Sugarcane,01-08-2021
SC081,04-03-2022,0.45454547,Sugarcane,01-08-2021
SC081,04-11-2021,0.5899441,Sugarcane,01-08-2021
SC081,04-12-2021,0.5170761,Sugarcane,01-08-2021
SC081,07-02-2021,0.101528384,Sugarcane,01-08-2021
SC081,07-06-2021,0.62973225,Sugarcane,01-08-2021
SC081,08-04-2021,0.1474978,Sugarcane,01-08-2021
SC081,08-04-2022,0.42238623,Sugarcane,01-08-2021
SC081,08-05-2021,0.2699949,Sugarcane,01-08-2021
SC081,09-03-2021,0.103971444,Sugarcane,01-08-2021
SC081,09-03-2022,0.47627294,Sugarcane,01-08-2021
SC081,09-12-2021,0.43051615,Sugarcane,01-08-2021
SC081,10-10-2021,0.64173824,Sugarcane,01-08-2021
SC081,12-02-2022,0.49511856,Sugarcane,01-08-2021
SC081,12-06-2021,0.8074841,Sugarcane,01-08-2021
SC081,13-04-2021,0.1564411,Sugarcane,01-08-2021
SC081,13-05-2022,0.5096835,Sugarcane,01-08-2021
SC081,14-03-2022,0.47239265,Sugarcane,01-08-2021
SC081,14-11-2021,0.6058278,Sugarcane,01-08-2021
SC081,15-10-2021,0.7250392,Sugarcane,01-08-2021
SC081,17-02-2021,0.15700619,Sugarcane,01-08-2021
SC081,17-02-2022,0.5066048,Sugarcane,01-08-2021
SC081,18-01-2021,0.041358937,Sugarcane,01-08-2021
SC081,18-04-2021,0.19133726,Sugarcane,01-08-2021
SC081,18-04-2022,0.4572004,Sugarcane,01-08-2021
SC081,18-05-2022,0.6419612,Sugarcane,01-08-2021
SC081,19-03-2022,0.39804602,Sugarcane,01-08-2021
SC081,20-09-2021,0.68333334,Sugarcane,01-08-2021
SC081,22-02-2021,0.17309813,Sugarcane,01-08-2021
SC081,23-04-2021,0.23704611,Sugarcane,01-08-2021
SC081,23-04-2022,0.48635936,Sugarcane,01-08-2021
SC081,23-05-2021,0.5531321,Sugarcane,01-08-2021
SC081,23-05-2022,0.51793927,Sugarcane,01-08-2021
SC081,24-03-2021,0.08571429,Sugarcane,01-08-2021
SC081,24-03-2022,0.18353345,Sugarcane,01-08-2021
SC081,24-11-2021,0.50319827,Sugarcane,01-08-2021
SC081,24-12-2021,0.38867924,Sugarcane,01-08-2021
SC081,25-10-2021,0.69842106,Sugarcane,01-08-2021
SC081,27-02-2021,0.15306123,Sugarcane,01-08-2021
SC081,27-02-2022,0.49615115,Sugarcane,01-08-2021
SC081,28-04-2021,0.27399045,Sugarcane,01-08-2021
SC081,28-04-2022,0.60908145,Sugarcane,01-08-2021
SC081,28-05-2022,0.48666376,Sugarcane,01-08-2021
SC081,29-03-2021,0.103420846,Sugarcane,01-08-2021
SC081,29-03-2022,0.32345015,Sugarcane,01-08-2021
SC081,29-11-2021,0.4944492,Sugarcane,01-08-2021
SC081,30-09-2021,0.7777778,Sugarcane,01-08-2021
SC081,30-10-2021,0.65918535,Sugarcane,01-08-2021
SC082,02-02-2021,0.35704875,Sugarcane,01-08-2021
SC082,02-06-2021,0.8001753,Sugarcane,01-08-2021
SC082,03-01-2021,0.3329007,Sugarcane,01-08-2021
SC082,03-04-2021,0.27697536,Sugarcane,01-08-2021
SC082,03-04-2022,0.406384,Sugarcane,01-08-2021
SC082,03-05-2021,0.25022665,Sugarcane,01-08-2021
SC082,03-05-2022,0.3072204,Sugarcane,01-08-2021
SC082,04-03-2021,0.52562475,Sugarcane,01-08-2021
SC082,04-03-2022,0.2704289,Sugarcane,01-08-2021
SC082,04-11-2021,0.56327116,Sugarcane,01-08-2021
SC082,04-12-2021,0.49382305,Sugarcane,01-08-2021
SC082,07-02-2021,0.5533632,Sugarcane,01-08-2021
SC082,07-06-2021,0.6841869,Sugarcane,01-08-2021
SC082,08-04-2021,0.265252,Sugarcane,01-08-2021
SC082,08-04-2022,0.40509915,Sugarcane,01-08-2021
SC082,08-05-2021,0.42400372,Sugarcane,01-08-2021
SC082,09-03-2021,0.48970005,Sugarcane,01-08-2021
SC082,09-03-2022,0.28048214,Sugarcane,01-08-2021
SC082,09-12-2021,0.37807882,Sugarcane,01-08-2021
SC082,10-10-2021,0.64961416,Sugarcane,01-08-2021
SC082,12-02-2022,0.42250532,Sugarcane,01-08-2021
SC082,12-06-2021,0.84697133,Sugarcane,01-08-2021
SC082,13-04-2021,0.31008935,Sugarcane,01-08-2021
SC082,13-05-2022,0.38084632,Sugarcane,01-08-2021
SC082,14-03-2022,0.28967813,Sugarcane,01-08-2021
SC082,14-11-2021,0.61922836,Sugarcane,01-08-2021
SC082,15-10-2021,0.7217443,Sugarcane,01-08-2021
SC082,17-02-2021,0.46222582,Sugarcane,01-08-2021
SC082,17-02-2022,0.47968692,Sugarcane,01-08-2021
SC082,18-01-2021,0.052792188,Sugarcane,01-08-2021
SC082,18-04-2021,0.287665,Sugarcane,01-08-2021
SC082,18-04-2022,0.37349397,Sugarcane,01-08-2021
SC082,18-05-2022,0.48410812,Sugarcane,01-08-2021
SC082,19-03-2022,0.33493513,Sugarcane,01-08-2021
SC082,20-09-2021,0.7128149,Sugarcane,01-08-2021
SC082,22-02-2021,0.44012323,Sugarcane,01-08-2021
SC082,23-04-2021,0.31898406,Sugarcane,01-08-2021
SC082,23-04-2022,0.37400532,Sugarcane,01-08-2021
SC082,23-05-2021,0.6858377,Sugarcane,01-08-2021
SC082,23-05-2022,0.39404553,Sugarcane,01-08-2021
SC082,24-03-2021,0.27351537,Sugarcane,01-08-2021
SC082,24-03-2022,0.19175418,Sugarcane,01-08-2021
SC082,24-11-2021,0.48025185,Sugarcane,01-08-2021
SC082,24-12-2021,0.34374043,Sugarcane,01-08-2021
SC082,25-10-2021,0.68499255,Sugarcane,01-08-2021
SC082,27-02-2021,0.5075418,Sugarcane,01-08-2021
SC082,27-02-2022,0.26012602,Sugarcane,01-08-2021
SC082,28-04-2021,0.3261928,Sugarcane,01-08-2021
SC082,28-04-2022,0.4248492,Sugarcane,01-08-2021
SC082,28-05-2022,0.48496953,Sugarcane,01-08-2021
SC082,29-03-2021,0.23308271,Sugarcane,01-08-2021
SC082,29-03-2022,0.38666666,Sugarcane,01-08-2021
SC082,29-11-2021,0.44062993,Sugarcane,01-08-2021
SC082,30-09-2021,0.75014836,Sugarcane,01-08-2021
SC082,30-10-2021,0.6352472,Sugarcane,01-08-2021
SC083,02-02-2021,0.32354668,Sugarcane,01-08-2021
SC083,02-06-2021,0.62052166,Sugarcane,01-08-2021
SC083,03-01-2021,0.20174347,Sugarcane,01-08-2021
SC083,03-04-2021,0.32077593,Sugarcane,01-08-2021
SC083,03-04-2022,0.33073062,Sugarcane,01-08-2021
SC083,03-05-2021,0.20619555,Sugarcane,01-08-2021
SC083,03-05-2022,0.30543098,Sugarcane,01-08-2021
SC083,04-03-2021,0.54989386,Sugarcane,01-08-2021
SC083,04-03-2022,0.36304423,Sugarcane,01-08-2021
SC083,04-11-2021,0.5087282,Sugarcane,01-08-2021
SC083,04-12-2021,0.48829702,Sugarcane,01-08-2021
SC083,07-02-2021,0.54627806,Sugarcane,01-08-2021
SC083,07-06-2021,0.5318471,Sugarcane,01-08-2021
SC083,08-04-2021,0.31393397,Sugarcane,01-08-2021
SC083,08-04-2022,0.22884172,Sugarcane,01-08-2021
SC083,08-05-2021,0.34607747,Sugarcane,01-08-2021
SC083,09-03-2021,0.45477074,Sugarcane,01-08-2021
SC083,09-03-2022,0.36772153,Sugarcane,01-08-2021
SC083,09-12-2021,0.4517544,Sugarcane,01-08-2021
SC083,10-10-2021,0.6582384,Sugarcane,01-08-2021
SC083,12-02-2022,0.5563558,Sugarcane,01-08-2021
SC083,12-06-2021,0.7282825,Sugarcane,01-08-2021
SC083,13-04-2021,0.33456954,Sugarcane,01-08-2021
SC083,13-05-2022,0.33544877,Sugarcane,01-08-2021
SC083,14-03-2022,0.33093524,Sugarcane,01-08-2021
SC083,14-11-2021,0.54901963,Sugarcane,01-08-2021
SC083,15-10-2021,0.789267,Sugarcane,01-08-2021
SC083,17-02-2021,0.5361702,Sugarcane,01-08-2021
SC083,17-02-2022,0.53081375,Sugarcane,01-08-2021
SC083,18-01-2021,0.31324005,Sugarcane,01-08-2021
SC083,18-04-2021,0.32048458,Sugarcane,01-08-2021
SC083,18-04-2022,0.32352942,Sugarcane,01-08-2021
SC083,18-05-2022,0.43008924,Sugarcane,01-08-2021
SC083,19-03-2022,0.33863837,Sugarcane,01-08-2021
SC083,20-09-2021,0.6728321,Sugarcane,01-08-2021
SC083,22-02-2021,0.4543683,Sugarcane,01-08-2021
SC083,23-04-2021,0.35849056,Sugarcane,01-08-2021
SC083,23-04-2022,0.3146312,Sugarcane,01-08-2021
SC083,23-05-2021,0.4710648,Sugarcane,01-08-2021
SC083,23-05-2022,0.41007957,Sugarcane,01-08-2021
SC083,24-03-2021,0.44949833,Sugarcane,01-08-2021
SC083,24-03-2022,0.29694322,Sugarcane,01-08-2021
SC083,24-11-2021,0.4950778,Sugarcane,01-08-2021
SC083,24-12-2021,0.22588833,Sugarcane,01-08-2021
SC083,25-10-2021,0.70914125,Sugarcane,01-08-2021
SC083,27-02-2021,0.5496403,Sugarcane,01-08-2021
SC083,27-02-2022,0.53686327,Sugarcane,01-08-2021
SC083,28-04-2021,0.33297297,Sugarcane,01-08-2021
SC083,28-04-2022,0.3939394,Sugarcane,01-08-2021
SC083,28-05-2022,0.4214316,Sugarcane,01-08-2021
SC083,29-03-2021,0.37424657,Sugarcane,01-08-2021
SC083,29-03-2022,0.29295555,Sugarcane,01-08-2021
SC083,29-11-2021,0.45302132,Sugarcane,01-08-2021
SC083,30-09-2021,0.83255506,Sugarcane,01-08-2021
SC083,30-10-2021,0.6937063,Sugarcane,01-08-2021
SC086,02-02-2021,0.33099416,Sugarcane,01-08-2021
SC086,02-06-2021,0.65916044,Sugarcane,01-08-2021
SC086,03-01-2021,0.30405855,Sugarcane,01-08-2021
SC086,03-04-2021,0.46896762,Sugarcane,01-08-2021
SC086,03-04-2022,0.3382353,Sugarcane,01-08-2021
SC086,03-05-2021,0.28732106,Sugarcane,01-08-2021
SC086,03-05-2022,0.41170585,Sugarcane,01-08-2021
SC086,04-03-2021,0.50289017,Sugarcane,01-08-2021
SC086,04-03-2022,0.33966875,Sugarcane,01-08-2021
SC086,04-11-2021,0.55923015,Sugarcane,01-08-2021
SC086,04-12-2021,0.44571242,Sugarcane,01-08-2021
SC086,07-02-2021,0.4415626,Sugarcane,01-08-2021
SC086,07-06-2021,0.5002514,Sugarcane,01-08-2021
SC086,08-04-2021,0.44316876,Sugarcane,01-08-2021
SC086,08-04-2022,0.3806078,Sugarcane,01-08-2021
SC086,08-05-2021,0.52876985,Sugarcane,01-08-2021
SC086,09-03-2021,0.41763726,Sugarcane,01-08-2021
SC086,09-03-2022,0.4009343,Sugarcane,01-08-2021
SC086,09-12-2021,0.3816631,Sugarcane,01-08-2021
SC086,10-10-2021,0.6431329,Sugarcane,01-08-2021
SC086,12-02-2022,0.38702315,Sugarcane,01-08-2021
SC086,12-06-2021,0.7470817,Sugarcane,01-08-2021
SC086,13-04-2021,0.4957939,Sugarcane,01-08-2021
SC086,13-05-2022,0.48544154,Sugarcane,01-08-2021
SC086,14-03-2022,0.3619886,Sugarcane,01-08-2021
SC086,14-11-2021,0.6049607,Sugarcane,01-08-2021
SC086,15-10-2021,0.75049615,Sugarcane,01-08-2021
SC086,17-02-2021,0.42677164,Sugarcane,01-08-2021
SC086,17-02-2022,0.3788117,Sugarcane,01-08-2021
SC086,18-01-2021,0.0874361,Sugarcane,01-08-2021
SC086,18-04-2021,0.46710527,Sugarcane,01-08-2021
SC086,18-04-2022,0.4353963,Sugarcane,01-08-2021
SC086,18-05-2022,0.6902785,Sugarcane,01-08-2021
SC086,19-03-2022,0.3799033,Sugarcane,01-08-2021
SC086,20-09-2021,0.7376507,Sugarcane,01-08-2021
SC086,22-02-2021,0.4528363,Sugarcane,01-08-2021
SC086,23-04-2021,0.50915015,Sugarcane,01-08-2021
SC086,23-04-2022,0.45970148,Sugarcane,01-08-2021
SC086,23-05-2021,0.5501879,Sugarcane,01-08-2021
SC086,23-05-2022,0.53296703,Sugarcane,01-08-2021
SC086,24-03-2021,0.44863674,Sugarcane,01-08-2021
SC086,24-03-2022,0.27020407,Sugarcane,01-08-2021
SC086,24-11-2021,0.44116804,Sugarcane,01-08-2021
SC086,24-12-2021,0.3090677,Sugarcane,01-08-2021
SC086,25-10-2021,0.69608134,Sugarcane,01-08-2021
SC086,27-02-2021,0.4220869,Sugarcane,01-08-2021
SC086,27-02-2022,0.39486203,Sugarcane,01-08-2021
SC086,28-04-2021,0.5069075,Sugarcane,01-08-2021
SC086,28-04-2022,0.5758592,Sugarcane,01-08-2021
SC086,28-05-2022,0.66183573,Sugarcane,01-08-2021
SC086,29-03-2021,0.36458853,Sugarcane,01-08-2021
SC086,29-03-2022,0.30818278,Sugarcane,01-08-2021
SC086,29-11-2021,0.42712295,Sugarcane,01-08-2021
SC086,30-09-2021,0.8065556,Sugarcane,01-08-2021
SC086,30-10-2021,0.6494605,Sugarcane,01-08-2021
SC090,02-02-2021,0.47719297,Sugarcane,01-08-2021
SC090,02-06-2021,0.52762973,Sugarcane,01-08-2021
SC090,03-01-2021,0.49636805,Sugarcane,01-08-2021
SC090,03-04-2021,0.60552,Sugarcane,01-08-2021
SC090,03-04-2022,0.5783439,Sugarcane,01-08-2021
SC090,03-05-2021,0.29735035,Sugarcane,01-08-2021
SC090,03-05-2022,0.22833787,Sugarcane,01-08-2021
SC090,04-03-2021,0.67912775,Sugarcane,01-08-2021
SC090,04-03-2022,0.72773355,Sugarcane,01-08-2021
SC090,04-11-2021,0.42284122,Sugarcane,01-08-2021
SC090,04-12-2021,0.40836847,Sugarcane,01-08-2021
SC090,07-02-2021,0.7267165,Sugarcane,01-08-2021
SC090,07-06-2021,0.49584785,Sugarcane,01-08-2021
SC090,08-04-2021,0.4113082,Sugarcane,01-08-2021
SC090,08-04-2022,0.41544607,Sugarcane,01-08-2021
SC090,08-05-2021,0.43406594,Sugarcane,01-08-2021
SC090,09-03-2021,0.5498354,Sugarcane,01-08-2021
SC090,09-03-2022,0.7494737,Sugarcane,01-08-2021
SC090,09-12-2021,0.41000575,Sugarcane,01-08-2021
SC090,10-10-2021,0.63651925,Sugarcane,01-08-2021
SC090,12-02-2022,0.7556321,Sugarcane,01-08-2021
SC090,12-06-2021,0.673516,Sugarcane,01-08-2021
SC090,13-04-2021,0.45529503,Sugarcane,01-08-2021
SC090,13-05-2022,0.28782287,Sugarcane,01-08-2021
SC090,14-03-2022,0.7259843,Sugarcane,01-08-2021
SC090,14-11-2021,0.5251534,Sugarcane,01-08-2021
SC090,15-10-2021,0.7315394,Sugarcane,01-08-2021
SC090,17-02-2021,0.64117646,Sugarcane,01-08-2021
SC090,17-02-2022,0.78433955,Sugarcane,01-08-2021
SC090,18-01-2021,0.101617336,Sugarcane,01-08-2021
SC090,18-04-2021,0.4099896,Sugarcane,01-08-2021
SC090,18-04-2022,0.31233317,Sugarcane,01-08-2021
SC090,18-05-2022,0.25261834,Sugarcane,01-08-2021
SC090,19-03-2022,0.64900476,Sugarcane,01-08-2021
SC090,20-09-2021,0.6105293,Sugarcane,01-08-2021
SC090,22-02-2021,0.59484345,Sugarcane,01-08-2021
SC090,23-04-2021,0.43435365,Sugarcane,01-08-2021
SC090,23-04-2022,0.27606753,Sugarcane,01-08-2021
SC090,23-05-2021,0.54282475,Sugarcane,01-08-2021
SC090,23-05-2022,0.26780626,Sugarcane,01-08-2021
SC090,24-03-2021,0.5922212,Sugarcane,01-08-2021
SC090,24-03-2022,0.4715378,Sugarcane,01-08-2021
SC090,24-11-2021,0.3545568,Sugarcane,01-08-2021
SC090,24-12-2021,0.33061224,Sugarcane,01-08-2021
SC090,25-10-2021,0.3944596,Sugarcane,01-08-2021
SC090,27-02-2021,0.61955553,Sugarcane,01-08-2021
SC090,27-02-2022,0.69818527,Sugarcane,01-08-2021
SC090,28-04-2021,0.3950811,Sugarcane,01-08-2021
SC090,28-04-2022,0.42613637,Sugarcane,01-08-2021
SC090,28-05-2022,0.32306337,Sugarcane,01-08-2021
SC090,29-03-2021,0.46212953,Sugarcane,01-08-2021
SC090,29-03-2022,0.6898734,Sugarcane,01-08-2021
SC090,29-11-2021,0.37948084,Sugarcane,01-08-2021
SC090,30-09-2021,0.77350426,Sugarcane,01-08-2021
SC090,30-10-2021,0.4502965,Sugarcane,01-08-2021
SC091,02-02-2021,0.17874396,Sugarcane,01-08-2021
SC091,02-06-2021,0.57522535,Sugarcane,01-08-2021
SC091,03-01-2021,0.20035619,Sugarcane,01-08-2021
SC091,03-04-2021,0.13690953,Sugarcane,01-08-2021
SC091,03-04-2022,0.39344263,Sugarcane,01-08-2021
SC091,03-05-2021,0.1384743,Sugarcane,01-08-2021
SC091,03-05-2022,0.27059883,Sugarcane,01-08-2021
SC091,04-03-2021,0.2997213,Sugarcane,01-08-2021
SC091,04-03-2022,0.41033885,Sugarcane,01-08-2021
SC091,04-11-2021,0.6686077,Sugarcane,01-08-2021
SC091,04-12-2021,0.5809066,Sugarcane,01-08-2021
SC091,07-02-2021,0.5436811,Sugarcane,01-08-2021
SC091,07-06-2021,0.44752625,Sugarcane,01-08-2021
SC091,08-04-2021,0.1427372,Sugarcane,01-08-2021
SC091,08-04-2022,0.35149157,Sugarcane,01-08-2021
SC091,08-05-2021,0.14577657,Sugarcane,01-08-2021
SC091,09-03-2021,0.23511726,Sugarcane,01-08-2021
SC091,09-03-2022,0.42068273,Sugarcane,01-08-2021
SC091,09-12-2021,0.5138122,Sugarcane,01-08-2021
SC091,10-10-2021,0.5129472,Sugarcane,01-08-2021
SC091,12-02-2022,0.50364965,Sugarcane,01-08-2021
SC091,12-06-2021,0.57287043,Sugarcane,01-08-2021
SC091,13-04-2021,0.10184323,Sugarcane,01-08-2021
SC091,13-05-2022,0.38971964,Sugarcane,01-08-2021
SC091,14-03-2022,0.43209878,Sugarcane,01-08-2021
SC091,14-11-2021,0.534375,Sugarcane,01-08-2021
SC091,15-10-2021,0.7755158,Sugarcane,01-08-2021
SC091,17-02-2021,0.4899103,Sugarcane,01-08-2021
SC091,17-02-2022,0.36133602,Sugarcane,01-08-2021
SC091,18-01-2021,0.5670436,Sugarcane,01-08-2021
SC091,18-04-2021,0.118723236,Sugarcane,01-08-2021
SC091,18-04-2022,0.2990654,Sugarcane,01-08-2021
SC091,18-05-2022,0.6415007,Sugarcane,01-08-2021
SC091,19-03-2022,0.46429548,Sugarcane,01-08-2021
SC091,20-09-2021,0.6681081,Sugarcane,01-08-2021
SC091,22-02-2021,0.3967248,Sugarcane,01-08-2021
SC091,23-04-2021,0.12750518,Sugarcane,01-08-2021
SC091,23-04-2022,0.31675392,Sugarcane,01-08-2021
SC091,23-05-2021,0.30502245,Sugarcane,01-08-2021
SC091,23-05-2022,0.37167755,Sugarcane,01-08-2021
SC091,24-03-2021,0.123777114,Sugarcane,01-08-2021
SC091,24-03-2022,0.40891993,Sugarcane,01-08-2021
SC091,24-11-2021,0.43926248,Sugarcane,01-08-2021
SC091,24-12-2021,0.473858,Sugarcane,01-08-2021
SC091,25-10-2021,0.722449,Sugarcane,01-08-2021
SC091,27-02-2021,0.30174562,Sugarcane,01-08-2021
SC091,27-02-2022,0.17681646,Sugarcane,01-08-2021
SC091,28-04-2021,0.14571318,Sugarcane,01-08-2021
SC091,28-04-2022,0.36132902,Sugarcane,01-08-2021
SC091,28-05-2022,0.35206744,Sugarcane,01-08-2021
SC091,29-03-2021,0.13903967,Sugarcane,01-08-2021
SC091,29-03-2022,0.4350581,Sugarcane,01-08-2021
SC091,29-11-2021,0.49580318,Sugarcane,01-08-2021
SC091,30-09-2021,0.72925216,Sugarcane,01-08-2021
SC091,30-10-2021,0.73042506,Sugarcane,01-08-2021
SC093,02-02-2021,0.17271727,Sugarcane,01-08-2021
SC093,02-06-2021,0.4025559,Sugarcane,01-08-2021
SC093,03-01-2021,0.1375,Sugarcane,01-08-2021
SC093,03-04-2021,0.15384616,Sugarcane,01-08-2021
SC093,03-04-2022,0.3489949,Sugarcane,01-08-2021
SC093,03-05-2021,0.15208614,Sugarcane,01-08-2021
SC093,03-05-2022,0.3691275,Sugarcane,01-08-2021
SC093,04-03-2021,0.12672177,Sugarcane,01-08-2021
SC093,04-03-2022,0.38726872,Sugarcane,01-08-2021
SC093,04-11-2021,0.4860789,Sugarcane,01-08-2021
SC093,04-12-2021,0.49190938,Sugarcane,01-08-2021
SC093,07-02-2021,0.13167259,Sugarcane,01-08-2021
SC093,07-06-2021,0.3760246,Sugarcane,01-08-2021
SC093,08-04-2021,0.15565611,Sugarcane,01-08-2021
SC093,08-04-2022,0.37871525,Sugarcane,01-08-2021
SC093,08-05-2021,0.15780866,Sugarcane,01-08-2021
SC093,09-03-2021,0.15603799,Sugarcane,01-08-2021
SC093,09-03-2022,0.39048773,Sugarcane,01-08-2021
SC093,09-12-2021,0.39240506,Sugarcane,01-08-2021
SC093,10-10-2021,0.62012434,Sugarcane,01-08-2021
SC093,12-02-2022,0.47012988,Sugarcane,01-08-2021
SC093,12-06-2021,0.46727636,Sugarcane,01-08-2021
SC093,13-04-2021,0.11732743,Sugarcane,01-08-2021
SC093,13-05-2022,0.45543584,Sugarcane,01-08-2021
SC093,14-03-2022,0.29850024,Sugarcane,01-08-2021
SC093,14-11-2021,0.57517326,Sugarcane,01-08-2021
SC093,15-10-2021,0.7111369,Sugarcane,01-08-2021
SC093,17-02-2021,0.15228967,Sugarcane,01-08-2021
SC093,17-02-2022,0.45734003,Sugarcane,01-08-2021
SC093,18-01-2021,0.028794535,Sugarcane,01-08-2021
SC093,18-04-2021,0.18542463,Sugarcane,01-08-2021
SC093,18-04-2022,0.35531497,Sugarcane,01-08-2021
SC093,18-05-2022,0.6220663,Sugarcane,01-08-2021
SC093,19-03-2022,0.29050714,Sugarcane,01-08-2021
SC093,20-09-2021,0.70538384,Sugarcane,01-08-2021
SC093,22-02-2021,0.16311301,Sugarcane,01-08-2021
SC093,23-04-2021,0.14153609,Sugarcane,01-08-2021
SC093,23-04-2022,0.39751554,Sugarcane,01-08-2021
SC093,23-05-2021,0.45584726,Sugarcane,01-08-2021
SC093,23-05-2022,0.4960557,Sugarcane,01-08-2021
SC093,24-03-2021,0.15146373,Sugarcane,01-08-2021
SC093,24-03-2022,0.08628128,Sugarcane,01-08-2021
SC093,24-11-2021,0.4732486,Sugarcane,01-08-2021
SC093,24-12-2021,0.30447912,Sugarcane,01-08-2021
SC093,25-10-2021,0.64968944,Sugarcane,01-08-2021
SC093,27-02-2021,0.10843374,Sugarcane,01-08-2021
SC093,27-02-2022,0.40179956,Sugarcane,01-08-2021
SC093,28-04-2021,0.1380753,Sugarcane,01-08-2021
SC093,28-04-2022,0.521327,Sugarcane,01-08-2021
SC093,28-05-2022,0.62786597,Sugarcane,01-08-2021
SC093,29-03-2021,0.17819707,Sugarcane,01-08-2021
SC093,29-03-2022,0.32690454,Sugarcane,01-08-2021
SC093,29-11-2021,0.41764528,Sugarcane,01-08-2021
SC093,30-09-2021,0.7471783,Sugarcane,01-08-2021
SC093,30-10-2021,0.58341306,Sugarcane,01-08-2021
ON001,03-02-2024,0.7256858,Onion,24-01-2026
ON001,03-04-2024,0.1568915,Onion,24-01-2026
ON001,03-05-2024,0.16977929,Onion,24-01-2026
ON001,04-01-2024,0.39841688,Onion,24-01-2026
ON001,04-03-2024,0.52547604,Onion,24-01-2026
ON001,08-02-2024,0.6556777,Onion,24-01-2026
ON001,08-04-2024,0.24636601,Onion,24-01-2026
ON001,08-05-2024,0.25949955,Onion,24-01-2026
ON001,09-03-2024,0.46418604,Onion,24-01-2026
ON001,10-12-2023,0.26432532,Onion,24-01-2026
ON001,11-10-2023,0.49217072,Onion,01-01-2026
ON001,13-04-2024,0.029916625,Onion,24-01-2026
ON001,13-05-2024,0.3654762,Onion,24-01-2026
ON001,14-01-2024,0.62098265,Onion,24-01-2026
ON001,14-03-2024,0.2052052,Onion,24-01-2026
ON001,15-11-2023,0.22723404,Onion,24-01-2026
ON001,15-12-2023,0.28824222,Onion,24-01-2026
ON001,16-10-2023,0.42674345,Onion,24-01-2026
ON001,18-02-2024,0.5842529,Onion,24-01-2026
ON001,18-04-2024,0.072592594,Onion,24-01-2026
ON001,18-05-2024,0.5245559,Onion,24-01-2026
ON001,19-01-2024,0.67358625,Onion,24-01-2026
ON001,19-03-2024,0.22148247,Onion,24-01-2026
ON001,23-02-2024,0.6657474,Onion,24-01-2026
ON001,23-04-2024,0.029830197,Onion,24-01-2026
ON001,24-03-2024,0.17144157,Onion,24-01-2026
ON001,25-12-2023,0.33281794,Onion,24-01-2026
ON001,28-02-2024,0.50627166,Onion,24-01-2026
ON001,28-04-2024,0.0764526,Onion,24-01-2026
ON001,30-12-2023,0.43974462,Onion,24-01-2026
ON001,31-10-2023,0.2271035,Onion,24-01-2026
ON002,03-02-2024,0.5500686,Onion,24-01-2026
ON002,03-04-2024,0.19507909,Onion,24-01-2026
ON002,03-05-2024,0.21973929,Onion,24-01-2026
ON002,04-01-2024,0.43342036,Onion,24-01-2026
ON002,04-03-2024,0.5692666,Onion,24-01-2026
ON002,08-02-2024,0.57281554,Onion,24-01-2026
ON002,08-04-2024,0.19475065,Onion,24-01-2026
ON002,08-05-2024,0.21803127,Onion,24-01-2026
ON002,09-03-2024,0.5381178,Onion,24-01-2026
ON002,10-12-2023,0.60872626,Onion,24-01-2026
ON002,11-10-2023,0.4339301,Onion,24-01-2026
ON002,13-04-2024,0.21263395,Onion,24-01-2026
ON002,13-05-2024,0.2693727,Onion,24-01-2026
ON002,14-01-2024,0.5793045,Onion,24-01-2026
ON002,14-03-2024,0.48510066,Onion,24-01-2026
ON002,15-11-2023,0.49147624,Onion,24-01-2026
ON002,15-12-2023,0.48226416,Onion,24-01-2026
ON002,16-10-2023,0.393276,Onion,24-01-2026
ON002,18-02-2024,0.56869996,Onion,24-01-2026
ON002,18-04-2024,0.14104596,Onion,24-01-2026
ON002,18-05-2024,0.27370602,Onion,24-01-2026
ON002,19-01-2024,0.5825947,Onion,24-01-2026
ON002,19-03-2024,0.49417552,Onion,24-01-2026
ON002,20-11-2023,0.41307372,Onion,24-01-2026
ON002,23-02-2024,0.60047776,Onion,24-01-2026
ON002,23-04-2024,0.19925857,Onion,24-01-2026
ON002,24-03-2024,0.3100737,Onion,24-01-2026
ON002,25-12-2023,0.49720672,Onion,24-01-2026
ON002,26-10-2023,0.42754146,Onion,24-01-2026
ON002,28-02-2024,0.49225268,Onion,24-01-2026
ON002,28-04-2024,0.15833333,Onion,24-01-2026
ON002,30-12-2023,0.5467512,Onion,24-01-2026
ON002,31-10-2023,0.41954023,Onion,24-01-2026
ON003,03-02-2024,0.5863504,Onion,24-01-2026
ON003,03-04-2024,0.43057996,Onion,24-01-2026
ON003,03-05-2024,0.18775697,Onion,24-01-2026
ON003,04-01-2024,0.26329276,Onion,24-01-2026
ON003,04-03-2024,0.7690632,Onion,24-01-2026
ON003,06-10-2023,0.8230622,Onion,24-01-2026
ON003,08-02-2024,0.6332564,Onion,24-01-2026
ON003,08-04-2024,0.31910026,Onion,24-01-2026
ON003,08-05-2024,0.17095588,Onion,24-01-2026
ON003,09-03-2024,0.71089107,Onion,24-01-2026
ON003,10-12-2023,0.2874494,Onion,24-01-2026
ON003,11-10-2023,0.7329888,Onion,24-01-2026
ON003,13-04-2024,0.22340846,Onion,24-01-2026
ON003,13-05-2024,0.14181818,Onion,24-01-2026
ON003,14-01-2024,0.30612245,Onion,24-01-2026
ON003,14-03-2024,0.6568123,Onion,24-01-2026
ON003,15-11-2023,0.27822426,Onion,24-01-2026
ON003,15-12-2023,0.23735003,Onion,24-01-2026
ON003,16-10-2023,0.7289941,Onion,24-01-2026
ON003,18-02-2024,0.65097755,Onion,24-01-2026
ON003,18-04-2024,0.19506624,Onion,24-01-2026
ON003,18-05-2024,0.17049809,Onion,24-01-2026
ON003,19-01-2024,0.38127974,Onion,24-01-2026
ON003,19-03-2024,0.6476427,Onion,24-01-2026
ON003,20-11-2023,0.28785047,Onion,24-01-2026
ON003,20-11-2023,0.29472774,Onion,24-01-2026
ON003,23-02-2024,0.7479114,Onion,24-01-2026
ON003,23-04-2024,0.16856368,Onion,24-01-2026
ON003,25-12-2023,0.23660347,Onion,24-01-2026
ON003,26-10-2023,0.5386658,Onion,24-01-2026
ON003,28-02-2024,0.59624416,Onion,24-01-2026
ON003,28-04-2024,0.17761034,Onion,24-01-2026
ON003,30-12-2023,0.28377154,Onion,24-01-2026
ON003,31-10-2023,0.4076655,Onion,24-01-2026
ON004,03-02-2024,0.5960029,Onion,01-01-2024
ON004,03-04-2024,0.024691358,Onion,01-01-2024
ON004,03-05-2024,0.44035345,Onion,01-01-2024
ON004,04-01-2024,0.4820322,Onion,01-01-2024
ON004,04-03-2024,0.16224189,Onion,01-01-2024
ON004,08-02-2024,0.59676415,Onion,01-01-2024
ON004,08-04-2024,0.046273746,Onion,01-01-2024
ON004,08-05-2024,0.4328841,Onion,01-01-2024
ON004,09-03-2024,0.16352583,Onion,01-01-2024
ON004,10-12-2023,0.51194537,Onion,01-01-2024
ON004,11-10-2023,0.20054322,Onion,01-01-2024
ON004,13-04-2024,0.07656612,Onion,01-01-2024
ON004,13-05-2024,0.49559748,Onion,01-01-2024
ON004,14-01-2024,0.6074476,Onion,01-01-2024
ON004,14-03-2024,0.21275736,Onion,01-01-2024
ON004,15-11-2023,0.29046562,Onion,01-01-2024
ON004,15-12-2023,0.4914265,Onion,01-01-2024
ON004,16-10-2023,0.19213584,Onion,01-01-2024
ON004,18-02-2024,0.48487905,Onion,01-01-2024
ON004,18-04-2024,0.13572854,Onion,01-01-2024
ON004,18-05-2024,0.5543278,Onion,01-01-2024
ON004,19-01-2024,0.6223576,Onion,01-01-2024
ON004,19-03-2024,0.15300943,Onion,01-01-2024
ON004,23-02-2024,0.3035958,Onion,01-01-2024
ON004,23-04-2024,0.21852861,Onion,01-01-2024
ON004,24-03-2024,0.17165354,Onion,01-01-2024
ON004,25-12-2023,0.57708627,Onion,01-01-2024
ON004,28-02-2024,0.19162641,Onion,01-01-2024
ON004,28-04-2024,0.39751145,Onion,01-01-2024
ON004,30-12-2023,0.6188467,Onion,01-01-2024
ON004,31-10-2023,0.17960602,Onion,01-01-2024
ON005,03-02-2024,0.7120921,Onion,01-01-2024
ON005,03-04-2024,0.19891746,Onion,01-01-2024
ON005,03-05-2024,0.051572327,Onion,01-01-2024
ON005,04-01-2024,0.24725738,Onion,01-01-2024
ON005,04-03-2024,0.71175164,Onion,01-01-2024
ON005,06-10-2023,0.31548974,Onion,01-01-2024
ON005,08-02-2024,0.71828663,Onion,01-01-2024
ON005,08-04-2024,0.16872078,Onion,01-01-2024
ON005,08-05-2024,0.035253655,Onion,01-01-2024
ON005,09-03-2024,0.6427567,Onion,01-01-2024
ON005,10-12-2023,0.24029127,Onion,01-01-2024
ON005,11-10-2023,0.31988472,Onion,01-01-2024
ON005,13-04-2024,0.2109375,Onion,01-01-2024
ON005,13-05-2024,0.066593885,Onion,01-01-2024
ON005,14-01-2024,0.43897763,Onion,01-01-2024
ON005,14-03-2024,0.58057106,Onion,01-01-2024
ON005,15-11-2023,0.2246604,Onion,01-01-2024
ON005,15-12-2023,0.26723096,Onion,01-01-2024
ON005,16-10-2023,0.32834962,Onion,01-01-2024
ON005,18-02-2024,0.72384286,Onion,01-01-2024
ON005,18-04-2024,0.19,Onion,01-01-2024
ON005,18-05-2024,0.08196721,Onion,01-01-2024
ON005,19-01-2024,0.5652174,Onion,01-01-2024
ON005,19-03-2024,0.5674891,Onion,01-01-2024
ON005,20-11-2023,0.26650366,Onion,01-01-2024
ON005,20-11-2023,0.21096544,Onion,01-01-2024
ON005,23-02-2024,0.77794063,Onion,01-01-2024
ON005,23-04-2024,0.18453039,Onion,01-01-2024
ON005,25-12-2023,0.23693803,Onion,01-01-2024
ON005,26-10-2023,0.39956173,Onion,01-01-2024
ON005,28-02-2024,0.6049298,Onion,01-01-2024
ON005,28-04-2024,0.15183246,Onion,01-01-2024
ON005,30-12-2023,0.28481805,Onion,01-01-2024
ON005,31-10-2023,0.4403131,Onion,01-01-2024
ON006,03-02-2024,0.58148324,Onion,01-01-2024
ON006,03-04-2024,0.3666844,Onion,01-01-2024
ON006,03-05-2024,0.23188406,Onion,01-01-2024
ON006,04-01-2024,0.26549348,Onion,01-01-2024
ON006,04-03-2024,0.6437448,Onion,01-01-2024
ON006,06-10-2023,0.56362736,Onion,01-01-2024
ON006,08-02-2024,0.6683235,Onion,01-01-2024
ON006,08-04-2024,0.22783688,Onion,01-01-2024
ON006,08-05-2024,0.1941392,Onion,01-01-2024
ON006,09-03-2024,0.6184787,Onion,01-01-2024
ON006,10-12-2023,0.2983919,Onion,01-01-2024
ON006,11-10-2023,0.375,Onion,01-01-2024
ON006,13-04-2024,0.16071428,Onion,01-01-2024
ON006,13-05-2024,0.19352831,Onion,01-01-2024
ON006,14-01-2024,0.4252593,Onion,01-01-2024
ON006,14-03-2024,0.5338983,Onion,01-01-2024
ON006,15-11-2023,0.24745135,Onion,01-01-2024
ON006,15-12-2023,0.29621848,Onion,01-01-2024
ON006,16-10-2023,0.30599368,Onion,01-01-2024
ON006,18-02-2024,0.65677625,Onion,01-01-2024
ON006,18-04-2024,0.19453481,Onion,01-01-2024
ON006,18-05-2024,0.20041753,Onion,01-01-2024
ON006,19-01-2024,0.4688172,Onion,01-01-2024
ON006,19-03-2024,0.54992765,Onion,01-01-2024
ON006,20-11-2023,0.26120856,Onion,01-01-2024
ON006,20-11-2023,0.2569316,Onion,01-01-2024
ON006,23-02-2024,0.74643296,Onion,01-01-2024
ON006,23-04-2024,0.15815692,Onion,01-01-2024
ON006,25-12-2023,0.28608027,Onion,01-01-2024
ON006,26-10-2023,0.22795115,Onion,01-01-2024
ON006,28-02-2024,0.5631522,Onion,01-01-2024
ON006,28-04-2024,0.21329305,Onion,01-01-2024
ON006,30-12-2023,0.26326963,Onion,01-01-2024
ON006,31-10-2023,0.28456914,Onion,01-01-2024
ON007,03-02-2024,0.6719354,Onion,01-01-2024
ON007,03-04-2024,0.14789689,Onion,01-01-2024
ON007,03-05-2024,0.2674316,Onion,01-01-2024
ON007,04-01-2024,0.5153846,Onion,01-01-2024
ON007,04-03-2024,0.51092166,Onion,01-01-2024
ON007,08-02-2024,0.634981,Onion,01-01-2024
ON007,08-04-2024,-0.028044872,Onion,01-01-2024
ON007,08-05-2024,0.42092913,Onion,01-01-2024
ON007,09-03-2024,0.464656,Onion,01-01-2024
ON007,10-12-2023,0.4352,Onion,01-01-2024
ON007,11-10-2023,0.54908437,Onion,01-01-2024
ON007,13-04-2024,-0.037383176,Onion,01-01-2024
ON007,13-05-2024,0.46324617,Onion,01-01-2024
ON007,14-01-2024,0.68569195,Onion,01-01-2024
ON007,14-03-2024,0.18995737,Onion,01-01-2024
ON007,15-11-2023,0.18511358,Onion,01-01-2024
ON007,15-12-2023,0.38646618,Onion,01-01-2024
ON007,16-10-2023,0.3072165,Onion,01-01-2024
ON007,18-02-2024,0.5769344,Onion,01-01-2024
ON007,18-04-2024,0.010989011,Onion,01-01-2024
ON007,18-05-2024,0.7357535,Onion,01-01-2024
ON007,19-01-2024,0.7090782,Onion,01-01-2024
ON007,19-03-2024,0.19833852,Onion,01-01-2024
ON007,23-02-2024,0.5983796,Onion,01-01-2024
ON007,23-04-2024,0.031390134,Onion,01-01-2024
ON007,24-03-2024,0.17659244,Onion,01-01-2024
ON007,25-12-2023,0.50710225,Onion,01-01-2024
ON007,26-10-2023,0.18452047,Onion,01-01-2024
ON007,28-02-2024,0.49371243,Onion,01-01-2024
ON007,28-04-2024,0.13705584,Onion,01-01-2024
ON007,30-12-2023,0.62332547,Onion,01-01-2024
ON007,31-10-2023,0.19219512,Onion,01-01-2024
ON008,03-02-2024,0.61169416,Onion,01-01-2024
ON008,03-04-2024,0.2078198,Onion,01-01-2024
ON008,03-05-2024,0.16448727,Onion,01-01-2024
ON008,04-01-2024,0.38616714,Onion,01-01-2024
ON008,04-03-2024,0.56994975,Onion,01-01-2024
ON008,08-02-2024,0.5796998,Onion,01-01-2024
ON008,08-04-2024,0.17439863,Onion,01-01-2024
ON008,08-05-2024,0.15511079,Onion,01-01-2024
ON008,09-03-2024,0.53940064,Onion,01-01-2024
ON008,10-12-2023,0.32421875,Onion,01-01-2024
ON008,11-10-2023,0.28773585,Onion,01-01-2024
ON008,13-04-2024,0.1118421,Onion,01-01-2024
ON008,13-05-2024,0.16658124,Onion,01-01-2024
ON008,14-01-2024,0.6979769,Onion,01-01-2024
ON008,14-03-2024,0.4380247,Onion,01-01-2024
ON008,15-11-2023,0.15667719,Onion,01-01-2024
ON008,15-12-2023,0.31067193,Onion,01-01-2024
ON008,16-10-2023,0.24986508,Onion,01-01-2024
ON008,18-02-2024,0.56380206,Onion,01-01-2024
ON008,18-04-2024,0.15580286,Onion,01-01-2024
ON008,18-05-2024,0.15357143,Onion,01-01-2024
ON008,19-01-2024,0.71608394,Onion,01-01-2024
ON008,19-03-2024,0.4170115,Onion,01-01-2024
ON008,20-11-2023,0.20477815,Onion,01-01-2024
ON008,23-02-2024,0.6172918,Onion,01-01-2024
ON008,23-04-2024,0.18309858,Onion,01-01-2024
ON008,24-03-2024,0.32030895,Onion,01-01-2024
ON008,25-12-2023,0.3822573,Onion,01-01-2024
ON008,26-10-2023,0.1923775,Onion,01-01-2024
ON008,28-02-2024,0.51069766,Onion,01-01-2024
ON008,28-04-2024,0.13644214,Onion,01-01-2024
ON008,30-12-2023,0.39010543,Onion,01-01-2024
ON008,31-10-2023,0.1751861,Onion,01-01-2024
ON009,03-02-2024,0.4017857,Onion,01-01-2024
ON009,03-02-2024,0.4040632,Onion,01-01-2024
ON009,03-04-2024,0.39876544,Onion,01-01-2024
ON009,03-04-2024,0.4059098,Onion,01-01-2024
ON009,03-05-2024,0.2246326,Onion,01-01-2024
ON009,03-05-2024,0.21872815,Onion,01-01-2024
ON009,04-01-2024,0.30830768,Onion,01-01-2024
ON009,04-01-2024,0.36263737,Onion,01-01-2024
ON009,04-03-2024,0.65891474,Onion,01-01-2024
ON009,04-03-2024,0.6493827,Onion,01-01-2024
ON009,06-10-2023,0.47382113,Onion,01-01-2024
ON009,06-10-2023,0.47317073,Onion,01-01-2024
ON009,08-02-2024,0.46813533,Onion,01-01-2024
ON009,08-02-2024,0.488,Onion,01-01-2024
ON009,08-04-2024,0.42022714,Onion,01-01-2024
ON009,08-04-2024,0.40162602,Onion,01-01-2024
ON009,08-05-2024,0.21388102,Onion,01-01-2024
ON009,08-05-2024,0.209564,Onion,01-01-2024
ON009,09-03-2024,0.60585886,Onion,01-01-2024
ON009,09-03-2024,0.5801324,Onion,01-01-2024
ON009,10-12-2023,0.42087984,Onion,01-01-2024
ON009,10-12-2023,0.4242623,Onion,01-01-2024
ON009,11-10-2023,0.4931677,Onion,01-01-2024
ON009,11-10-2023,0.50155765,Onion,01-01-2024
ON009,13-04-2024,0.4164306,Onion,01-01-2024
ON009,13-04-2024,0.40449977,Onion,01-01-2024
ON009,13-05-2024,0.23739767,Onion,01-01-2024
ON009,13-05-2024,0.22648671,Onion,01-01-2024
ON009,14-01-2024,0.32963476,Onion,01-01-2024
ON009,14-01-2024,0.32763532,Onion,01-01-2024
ON009,14-03-2024,0.576563,Onion,01-01-2024
ON009,14-03-2024,0.56348246,Onion,01-01-2024
ON009,15-11-2023,0.46622735,Onion,01-01-2024
ON009,15-11-2023,0.48115784,Onion,01-01-2024
ON009,15-12-2023,0.29919678,Onion,01-01-2024
ON009,15-12-2023,0.30392686,Onion,01-01-2024
ON009,16-10-2023,0.47395012,Onion,01-01-2024
ON009,16-10-2023,0.47312167,Onion,01-01-2024
ON009,18-02-2024,0.56166416,Onion,01-01-2024
ON009,18-02-2024,0.59186745,Onion,01-01-2024
ON009,18-04-2024,0.3118687,Onion,01-01-2024
ON009,18-04-2024,0.3004372,Onion,01-01-2024
ON009,18-05-2024,0.28807947,Onion,01-01-2024
ON009,18-05-2024,0.27926347,Onion,01-01-2024
ON009,19-01-2024,0.29876977,Onion,01-01-2024
ON009,19-01-2024,0.29469025,Onion,01-01-2024
ON009,19-03-2024,0.5584883,Onion,01-01-2024
ON009,19-03-2024,0.5235259,Onion,01-01-2024
ON009,20-11-2023,0.33123425,Onion,01-01-2024
ON009,20-11-2023,0.338843,Onion,01-01-2024
ON009,20-11-2023,0.43956706,Onion,01-01-2024
ON009,20-11-2023,0.46037507,Onion,01-01-2024
ON009,23-02-2024,0.6525891,Onion,01-01-2024
ON009,23-02-2024,0.6476608,Onion,01-01-2024
ON009,23-04-2024,0.30545875,Onion,01-01-2024
ON009,23-04-2024,0.30087978,Onion,01-01-2024
ON009,25-12-2023,0.2740871,Onion,01-01-2024
ON009,25-12-2023,0.28,Onion,01-01-2024
ON009,26-10-2023,0.5,Onion,01-01-2024
ON009,26-10-2023,0.50101775,Onion,01-01-2024
ON009,28-02-2024,0.5251142,Onion,01-01-2024
ON009,28-02-2024,0.5021097,Onion,01-01-2024
ON009,28-04-2024,0.20153846,Onion,01-01-2024
ON009,28-04-2024,0.17146432,Onion,01-01-2024
ON009,28-05-2024,0.27429274,Onion,01-01-2024
ON009,30-12-2023,0.29944548,Onion,01-01-2024
ON009,30-12-2023,0.2985146,Onion,01-01-2024
ON010,03-02-2024,0.60031474,Onion,24-01-2026
ON010,03-02-2024,0.6068173,Onion,24-01-2026
ON010,03-04-2024,0.37007874,Onion,24-01-2026
ON010,03-04-2024,0.37416616,Onion,24-01-2026
ON010,03-05-2024,0.25700063,Onion,24-01-2026
ON010,03-05-2024,0.25232485,Onion,24-01-2026
ON010,04-01-2024,0.37207654,Onion,24-01-2026
ON010,04-01-2024,0.4870708,Onion,24-01-2026
ON010,04-03-2024,0.6273292,Onion,24-01-2026
ON010,04-03-2024,0.6163014,Onion,24-01-2026
ON010,06-10-2023,0.85547554,Onion,24-01-2026
ON010,06-10-2023,0.87014264,Onion,24-01-2026
ON010,08-02-2024,0.5353038,Onion,24-01-2026
ON010,08-02-2024,0.5604027,Onion,24-01-2026
ON010,08-04-2024,0.40598533,Onion,24-01-2026
ON010,08-04-2024,0.38651684,Onion,24-01-2026
ON010,08-05-2024,0.24966443,Onion,24-01-2026
ON010,08-05-2024,0.24432577,Onion,24-01-2026
ON010,09-03-2024,0.59970886,Onion,24-01-2026
ON010,09-03-2024,0.57275987,Onion,24-01-2026
ON010,10-12-2023,0.40620384,Onion,24-01-2026
ON010,10-12-2023,0.41482967,Onion,24-01-2026
ON010,11-10-2023,0.7805255,Onion,24-01-2026
ON010,11-10-2023,0.80803686,Onion,24-01-2026
ON010,13-04-2024,0.36422414,Onion,24-01-2026
ON010,13-04-2024,0.35205182,Onion,24-01-2026
ON010,13-05-2024,0.27287716,Onion,24-01-2026
ON010,13-05-2024,0.25769854,Onion,24-01-2026
ON010,14-01-2024,0.5028307,Onion,24-01-2026
ON010,14-01-2024,0.5206878,Onion,24-01-2026
ON010,14-03-2024,0.5700817,Onion,24-01-2026
ON010,14-03-2024,0.55666876,Onion,24-01-2026
ON010,15-11-2023,0.4550615,Onion,24-01-2026
ON010,15-11-2023,0.48878923,Onion,24-01-2026
ON010,15-12-2023,0.48812664,Onion,24-01-2026
ON010,15-12-2023,0.5264368,Onion,24-01-2026
ON010,16-10-2023,0.68368477,Onion,24-01-2026
ON010,16-10-2023,0.6865877,Onion,24-01-2026
ON010,18-02-2024,0.57423407,Onion,24-01-2026
ON010,18-02-2024,0.6059271,Onion,24-01-2026
ON010,18-04-2024,0.30454808,Onion,24-01-2026
ON010,18-04-2024,0.29425287,Onion,24-01-2026
ON010,18-05-2024,0.27023855,Onion,24-01-2026
ON010,18-05-2024,0.25235173,Onion,24-01-2026
ON010,19-01-2024,0.5339113,Onion,24-01-2026
ON010,19-01-2024,0.5391801,Onion,24-01-2026
ON010,19-03-2024,0.4904943,Onion,24-01-2026
ON010,19-03-2024,0.46033898,Onion,24-01-2026
ON010,20-11-2023,0.38594595,Onion,24-01-2026
ON010,20-11-2023,0.42259413,Onion,24-01-2026
ON010,20-11-2023,0.30843115,Onion,24-01-2026
ON010,20-11-2023,0.32552692,Onion,24-01-2026
ON010,23-02-2024,0.62,Onion,24-01-2026
ON010,23-02-2024,0.61533004,Onion,24-01-2026
ON010,23-04-2024,0.32875928,Onion,24-01-2026
ON010,23-04-2024,0.32797244,Onion,24-01-2026
ON010,25-12-2023,0.37714022,Onion,24-01-2026
ON010,25-12-2023,0.40069342,Onion,24-01-2026
ON010,26-10-2023,0.29097474,Onion,24-01-2026
ON010,26-10-2023,0.2891132,Onion,24-01-2026
ON010,28-02-2024,0.52400273,Onion,24-01-2026
ON010,28-02-2024,0.5006676,Onion,24-01-2026
ON010,28-04-2024,0.2699263,Onion,24-01-2026
ON010,28-04-2024,0.25296167,Onion,24-01-2026
ON010,28-05-2024,0.25672042,Onion,24-01-2026
ON010,30-12-2023,0.47930083,Onion,24-01-2026
ON010,30-12-2023,0.49713194,Onion,24-01-2026
ON011,03-02-2024,0.58161646,Onion,24-01-2026
ON011,03-04-2024,0.45903084,Onion,24-01-2026
ON011,03-05-2024,0.16969317,Onion,24-01-2026
ON011,04-01-2024,0.31488407,Onion,24-01-2026
ON011,04-03-2024,0.7295262,Onion,24-01-2026
ON011,06-10-2023,0.51345754,Onion,24-01-2026
ON011,08-02-2024,0.6330275,Onion,24-01-2026
ON011,08-04-2024,0.25987676,Onion,24-01-2026
ON011,08-05-2024,0.1596424,Onion,24-01-2026
ON011,09-03-2024,0.6966933,Onion,24-01-2026
ON011,10-12-2023,0.37378114,Onion,24-01-2026
ON011,11-10-2023,0.3058201,Onion,24-01-2026
ON011,13-04-2024,0.2112473,Onion,24-01-2026
ON011,13-05-2024,0.17537314,Onion,24-01-2026
ON011,14-01-2024,0.52104497,Onion,24-01-2026
ON011,14-03-2024,0.5989011,Onion,24-01-2026
ON011,15-11-2023,0.22,Onion,24-01-2026
ON011,15-12-2023,0.27553445,Onion,24-01-2026
ON011,16-10-2023,0.24351585,Onion,24-01-2026
ON011,18-02-2024,0.6516634,Onion,24-01-2026
ON011,18-04-2024,0.19674985,Onion,24-01-2026
ON011,18-05-2024,0.2434881,Onion,24-01-2026
ON011,19-01-2024,0.6282865,Onion,24-01-2026
ON011,19-03-2024,0.6057386,Onion,24-01-2026
ON011,20-11-2023,0.22868218,Onion,24-01-2026
ON011,20-11-2023,0.2625216,Onion,24-01-2026
ON011,23-02-2024,0.7419355,Onion,24-01-2026
ON011,23-04-2024,0.16813049,Onion,24-01-2026
ON011,24-03-2024,0.539238,Onion,24-01-2026
ON011,25-12-2023,0.3205945,Onion,24-01-2026
ON011,26-10-2023,0.22868526,Onion,24-01-2026
ON011,28-02-2024,0.6068168,Onion,24-01-2026
ON011,28-04-2024,0.15463917,Onion,24-01-2026
ON011,30-12-2023,0.30031613,Onion,24-01-2026
ON011,31-10-2023,0.2590909,Onion,24-01-2026
ON012,03-02-2024,0.51890033,Onion,24-01-2026
ON012,03-04-2024,0.4030141,Onion,24-01-2026
ON012,03-05-2024,0.22733423,Onion,24-01-2026
ON012,04-01-2024,0.32410422,Onion,24-01-2026
ON012,04-03-2024,0.57285714,Onion,24-01-2026
ON012,06-10-2023,0.35989827,Onion,24-01-2026
ON012,08-02-2024,0.63192904,Onion,24-01-2026
ON012,08-04-2024,0.29783222,Onion,24-01-2026
ON012,08-05-2024,0.21712998,Onion,24-01-2026
ON012,09-03-2024,0.5989634,Onion,24-01-2026
ON012,10-12-2023,0.3198238,Onion,24-01-2026
ON012,11-10-2023,0.2672,Onion,24-01-2026
ON012,13-04-2024,0.25956663,Onion,24-01-2026
ON012,13-05-2024,0.2871381,Onion,24-01-2026
ON012,14-01-2024,0.40391034,Onion,24-01-2026
ON012,14-03-2024,0.5158955,Onion,24-01-2026
ON012,15-11-2023,0.27978817,Onion,24-01-2026
ON012,15-12-2023,0.2720588,Onion,24-01-2026
ON012,16-10-2023,0.2683461,Onion,24-01-2026
ON012,18-02-2024,0.64290565,Onion,24-01-2026
ON012,18-04-2024,0.38039753,Onion,24-01-2026
ON012,18-05-2024,0.32715335,Onion,24-01-2026
ON012,19-01-2024,0.5135135,Onion,24-01-2026
ON012,19-03-2024,0.49908593,Onion,24-01-2026
ON012,20-11-2023,0.3616601,Onion,24-01-2026
ON012,20-11-2023,0.3715415,Onion,24-01-2026
ON012,23-02-2024,0.62373567,Onion,24-01-2026
ON012,23-04-2024,0.33598095,Onion,24-01-2026
ON012,24-03-2024,0.43312463,Onion,24-01-2026
ON012,25-12-2023,0.2545629,Onion,24-01-2026
ON012,26-10-2023,0.20489977,Onion,24-01-2026
ON012,28-02-2024,0.53669435,Onion,24-01-2026
ON012,28-04-2024,0.2314107,Onion,24-01-2026
ON012,30-12-2023,0.29185185,Onion,24-01-2026
ON012,31-10-2023,0.28448275,Onion,24-01-2026
ON013,03-02-2024,0.37670016,Onion,24-01-2026
ON013,03-04-2024,0.25130147,Onion,24-01-2026
ON013,03-05-2024,0.28189656,Onion,24-01-2026
ON013,04-01-2024,0.34512264,Onion,24-01-2026
ON013,04-03-2024,0.3487095,Onion,24-01-2026
ON013,06-10-2023,0.61864007,Onion,24-01-2026
ON013,08-02-2024,0.36554134,Onion,24-01-2026
ON013,08-04-2024,0.2495396,Onion,24-01-2026
ON013,08-05-2024,0.28218696,Onion,24-01-2026
ON013,09-03-2024,0.31002086,Onion,24-01-2026
ON013,10-12-2023,0.5528169,Onion,24-01-2026
ON013,11-10-2023,0.54516566,Onion,24-01-2026
ON013,13-04-2024,0.26571304,Onion,24-01-2026
ON013,13-05-2024,0.29611167,Onion,24-01-2026
ON013,14-01-2024,0.44537815,Onion,24-01-2026
ON013,14-03-2024,0.30831644,Onion,24-01-2026
ON013,15-11-2023,0.44489384,Onion,24-01-2026
ON013,15-12-2023,0.41805637,Onion,24-01-2026
ON013,16-10-2023,0.5241743,Onion,24-01-2026
ON013,18-02-2024,0.37627482,Onion,24-01-2026
ON013,18-04-2024,0.31348836,Onion,24-01-2026
ON013,18-05-2024,0.30265656,Onion,24-01-2026
ON013,19-01-2024,0.4201326,Onion,24-01-2026
ON013,19-03-2024,0.29675812,Onion,24-01-2026
ON013,20-11-2023,0.37887546,Onion,24-01-2026
ON013,20-11-2023,0.617443,Onion,24-01-2026
ON013,23-02-2024,0.3215434,Onion,24-01-2026
ON013,23-04-2024,0.2774252,Onion,24-01-2026
ON013,24-03-2024,0.23706897,Onion,24-01-2026
ON013,25-12-2023,0.42408964,Onion,24-01-2026
ON013,26-10-2023,0.5970288,Onion,24-01-2026
ON013,28-02-2024,0.34571272,Onion,24-01-2026
ON013,28-04-2024,0.27933195,Onion,24-01-2026
ON013,30-12-2023,0.41411763,Onion,24-01-2026
ON013,31-10-2023,0.4561753,Onion,24-01-2026
ON014,03-02-2024,0.7136871,Onion,24-01-2026
ON014,03-04-2024,0.20823799,Onion,24-01-2026
ON014,03-05-2024,0.15983936,Onion,24-01-2026
ON014,04-01-2024,0.370848,Onion,24-01-2026
ON014,04-03-2024,0.6237482,Onion,24-01-2026
ON014,06-10-2023,0.57803154,Onion,24-01-2026
ON014,08-02-2024,0.75751436,Onion,24-01-2026
ON014,08-04-2024,0.2028597,Onion,24-01-2026
ON014,08-05-2024,0.15311004,Onion,24-01-2026
ON014,09-03-2024,0.57463163,Onion,24-01-2026
ON014,10-12-2023,0.3893932,Onion,24-01-2026
ON014,11-10-2023,0.37804154,Onion,24-01-2026
ON014,13-04-2024,0.1975631,Onion,24-01-2026
ON014,13-05-2024,0.14945056,Onion,24-01-2026
ON014,14-01-2024,0.589417,Onion,24-01-2026
ON014,14-03-2024,0.48126116,Onion,24-01-2026
ON014,15-11-2023,0.33274493,Onion,24-01-2026
ON014,15-12-2023,0.41529235,Onion,24-01-2026
ON014,16-10-2023,0.37642586,Onion,24-01-2026
ON014,18-02-2024,0.70498085,Onion,24-01-2026
ON014,18-04-2024,0.1763713,Onion,24-01-2026
ON014,18-05-2024,0.18359739,Onion,24-01-2026
ON014,19-01-2024,0.65824413,Onion,24-01-2026
ON014,19-03-2024,0.38097447,Onion,24-01-2026
ON014,20-11-2023,0.29094413,Onion,24-01-2026
ON014,20-11-2023,0.369863,Onion,24-01-2026
ON014,23-02-2024,0.7251124,Onion,24-01-2026
ON014,23-04-2024,0.15296367,Onion,24-01-2026
ON014,24-03-2024,0.23584521,Onion,24-01-2026
ON014,25-12-2023,0.3073352,Onion,24-01-2026
ON014,26-10-2023,0.3472767,Onion,24-01-2026
ON014,28-02-2024,0.5633759,Onion,24-01-2026
ON014,28-04-2024,0.17828055,Onion,24-01-2026
ON014,30-12-2023,0.3829365,Onion,24-01-2026
ON014,31-10-2023,0.32035398,Onion,24-01-2026
ON015,03-02-2024,0.35875705,Onion,24-01-2026
ON015,03-04-2024,0.3458445,Onion,24-01-2026
ON015,03-05-2024,0.27092052,Onion,24-01-2026
ON015,04-01-2024,0.40050378,Onion,24-01-2026
ON015,04-03-2024,0.42372882,Onion,24-01-2026
ON015,06-10-2023,0.42396906,Onion,24-01-2026
ON015,08-02-2024,0.37102014,Onion,24-01-2026
ON015,08-04-2024,0.38372093,Onion,24-01-2026
ON015,08-05-2024,0.25676423,Onion,24-01-2026
ON015,09-03-2024,0.42012507,Onion,24-01-2026
ON015,10-12-2023,0.26923078,Onion,24-01-2026
ON015,11-10-2023,0.40186915,Onion,24-01-2026
ON015,13-04-2024,0.34057972,Onion,24-01-2026
ON015,13-05-2024,0.19406834,Onion,24-01-2026
ON015,14-01-2024,0.3752843,Onion,24-01-2026
ON015,14-03-2024,0.36793002,Onion,24-01-2026
ON015,15-11-2023,0.2753623,Onion,24-01-2026
ON015,15-12-2023,0.35278153,Onion,24-01-2026
ON015,16-10-2023,0.38970122,Onion,24-01-2026
ON015,18-02-2024,0.42158985,Onion,24-01-2026
ON015,18-04-2024,0.28768635,Onion,24-01-2026
ON015,18-05-2024,0.26062846,Onion,24-01-2026
ON015,19-01-2024,0.41810346,Onion,24-01-2026
ON015,19-03-2024,0.37919825,Onion,24-01-2026
ON015,20-11-2023,0.3947644,Onion,24-01-2026
ON015,20-11-2023,0.34720618,Onion,24-01-2026
ON015,23-02-2024,0.40936375,Onion,24-01-2026
ON015,23-04-2024,0.3586498,Onion,24-01-2026
ON015,24-03-2024,0.34975898,Onion,24-01-2026
ON015,25-12-2023,0.38147336,Onion,24-01-2026
ON015,26-10-2023,0.31317493,Onion,24-01-2026
ON015,28-02-2024,0.41094297,Onion,24-01-2026
ON015,28-04-2024,0.3085896,Onion,24-01-2026
ON015,30-12-2023,0.42053446,Onion,24-01-2026
ON015,31-10-2023,0.28125,Onion,24-01-2026
ON016,03-02-2024,0.6082474,Onion,24-01-2026
ON016,03-04-2024,0.33333334,Onion,24-01-2026
ON016,03-05-2024,0.073556796,Onion,24-01-2026
ON016,04-01-2024,0.2658589,Onion,24-01-2026
ON016,04-03-2024,0.6441305,Onion,24-01-2026
ON016,06-10-2023,0.6666667,Onion,24-01-2026
ON016,08-02-2024,0.5887446,Onion,24-01-2026
ON016,08-04-2024,0.18502825,Onion,24-01-2026
ON016,08-05-2024,0.018594105,Onion,24-01-2026
ON016,09-03-2024,0.5366001,Onion,24-01-2026
ON016,10-12-2023,0.30652368,Onion,24-01-2026
ON016,11-10-2023,0.46056262,Onion,24-01-2026
ON016,13-04-2024,0.23601896,Onion,24-01-2026
ON016,13-05-2024,-0.011802576,Onion,24-01-2026
ON016,14-01-2024,0.45704466,Onion,24-01-2026
ON016,14-03-2024,0.4760274,Onion,24-01-2026
ON016,15-11-2023,0.3191695,Onion,24-01-2026
ON016,15-12-2023,0.2630458,Onion,24-01-2026
ON016,16-10-2023,0.34455958,Onion,24-01-2026
ON016,18-02-2024,0.62947935,Onion,24-01-2026
ON016,18-04-2024,0.16129032,Onion,24-01-2026
ON016,18-05-2024,0.06494794,Onion,24-01-2026
ON016,19-01-2024,0.58946854,Onion,24-01-2026
ON016,19-03-2024,0.4622802,Onion,24-01-2026
ON016,20-11-2023,0.22432542,Onion,24-01-2026
ON016,20-11-2023,0.2253359,Onion,24-01-2026
ON016,23-02-2024,0.6638418,Onion,24-01-2026
ON016,23-04-2024,0.004383829,Onion,24-01-2026
ON016,24-03-2024,0.3639889,Onion,24-01-2026
ON016,25-12-2023,0.21236292,Onion,24-01-2026
ON016,26-10-2023,0.2756024,Onion,24-01-2026
ON016,28-02-2024,0.5625,Onion,24-01-2026
ON016,28-04-2024,0.019713262,Onion,24-01-2026
ON016,30-12-2023,0.3033493,Onion,24-01-2026
ON016,31-10-2023,0.2874528,Onion,24-01-2026
ON017,03-02-2024,0.5783235,Onion,24-01-2026
ON017,03-04-2024,0.23097113,Onion,24-01-2026
ON017,03-05-2024,0.051215276,Onion,24-01-2026
ON017,04-01-2024,0.30940416,Onion,24-01-2026
ON017,04-03-2024,0.70051134,Onion,24-01-2026
ON017,06-10-2023,0.75,Onion,24-01-2026
ON017,08-02-2024,0.6306776,Onion,24-01-2026
ON017,08-04-2024,0.22176759,Onion,24-01-2026
ON017,08-05-2024,0.04740608,Onion,24-01-2026
ON017,09-03-2024,0.63014126,Onion,24-01-2026
ON017,10-12-2023,0.24698134,Onion,24-01-2026
ON017,11-10-2023,0.4758144,Onion,24-01-2026
ON017,13-04-2024,0.17855386,Onion,24-01-2026
ON017,13-05-2024,-0.015638575,Onion,24-01-2026
ON017,14-01-2024,0.46606335,Onion,24-01-2026
ON017,14-03-2024,0.58033574,Onion,24-01-2026
ON017,15-11-2023,0.21261115,Onion,24-01-2026
ON017,15-12-2023,0.26923078,Onion,24-01-2026
ON017,16-10-2023,0.32765052,Onion,24-01-2026
ON017,18-02-2024,0.6634214,Onion,24-01-2026
ON017,18-04-2024,0.17760885,Onion,24-01-2026
ON017,18-05-2024,0.023136247,Onion,24-01-2026
ON017,19-01-2024,0.49684542,Onion,24-01-2026
ON017,19-03-2024,0.5804823,Onion,24-01-2026
ON017,20-11-2023,0.22824302,Onion,24-01-2026
ON017,20-11-2023,0.23103748,Onion,24-01-2026
ON017,23-02-2024,0.7220436,Onion,24-01-2026
ON017,23-04-2024,0.1585597,Onion,24-01-2026
ON017,24-03-2024,0.510247,Onion,24-01-2026
ON017,25-12-2023,0.26050422,Onion,24-01-2026
ON017,26-10-2023,0.2616408,Onion,24-01-2026
ON017,28-02-2024,0.57156104,Onion,24-01-2026
ON017,28-04-2024,0.14232442,Onion,24-01-2026
ON017,30-12-2023,0.29833335,Onion,24-01-2026
ON017,31-10-2023,0.26774195,Onion,24-01-2026
ON018,03-02-2024,0.67393714,Onion,24-01-2026
ON018,03-04-2024,0.33667883,Onion,24-01-2026
ON018,03-05-2024,0.20951156,Onion,24-01-2026
ON018,04-01-2024,0.31349206,Onion,24-01-2026
ON018,04-03-2024,0.6324461,Onion,24-01-2026
ON018,06-10-2023,0.66105866,Onion,24-01-2026
ON018,08-02-2024,0.70920634,Onion,24-01-2026
ON018,08-04-2024,0.21858864,Onion,24-01-2026
ON018,08-05-2024,0.21650794,Onion,24-01-2026
ON018,09-03-2024,0.60972786,Onion,24-01-2026
ON018,10-12-2023,0.19941776,Onion,24-01-2026
ON018,11-10-2023,0.3388672,Onion,24-01-2026
ON018,13-04-2024,0.17028986,Onion,24-01-2026
ON018,13-05-2024,0.31555554,Onion,24-01-2026
ON018,14-01-2024,0.5505618,Onion,24-01-2026
ON018,14-03-2024,0.530261,Onion,24-01-2026
ON018,15-11-2023,0.23089564,Onion,24-01-2026
ON018,15-12-2023,0.3151751,Onion,24-01-2026
ON018,16-10-2023,0.29994836,Onion,24-01-2026
ON018,18-02-2024,0.6995413,Onion,24-01-2026
ON018,18-04-2024,0.18973666,Onion,24-01-2026
ON018,18-05-2024,0.40046838,Onion,24-01-2026
ON018,19-01-2024,0.5807365,Onion,24-01-2026
ON018,19-03-2024,0.46917984,Onion,24-01-2026
ON018,20-11-2023,0.2455914,Onion,24-01-2026
ON018,20-11-2023,0.2897959,Onion,24-01-2026
ON018,23-02-2024,0.76549315,Onion,24-01-2026
ON018,23-04-2024,0.17638484,Onion,24-01-2026
ON018,24-03-2024,0.4227373,Onion,24-01-2026
ON018,25-12-2023,0.25834543,Onion,24-01-2026
ON018,26-10-2023,0.25860155,Onion,24-01-2026
ON018,28-02-2024,0.6010899,Onion,24-01-2026
ON018,28-04-2024,0.21903323,Onion,24-01-2026
ON018,30-12-2023,0.34690103,Onion,24-01-2026
ON018,31-10-2023,0.2178344,Onion,24-01-2026
ON019,03-02-2024,0.71635777,Onion,24-01-2026
ON019,03-04-2024,0.1280236,Onion,24-01-2026
ON019,03-05-2024,0.7390494,Onion,24-01-2026
ON019,04-01-2024,0.37818855,Onion,24-01-2026
ON019,04-03-2024,0.5974212,Onion,24-01-2026
ON019,06-10-2023,0.50871795,Onion,24-01-2026
ON019,08-02-2024,0.7046005,Onion,24-01-2026
ON019,08-04-2024,0.16959064,Onion,24-01-2026
ON019,08-05-2024,0.18396227,Onion,24-01-2026
ON019,09-03-2024,0.45557266,Onion,24-01-2026
ON019,10-12-2023,0.28105906,Onion,24-01-2026
ON019,11-10-2023,0.48537433,Onion,24-01-2026
ON019,13-04-2024,0.1850354,Onion,24-01-2026
ON019,13-05-2024,0.11966988,Onion,24-01-2026
ON019,14-01-2024,0.564857,Onion,24-01-2026
ON019,14-03-2024,0.19481982,Onion,24-01-2026
ON019,15-11-2023,0.18016529,Onion,24-01-2026
ON019,15-12-2023,0.2962963,Onion,24-01-2026
ON019,16-10-2023,0.48865354,Onion,24-01-2026
ON019,18-02-2024,0.63455147,Onion,24-01-2026
ON019,18-04-2024,0.24630542,Onion,24-01-2026
ON019,18-05-2024,0.12757201,Onion,24-01-2026
ON019,19-01-2024,0.6056338,Onion,24-01-2026
ON019,19-03-2024,0.157173,Onion,24-01-2026
ON019,20-11-2023,0.1970803,Onion,24-01-2026
ON019,20-11-2023,0.17589577,Onion,24-01-2026
ON019,23-02-2024,0.63494754,Onion,24-01-2026
ON019,23-04-2024,0.42385322,Onion,24-01-2026
ON019,24-03-2024,0.13578501,Onion,24-01-2026
ON019,25-12-2023,0.32608697,Onion,24-01-2026
ON019,26-10-2023,0.39744732,Onion,24-01-2026
ON019,28-02-2024,0.5035629,Onion,24-01-2026
ON019,28-04-2024,0.7113402,Onion,24-01-2026
ON019,30-12-2023,0.49441624,Onion,24-01-2026
ON019,31-10-2023,0.40080506,Onion,24-01-2026
ON020,03-02-2024,0.68120414,Onion,24-01-2026
ON020,03-04-2024,0.13957055,Onion,24-01-2026
ON020,03-05-2024,0.41621274,Onion,24-01-2026
ON020,04-01-2024,0.40207714,Onion,24-01-2026
ON020,04-03-2024,0.5870881,Onion,24-01-2026
ON020,06-10-2023,0.41487068,Onion,24-01-2026
ON020,08-02-2024,0.6497829,Onion,24-01-2026
ON020,08-04-2024,0.19194631,Onion,24-01-2026
ON020,08-05-2024,0.5010571,Onion,24-01-2026
ON020,09-03-2024,0.45655978,Onion,24-01-2026
ON020,10-12-2023,0.33205006,Onion,24-01-2026
ON020,11-10-2023,0.33449274,Onion,24-01-2026
ON020,13-04-2024,0.24385633,Onion,24-01-2026
ON020,13-05-2024,0.6367724,Onion,24-01-2026
ON020,14-01-2024,0.66445184,Onion,24-01-2026
ON020,14-03-2024,0.36174864,Onion,24-01-2026
ON020,15-11-2023,0.21851853,Onion,24-01-2026
ON020,15-12-2023,0.3734823,Onion,24-01-2026
ON020,16-10-2023,0.2564706,Onion,24-01-2026
ON020,18-02-2024,0.6513158,Onion,24-01-2026
ON020,18-04-2024,0.3027454,Onion,24-01-2026
ON020,18-05-2024,0.69484085,Onion,24-01-2026
ON020,19-01-2024,0.6945967,Onion,24-01-2026
ON020,19-03-2024,0.29640847,Onion,24-01-2026
ON020,20-11-2023,0.19731544,Onion,24-01-2026
ON020,20-11-2023,0.18316832,Onion,24-01-2026
ON020,23-02-2024,0.6979539,Onion,24-01-2026
ON020,23-04-2024,0.51811826,Onion,24-01-2026
ON020,24-03-2024,0.21843435,Onion,24-01-2026
ON020,25-12-2023,0.31101322,Onion,24-01-2026
ON020,26-10-2023,0.18159409,Onion,24-01-2026
ON020,28-02-2024,0.54035735,Onion,24-01-2026
ON020,28-04-2024,0.3464597,Onion,24-01-2026
ON020,30-12-2023,0.4470478,Onion,24-01-2026
ON020,31-10-2023,0.22950144,Onion,24-01-2026
ON021,03-02-2024,0.65211457,Onion,24-01-2026
ON021,03-04-2024,0.14746173,Onion,24-01-2026
ON021,03-05-2024,0.49264705,Onion,24-01-2026
ON021,04-01-2024,0.4479889,Onion,24-01-2026
ON021,04-03-2024,0.39262062,Onion,24-01-2026
ON021,06-10-2023,0.4094794,Onion,24-01-2026
ON021,08-02-2024,0.6670058,Onion,24-01-2026
ON021,08-04-2024,0.13227513,Onion,24-01-2026
ON021,08-05-2024,0.55725193,Onion,24-01-2026
ON021,09-03-2024,0.308078,Onion,24-01-2026
ON021,10-12-2023,0.34003657,Onion,24-01-2026
ON021,11-10-2023,0.18634002,Onion,24-01-2026
ON021,13-04-2024,0.15962441,Onion,24-01-2026
ON021,13-05-2024,0.7124546,Onion,24-01-2026
ON021,14-01-2024,0.67293364,Onion,24-01-2026
ON021,14-03-2024,0.17581864,Onion,24-01-2026
ON021,15-11-2023,0.15487571,Onion,24-01-2026
ON021,15-12-2023,0.34557062,Onion,24-01-2026
ON021,16-10-2023,0.19781078,Onion,24-01-2026
ON021,18-02-2024,0.6097561,Onion,24-01-2026
ON021,18-04-2024,0.2048032,Onion,24-01-2026
ON021,18-05-2024,0.7345336,Onion,24-01-2026
ON021,19-01-2024,0.7336123,Onion,24-01-2026
ON021,19-03-2024,0.15889114,Onion,24-01-2026
ON021,20-11-2023,0.23636363,Onion,24-01-2026
ON021,20-11-2023,0.22234392,Onion,24-01-2026
ON021,23-02-2024,0.5385596,Onion,24-01-2026
ON021,23-04-2024,0.32101047,Onion,24-01-2026
ON021,24-03-2024,0.14191419,Onion,24-01-2026
ON021,25-12-2023,0.44148508,Onion,24-01-2026
ON021,26-10-2023,0.26072362,Onion,24-01-2026
ON021,28-02-2024,0.42994013,Onion,24-01-2026
ON021,28-04-2024,0.38819525,Onion,24-01-2026
ON021,30-12-2023,0.53364635,Onion,24-01-2026
ON021,31-10-2023,0.200883,Onion,24-01-2026
ON022,03-02-2024,0.54820144,Onion,24-01-2026
ON022,03-04-2024,0.20475954,Onion,24-01-2026
ON022,03-05-2024,0.16744621,Onion,24-01-2026
ON022,04-01-2024,0.3285068,Onion,24-01-2026
ON022,04-03-2024,0.5772496,Onion,24-01-2026
ON022,06-10-2023,0.45596433,Onion,24-01-2026
ON022,08-02-2024,0.5888889,Onion,24-01-2026
ON022,08-04-2024,0.15705128,Onion,24-01-2026
ON022,08-05-2024,0.1425943,Onion,24-01-2026
ON022,09-03-2024,0.46206897,Onion,24-01-2026
ON022,10-12-2023,0.5574155,Onion,24-01-2026
ON022,11-10-2023,0.48042026,Onion,24-01-2026
ON022,13-04-2024,0.17391305,Onion,24-01-2026
ON022,13-05-2024,0.1766342,Onion,24-01-2026
ON022,14-01-2024,0.50969213,Onion,24-01-2026
ON022,14-03-2024,0.40951028,Onion,24-01-2026
ON022,15-11-2023,0.41444868,Onion,24-01-2026
ON022,15-12-2023,0.39049587,Onion,24-01-2026
ON022,16-10-2023,0.5589841,Onion,24-01-2026
ON022,18-02-2024,0.60134566,Onion,24-01-2026
ON022,18-04-2024,0.15315315,Onion,24-01-2026
ON022,18-05-2024,0.16488731,Onion,24-01-2026
ON022,19-01-2024,0.6058217,Onion,24-01-2026
ON022,19-03-2024,0.38031915,Onion,24-01-2026
ON022,20-11-2023,0.40757748,Onion,24-01-2026
ON022,20-11-2023,0.6486486,Onion,24-01-2026
ON022,23-02-2024,0.6669442,Onion,24-01-2026
ON022,23-04-2024,0.18617614,Onion,24-01-2026
ON022,24-03-2024,0.3216783,Onion,24-01-2026
ON022,25-12-2023,0.26216045,Onion,24-01-2026
ON022,26-10-2023,0.3489708,Onion,24-01-2026
ON022,28-02-2024,0.5193906,Onion,24-01-2026
ON022,28-04-2024,0.13288288,Onion,24-01-2026
ON022,30-12-2023,0.32965213,Onion,24-01-2026
ON022,31-10-2023,0.24547563,Onion,24-01-2026
ON023,03-02-2024,0.4101651,Onion,24-01-2026
ON023,03-04-2024,0.18648648,Onion,24-01-2026
ON023,03-05-2024,0.1395131,Onion,24-01-2026
ON023,04-01-2024,0.32844934,Onion,24-01-2026
ON023,04-03-2024,0.45508274,Onion,24-01-2026
ON023,06-10-2023,0.5429173,Onion,24-01-2026
ON023,08-02-2024,0.43715847,Onion,24-01-2026
ON023,08-04-2024,0.16807432,Onion,24-01-2026
ON023,08-05-2024,0.14694656,Onion,24-01-2026
ON023,09-03-2024,0.4062678,Onion,24-01-2026
ON023,10-12-2023,0.2548714,Onion,24-01-2026
ON023,13-04-2024,0.1501938,Onion,24-01-2026
ON023,13-05-2024,0.1747851,Onion,24-01-2026
ON023,14-01-2024,0.37843865,Onion,24-01-2026
ON023,14-03-2024,0.39248434,Onion,24-01-2026
ON023,15-11-2023,0.26281208,Onion,24-01-2026
ON023,15-12-2023,0.30911583,Onion,24-01-2026
ON023,16-10-2023,0.29580837,Onion,24-01-2026
ON023,18-02-2024,0.48532167,Onion,24-01-2026
ON023,18-04-2024,0.16987179,Onion,24-01-2026
ON023,18-05-2024,0.14900315,Onion,24-01-2026
ON023,19-01-2024,0.41007194,Onion,24-01-2026
ON023,19-03-2024,0.40620074,Onion,24-01-2026
ON023,20-11-2023,0.23744912,Onion,24-01-2026
ON023,20-11-2023,0.2316305,Onion,24-01-2026
ON023,23-02-2024,0.4720314,Onion,24-01-2026
ON023,23-04-2024,0.15206446,Onion,24-01-2026
ON023,24-03-2024,0.3026316,Onion,24-01-2026
ON023,25-12-2023,0.27653998,Onion,24-01-2026
ON023,26-10-2023,0.2045134,Onion,24-01-2026
ON023,28-02-2024,0.4353623,Onion,24-01-2026
ON023,28-04-2024,0.15994166,Onion,24-01-2026
ON023,30-12-2023,0.380695,Onion,24-01-2026
ON023,31-10-2023,0.23714095,Onion,24-01-2026
ON024,03-02-2024,0.5855313,Onion,24-01-2026
ON024,03-04-2024,0.16849642,Onion,24-01-2026
ON024,03-05-2024,0.16580011,Onion,24-01-2026
ON024,04-01-2024,0.28993288,Onion,24-01-2026
ON024,04-03-2024,0.5492145,Onion,24-01-2026
ON024,06-10-2023,0.3842436,Onion,24-01-2026
ON024,08-02-2024,0.59530795,Onion,24-01-2026
ON024,08-04-2024,0.16794343,Onion,24-01-2026
ON024,08-05-2024,0.16715543,Onion,24-01-2026
ON024,09-03-2024,0.48670378,Onion,24-01-2026
ON024,10-12-2023,0.33393502,Onion,24-01-2026
ON024,13-04-2024,0.15651605,Onion,24-01-2026
ON024,13-05-2024,0.21423385,Onion,24-01-2026
ON024,14-01-2024,0.46502057,Onion,24-01-2026
ON024,14-03-2024,0.4104903,Onion,24-01-2026
ON024,15-11-2023,0.46601263,Onion,24-01-2026
ON024,15-12-2023,0.33707866,Onion,24-01-2026
ON024,16-10-2023,0.37226278,Onion,24-01-2026
ON024,18-02-2024,0.61022365,Onion,24-01-2026
ON024,18-04-2024,0.19664733,Onion,24-01-2026
ON024,18-05-2024,0.22414824,Onion,24-01-2026
ON024,19-01-2024,0.48519042,Onion,24-01-2026
ON024,19-03-2024,0.3705981,Onion,24-01-2026
ON024,20-11-2023,0.5670233,Onion,24-01-2026
ON024,20-11-2023,0.60375,Onion,24-01-2026
ON024,23-02-2024,0.61049443,Onion,24-01-2026
ON024,23-04-2024,0.16098227,Onion,24-01-2026
ON024,24-03-2024,0.30538172,Onion,24-01-2026
ON024,25-12-2023,0.25604552,Onion,24-01-2026
ON024,26-10-2023,0.2583732,Onion,24-01-2026
ON024,28-02-2024,0.5050088,Onion,24-01-2026
ON024,28-04-2024,0.17932752,Onion,24-01-2026
ON024,30-12-2023,0.3419244,Onion,24-01-2026
ON024,31-10-2023,0.31845987,Onion,24-01-2026
ON025,03-02-2024,0.45314685,Onion,24-01-2026
ON025,03-04-2024,0.15032081,Onion,24-01-2026
ON025,03-05-2024,0.13696457,Onion,24-01-2026
ON025,04-01-2024,0.24295774,Onion,24-01-2026
ON025,04-03-2024,0.6199041,Onion,24-01-2026
ON025,06-10-2023,0.73101556,Onion,24-01-2026
ON025,08-02-2024,0.4714674,Onion,24-01-2026
ON025,08-04-2024,0.14089347,Onion,24-01-2026
ON025,08-05-2024,0.12519978,Onion,24-01-2026
ON025,09-03-2024,0.5122482,Onion,24-01-2026
ON025,10-12-2023,0.47736782,Onion,24-01-2026
ON025,11-10-2023,0.47066975,Onion,24-01-2026
ON025,13-04-2024,0.119555935,Onion,24-01-2026
ON025,13-05-2024,0.12832643,Onion,24-01-2026
ON025,14-01-2024,0.3260762,Onion,24-01-2026
ON025,14-03-2024,0.47324458,Onion,24-01-2026
ON025,15-11-2023,0.20669521,Onion,24-01-2026
ON025,15-12-2023,0.36164564,Onion,24-01-2026
ON025,16-10-2023,0.30744633,Onion,24-01-2026
ON025,18-02-2024,0.53765845,Onion,24-01-2026
ON025,18-04-2024,0.14138523,Onion,24-01-2026
ON025,18-05-2024,0.10918919,Onion,24-01-2026
ON025,19-01-2024,0.32588974,Onion,24-01-2026
ON025,19-03-2024,0.36517125,Onion,24-01-2026
ON025,20-11-2023,0.20602328,Onion,24-01-2026
ON025,20-11-2023,0.2557252,Onion,24-01-2026
ON025,23-02-2024,0.5485437,Onion,24-01-2026
ON025,23-04-2024,0.11744186,Onion,24-01-2026
ON025,24-03-2024,0.25339368,Onion,24-01-2026
ON025,25-12-2023,0.25571114,Onion,24-01-2026
ON025,26-10-2023,0.25313282,Onion,24-01-2026
ON025,28-02-2024,0.5165987,Onion,24-01-2026
ON025,28-04-2024,0.11250714,Onion,24-01-2026
ON025,30-12-2023,0.27501854,Onion,24-01-2026
ON025,31-10-2023,0.17077465,Onion,24-01-2026
ON026,03-02-2024,0.6674437,Onion,24-01-2026
ON026,03-04-2024,0.39916936,Onion,24-01-2026
ON026,03-05-2024,0.19051263,Onion,24-01-2026
ON026,04-01-2024,0.30421218,Onion,24-01-2026
ON026,04-03-2024,0.7104895,Onion,24-01-2026
ON026,06-10-2023,0.5820029,Onion,24-01-2026
ON026,08-02-2024,0.7023061,Onion,24-01-2026
ON026,08-04-2024,0.2346041,Onion,24-01-2026
ON026,08-05-2024,0.1975952,Onion,24-01-2026
ON026,09-03-2024,0.63151366,Onion,24-01-2026
ON026,10-12-2023,0.26472148,Onion,24-01-2026
ON026,11-10-2023,0.45405406,Onion,24-01-2026
ON026,13-04-2024,0.24242425,Onion,24-01-2026
ON026,13-05-2024,0.18376069,Onion,24-01-2026
ON026,14-01-2024,0.5027027,Onion,24-01-2026
ON026,14-03-2024,0.5597105,Onion,24-01-2026
ON026,15-11-2023,0.20392585,Onion,24-01-2026
ON026,15-12-2023,0.29538763,Onion,24-01-2026
ON026,16-10-2023,0.41561905,Onion,24-01-2026
ON026,18-02-2024,0.7034322,Onion,24-01-2026
ON026,18-04-2024,0.20539731,Onion,24-01-2026
ON026,18-05-2024,0.2434457,Onion,24-01-2026
ON026,19-01-2024,0.6248873,Onion,24-01-2026
ON026,19-03-2024,0.5324074,Onion,24-01-2026
ON026,20-11-2023,0.2413793,Onion,24-01-2026
ON026,20-11-2023,0.22094241,Onion,24-01-2026
ON026,23-02-2024,0.7482927,Onion,24-01-2026
ON026,23-04-2024,0.20948935,Onion,24-01-2026
ON026,24-03-2024,0.4495305,Onion,24-01-2026
ON026,25-12-2023,0.29622266,Onion,24-01-2026
ON026,26-10-2023,0.29695532,Onion,24-01-2026
ON026,28-02-2024,0.59145194,Onion,24-01-2026
ON026,28-04-2024,0.18571429,Onion,24-01-2026
ON026,30-12-2023,0.33638024,Onion,24-01-2026
ON026,31-10-2023,0.3042453,Onion,24-01-2026
ON027,03-02-2024,0.5430108,Onion,24-01-2026
ON027,03-04-2024,0.25083932,Onion,24-01-2026
ON027,03-05-2024,0.19717203,Onion,24-01-2026
ON027,04-01-2024,0.36309013,Onion,24-01-2026
ON027,04-03-2024,0.6526734,Onion,24-01-2026
ON027,06-10-2023,0.3194341,Onion,24-01-2026
ON027,08-02-2024,0.5532646,Onion,24-01-2026
ON027,08-04-2024,0.18429662,Onion,24-01-2026
ON027,08-05-2024,0.18714942,Onion,24-01-2026
ON027,09-03-2024,0.5758514,Onion,24-01-2026
ON027,10-12-2023,0.2591687,Onion,24-01-2026
ON027,11-10-2023,0.30411687,Onion,24-01-2026
ON027,13-04-2024,0.19405594,Onion,24-01-2026
ON027,13-05-2024,0.14031745,Onion,24-01-2026
ON027,14-01-2024,0.4987715,Onion,24-01-2026
ON027,14-03-2024,0.53105927,Onion,24-01-2026
ON027,15-11-2023,0.22196797,Onion,24-01-2026
ON027,15-12-2023,0.2997449,Onion,24-01-2026
ON027,16-10-2023,0.2322807,Onion,24-01-2026
ON027,18-02-2024,0.5989805,Onion,24-01-2026
ON027,18-04-2024,0.22159888,Onion,24-01-2026
ON027,18-05-2024,0.1643454,Onion,24-01-2026
ON027,19-01-2024,0.55155873,Onion,24-01-2026
ON027,19-03-2024,0.48865154,Onion,24-01-2026
ON027,20-11-2023,0.23488224,Onion,24-01-2026
ON027,20-11-2023,0.2609309,Onion,24-01-2026
ON027,23-02-2024,0.6802842,Onion,24-01-2026
ON027,23-04-2024,0.18090452,Onion,24-01-2026
ON027,24-03-2024,0.4405797,Onion,24-01-2026
ON027,25-12-2023,0.29101795,Onion,24-01-2026
ON027,26-10-2023,0.22071198,Onion,24-01-2026
ON027,28-02-2024,0.5370304,Onion,24-01-2026
ON027,28-04-2024,0.17559385,Onion,24-01-2026
ON027,30-12-2023,0.3197279,Onion,24-01-2026
ON027,31-10-2023,0.24556382,Onion,24-01-2026
ON028,03-02-2024,0.63692784,Onion,24-01-2026
ON028,03-04-2024,0.2672269,Onion,24-01-2026
ON028,03-05-2024,0.15902965,Onion,24-01-2026
ON028,04-01-2024,0.44149318,Onion,24-01-2026
ON028,04-03-2024,0.6436996,Onion,24-01-2026
ON028,06-10-2023,0.45612764,Onion,24-01-2026
ON028,08-02-2024,0.6468774,Onion,24-01-2026
ON028,08-04-2024,0.1728565,Onion,24-01-2026
ON028,08-05-2024,0.15460065,Onion,24-01-2026
ON028,09-03-2024,0.634105,Onion,24-01-2026
ON028,10-12-2023,0.5175504,Onion,24-01-2026
ON028,11-10-2023,0.34855512,Onion,24-01-2026
ON028,13-04-2024,0.14042553,Onion,24-01-2026
ON028,13-05-2024,0.11614317,Onion,24-01-2026
ON028,14-01-2024,0.6439791,Onion,24-01-2026
ON028,14-03-2024,0.5658836,Onion,24-01-2026
ON028,15-11-2023,0.33950046,Onion,24-01-2026
ON028,15-12-2023,0.36891386,Onion,24-01-2026
ON028,16-10-2023,0.3309091,Onion,24-01-2026
ON028,18-02-2024,0.65437156,Onion,24-01-2026
ON028,18-04-2024,0.16970278,Onion,24-01-2026
ON028,18-05-2024,0.14565217,Onion,24-01-2026
ON028,19-01-2024,0.6556837,Onion,24-01-2026
ON028,19-03-2024,0.54111767,Onion,24-01-2026
ON028,20-11-2023,0.39332658,Onion,24-01-2026
ON028,20-11-2023,0.59318566,Onion,24-01-2026
ON028,23-02-2024,0.6707519,Onion,24-01-2026
ON028,23-04-2024,0.17114915,Onion,24-01-2026
ON028,24-03-2024,0.4248307,Onion,24-01-2026
ON028,25-12-2023,0.4970162,Onion,24-01-2026
ON028,26-10-2023,0.45239967,Onion,24-01-2026
ON028,28-02-2024,0.5920816,Onion,24-01-2026
ON028,28-04-2024,0.13513513,Onion,24-01-2026
ON028,30-12-2023,0.50972104,Onion,24-01-2026
ON028,31-10-2023,0.3532169,Onion,24-01-2026
ON029,03-02-2024,0.45058367,Onion,24-01-2026
ON029,03-04-2024,0.17226277,Onion,24-01-2026
ON029,03-05-2024,0.1360255,Onion,24-01-2026
ON029,04-01-2024,0.27683616,Onion,24-01-2026
ON029,04-03-2024,0.3961136,Onion,24-01-2026
ON029,06-10-2023,0.5816716,Onion,24-01-2026
ON029,08-02-2024,0.45187166,Onion,24-01-2026
ON029,08-04-2024,0.24820343,Onion,24-01-2026
ON029,08-05-2024,0.10554951,Onion,24-01-2026
ON029,09-03-2024,0.34371257,Onion,24-01-2026
ON029,10-12-2023,0.29936305,Onion,24-01-2026
ON029,13-04-2024,0.45804197,Onion,24-01-2026
ON029,13-05-2024,0.101167314,Onion,24-01-2026
ON029,14-01-2024,0.38918918,Onion,24-01-2026
ON029,14-03-2024,0.3171539,Onion,24-01-2026
ON029,15-11-2023,0.2219843,Onion,24-01-2026
ON029,15-12-2023,0.2624901,Onion,24-01-2026
ON029,16-10-2023,0.30148947,Onion,24-01-2026
ON029,18-02-2024,0.4018088,Onion,24-01-2026
ON029,18-04-2024,0.49520767,Onion,24-01-2026
ON029,18-05-2024,0.107363686,Onion,24-01-2026
ON029,19-01-2024,0.44313148,Onion,24-01-2026
ON029,19-03-2024,0.15789473,Onion,24-01-2026
ON029,20-11-2023,0.19774806,Onion,24-01-2026
ON029,20-11-2023,0.32518336,Onion,24-01-2026
ON029,23-02-2024,0.4409391,Onion,24-01-2026
ON029,23-04-2024,0.6759463,Onion,24-01-2026
ON029,24-03-2024,0.16020483,Onion,24-01-2026
ON029,25-12-2023,0.26250485,Onion,24-01-2026
ON029,26-10-2023,0.267423,Onion,24-01-2026
ON029,28-02-2024,0.39552715,Onion,24-01-2026
ON029,28-04-2024,0.20758693,Onion,24-01-2026
ON029,30-12-2023,0.2517781,Onion,24-01-2026
ON029,31-10-2023,0.20966688,Onion,24-01-2026
ON030,03-02-2024,0.4855196,Onion,24-01-2026
ON030,03-04-2024,0.15707435,Onion,24-01-2026
ON030,03-05-2024,0.19438669,Onion,24-01-2026
ON030,04-01-2024,0.27238572,Onion,24-01-2026
ON030,04-03-2024,0.6625917,Onion,24-01-2026
ON030,06-10-2023,0.8202417,Onion,24-01-2026
ON030,08-02-2024,0.5245283,Onion,24-01-2026
ON030,08-04-2024,0.1351661,Onion,24-01-2026
ON030,08-05-2024,0.2820513,Onion,24-01-2026
ON030,09-03-2024,0.65143204,Onion,24-01-2026
ON030,10-12-2023,0.20018579,Onion,24-01-2026
ON030,11-10-2023,0.49872556,Onion,24-01-2026
ON030,13-04-2024,0.116504855,Onion,24-01-2026
ON030,13-05-2024,0.44512612,Onion,24-01-2026
ON030,14-01-2024,0.43531632,Onion,24-01-2026
ON030,14-03-2024,0.6033229,Onion,24-01-2026
ON030,15-11-2023,0.25573945,Onion,24-01-2026
ON030,15-12-2023,0.22767857,Onion,24-01-2026
ON030,16-10-2023,0.37853107,Onion,24-01-2026
ON030,18-02-2024,0.6459538,Onion,24-01-2026
ON030,18-04-2024,0.15350877,Onion,24-01-2026
ON030,18-05-2024,0.5014218,Onion,24-01-2026
ON030,19-01-2024,0.48891786,Onion,24-01-2026
ON030,19-03-2024,0.5846967,Onion,24-01-2026
ON030,20-11-2023,0.2026578,Onion,24-01-2026
ON030,20-11-2023,0.24037638,Onion,24-01-2026
ON030,23-02-2024,0.6534772,Onion,24-01-2026
ON030,23-04-2024,0.19237435,Onion,24-01-2026
ON030,24-03-2024,0.3705104,Onion,24-01-2026
ON030,25-12-2023,0.3130352,Onion,24-01-2026
ON030,26-10-2023,0.3043048,Onion,24-01-2026
ON030,28-02-2024,0.59309024,Onion,24-01-2026
ON030,28-04-2024,0.17992103,Onion,24-01-2026
ON030,30-12-2023,0.25925925,Onion,24-01-2026
ON030,31-10-2023,0.26906878,Onion,24-01-2026
ON031,03-02-2024,0.69315827,Onion,24-01-2026
ON031,03-04-2024,0.25210422,Onion,24-01-2026
ON031,03-05-2024,0.052546483,Onion,24-01-2026
ON031,04-01-2024,0.38022813,Onion,24-01-2026
ON031,04-03-2024,0.5730769,Onion,24-01-2026
ON031,06-10-2023,0.8181818,Onion,24-01-2026
ON031,08-02-2024,0.70573246,Onion,24-01-2026
ON031,08-04-2024,0.2432675,Onion,24-01-2026
ON031,08-05-2024,0.043691304,Onion,24-01-2026
ON031,09-03-2024,0.55417186,Onion,24-01-2026
ON031,10-12-2023,0.3163482,Onion,24-01-2026
ON031,11-10-2023,0.49935815,Onion,24-01-2026
ON031,13-04-2024,0.20236221,Onion,24-01-2026
ON031,13-05-2024,0.02876771,Onion,24-01-2026
ON031,14-01-2024,0.58471006,Onion,24-01-2026
ON031,14-03-2024,0.5148342,Onion,24-01-2026
ON031,15-11-2023,0.23372781,Onion,24-01-2026
ON031,15-12-2023,0.29150328,Onion,24-01-2026
ON031,16-10-2023,0.2838765,Onion,24-01-2026
ON031,18-02-2024,0.68841547,Onion,24-01-2026
ON031,18-04-2024,0.19373602,Onion,24-01-2026
ON031,18-05-2024,0.076339096,Onion,24-01-2026
ON031,19-01-2024,0.6270588,Onion,24-01-2026
ON031,19-03-2024,0.49100256,Onion,24-01-2026
ON031,20-11-2023,0.2167649,Onion,24-01-2026
ON031,20-11-2023,0.2019297,Onion,24-01-2026
ON031,23-02-2024,0.6693399,Onion,24-01-2026
ON031,23-04-2024,0.16639389,Onion,24-01-2026
ON031,24-03-2024,0.3060674,Onion,24-01-2026
ON031,25-12-2023,0.29212752,Onion,24-01-2026
ON031,26-10-2023,0.21261555,Onion,24-01-2026
ON031,28-02-2024,0.5318066,Onion,24-01-2026
ON031,28-04-2024,0.020585906,Onion,24-01-2026
ON031,30-12-2023,0.46645865,Onion,24-01-2026
ON031,31-10-2023,0.22798188,Onion,24-01-2026
ON032,03-02-2024,0.62783885,Onion,24-01-2026
ON032,03-04-2024,0.21994135,Onion,24-01-2026
ON032,03-05-2024,0.16323732,Onion,24-01-2026
ON032,04-01-2024,0.31437126,Onion,24-01-2026
ON032,04-03-2024,0.61415684,Onion,24-01-2026
ON032,06-10-2023,0.36876357,Onion,24-01-2026
ON032,08-02-2024,0.64148146,Onion,24-01-2026
ON032,08-04-2024,0.1950078,Onion,24-01-2026
ON032,08-05-2024,0.11921824,Onion,24-01-2026
ON032,09-03-2024,0.5132275,Onion,24-01-2026
ON032,10-12-2023,0.26029527,Onion,24-01-2026
ON032,11-10-2023,0.29071912,Onion,24-01-2026
ON032,13-04-2024,0.19005613,Onion,24-01-2026
ON032,13-05-2024,0.1865942,Onion,24-01-2026
ON032,14-01-2024,0.4515837,Onion,24-01-2026
ON032,14-03-2024,0.41013333,Onion,24-01-2026
ON032,15-11-2023,0.18870728,Onion,24-01-2026
ON032,15-12-2023,0.25872874,Onion,24-01-2026
ON032,16-10-2023,0.24512196,Onion,24-01-2026
ON032,18-02-2024,0.6270718,Onion,24-01-2026
ON032,18-04-2024,0.17622377,Onion,24-01-2026
ON032,18-05-2024,0.19332519,Onion,24-01-2026
ON032,19-01-2024,0.526475,Onion,24-01-2026
ON032,19-03-2024,0.22328767,Onion,24-01-2026
ON032,20-11-2023,0.22019868,Onion,24-01-2026
ON032,20-11-2023,0.19973369,Onion,24-01-2026
ON032,23-02-2024,0.5997314,Onion,24-01-2026
ON032,23-04-2024,0.14351852,Onion,24-01-2026
ON032,24-03-2024,0.17952636,Onion,24-01-2026
ON032,25-12-2023,0.26630434,Onion,24-01-2026
ON032,26-10-2023,0.2486692,Onion,24-01-2026
ON032,28-02-2024,0.5132409,Onion,24-01-2026
ON032,28-04-2024,0.1497093,Onion,24-01-2026
ON032,30-12-2023,0.3130699,Onion,24-01-2026
ON032,31-10-2023,0.2318612,Onion,24-01-2026
ON033,03-02-2024,0.52038044,Onion,24-01-2026
ON033,03-04-2024,0.14833616,Onion,24-01-2026
ON033,03-05-2024,0.16477858,Onion,24-01-2026
ON033,04-01-2024,0.3713545,Onion,24-01-2026
ON033,04-03-2024,0.29227558,Onion,24-01-2026
ON033,06-10-2023,0.45557657,Onion,24-01-2026
ON033,08-02-2024,0.48900387,Onion,24-01-2026
ON033,08-04-2024,0.15222222,Onion,24-01-2026
ON033,08-05-2024,0.153125,Onion,24-01-2026
ON033,09-03-2024,0.14514609,Onion,24-01-2026
ON033,10-12-2023,0.27207977,Onion,24-01-2026
ON033,11-10-2023,0.36645237,Onion,24-01-2026
ON033,13-04-2024,0.13368984,Onion,24-01-2026
ON033,13-05-2024,0.16426116,Onion,24-01-2026
ON033,14-01-2024,0.5289389,Onion,24-01-2026
ON033,14-03-2024,0.16937914,Onion,24-01-2026
ON033,15-11-2023,0.15419161,Onion,24-01-2026
ON033,15-12-2023,0.33040294,Onion,24-01-2026
ON033,16-10-2023,0.24870764,Onion,24-01-2026
ON033,18-02-2024,0.46064517,Onion,24-01-2026
ON033,18-04-2024,0.18480138,Onion,24-01-2026
ON033,18-05-2024,0.13954984,Onion,24-01-2026
ON033,19-01-2024,0.54050463,Onion,24-01-2026
ON033,19-03-2024,0.12886298,Onion,24-01-2026
ON033,20-11-2023,0.20401338,Onion,24-01-2026
ON033,20-11-2023,0.19376026,Onion,24-01-2026
ON033,23-02-2024,0.4312769,Onion,24-01-2026
ON033,23-04-2024,0.15842697,Onion,24-01-2026
ON033,24-03-2024,0.14905149,Onion,24-01-2026
ON033,25-12-2023,0.39421815,Onion,24-01-2026
ON033,26-10-2023,0.17971663,Onion,24-01-2026
ON033,28-02-2024,0.3412399,Onion,24-01-2026
ON033,28-04-2024,0.13633895,Onion,24-01-2026
ON033,30-12-2023,0.394958,Onion,24-01-2026
ON033,31-10-2023,0.19704102,Onion,24-01-2026
ON034,03-02-2024,0.5249366,Onion,24-01-2026
ON034,03-04-2024,0.15354331,Onion,24-01-2026
ON034,03-05-2024,0.18508287,Onion,24-01-2026
ON034,04-01-2024,0.33468696,Onion,24-01-2026
ON034,04-03-2024,0.6187548,Onion,24-01-2026
ON034,06-10-2023,0.6727273,Onion,24-01-2026
ON034,08-02-2024,0.53042233,Onion,24-01-2026
ON034,08-04-2024,0.18532574,Onion,24-01-2026
ON034,08-05-2024,0.2176235,Onion,24-01-2026
ON034,09-03-2024,0.555626,Onion,24-01-2026
ON034,10-12-2023,0.31144917,Onion,24-01-2026
ON034,11-10-2023,0.5359834,Onion,24-01-2026
ON034,13-04-2024,0.15143429,Onion,24-01-2026
ON034,13-05-2024,0.2673108,Onion,01-01-2024
ON034,14-01-2024,0.4380871,Onion,24-01-2026
ON034,14-03-2024,0.5005903,Onion,24-01-2026
ON034,15-11-2023,0.23683153,Onion,24-01-2026
ON034,15-12-2023,0.29996374,Onion,24-01-2026
ON034,16-10-2023,0.42903227,Onion,24-01-2026
ON034,18-02-2024,0.6096346,Onion,24-01-2026
ON034,18-04-2024,0.1630137,Onion,24-01-2026
ON034,18-05-2024,0.3158301,Onion,01-01-2024
ON034,19-01-2024,0.43263474,Onion,24-01-2026
ON034,19-03-2024,0.2501311,Onion,24-01-2026
ON034,20-11-2023,0.16988893,Onion,24-01-2026
ON034,20-11-2023,0.15125324,Onion,24-01-2026
ON034,23-02-2024,0.5698172,Onion,24-01-2026
ON034,23-04-2024,0.17477004,Onion,24-01-2026
ON034,24-03-2024,0.21557719,Onion,24-01-2026
ON034,25-12-2023,0.24761204,Onion,24-01-2026
ON034,26-10-2023,0.16721311,Onion,24-01-2026
ON034,28-02-2024,0.48586455,Onion,24-01-2026
ON034,28-04-2024,0.14457029,Onion,24-01-2026
ON034,30-12-2023,0.3061594,Onion,24-01-2026
ON034,31-10-2023,0.19649379,Onion,24-01-2026
ON035,03-02-2024,0.5921112,Onion,01-01-2024
ON035,03-04-2024,0.19497909,Onion,01-01-2024
ON035,03-05-2024,0.2892893,Onion,01-01-2024
ON035,04-01-2024,0.49593496,Onion,01-01-2024
ON035,04-03-2024,0.57065547,Onion,01-01-2024
ON035,06-10-2023,0.4554643,Onion,01-01-2024
ON035,08-02-2024,0.6179982,Onion,01-01-2024
ON035,08-04-2024,0.22943723,Onion,01-01-2024
ON035,08-05-2024,0.29461458,Onion,01-01-2024
ON035,09-03-2024,0.32133403,Onion,01-01-2024
ON035,10-12-2023,0.64493024,Onion,01-01-2024
ON035,11-10-2023,0.3689912,Onion,01-01-2024
ON035,13-04-2024,0.21199797,Onion,01-01-2024
ON035,13-05-2024,0.43910614,Onion,01-01-2024
ON035,14-01-2024,0.6423433,Onion,01-01-2024
ON035,14-03-2024,0.26584122,Onion,01-01-2024
ON035,15-11-2023,0.36120564,Onion,01-01-2024
ON035,15-12-2023,0.5532646,Onion,01-01-2024
ON035,16-10-2023,0.31550416,Onion,01-01-2024
ON035,18-02-2024,0.58513933,Onion,01-01-2024
ON035,18-04-2024,0.24283305,Onion,01-01-2024
ON035,18-05-2024,0.56490725,Onion,01-01-2024
ON035,19-01-2024,0.70819306,Onion,01-01-2024
ON035,19-03-2024,0.2626506,Onion,01-01-2024
ON035,20-11-2023,0.3773774,Onion,01-01-2024
ON035,20-11-2023,0.39556378,Onion,01-01-2024
ON035,23-02-2024,0.62080175,Onion,01-01-2024
ON035,23-04-2024,0.24385247,Onion,01-01-2024
ON035,24-03-2024,0.21531576,Onion,01-01-2024
ON035,25-12-2023,0.5540797,Onion,01-01-2024
ON035,26-10-2023,0.22542498,Onion,01-01-2024
ON035,28-02-2024,0.5101289,Onion,01-01-2024
ON035,28-04-2024,0.27484143,Onion,01-01-2024
ON035,30-12-2023,0.59804404,Onion,01-01-2024
ON035,31-10-2023,0.28903654,Onion,01-01-2024
ON036,03-02-2024,0.4845785,Onion,01-01-2024
ON036,03-04-2024,0.1627907,Onion,01-01-2024
ON036,03-05-2024,0.1576697,Onion,01-01-2024
ON036,04-01-2024,0.39288026,Onion,01-01-2024
ON036,04-03-2024,0.3277027,Onion,01-01-2024
ON036,06-10-2023,0.42731276,Onion,01-01-2024
ON036,08-02-2024,0.445754,Onion,01-01-2024
ON036,08-04-2024,0.14886165,Onion,01-01-2024
ON036,08-05-2024,0.15867768,Onion,01-01-2024
ON036,09-03-2024,0.32672232,Onion,01-01-2024
ON036,10-12-2023,0.3023544,Onion,01-01-2024
ON036,11-10-2023,0.33663365,Onion,01-01-2024
ON036,13-04-2024,0.16736753,Onion,01-01-2024
ON036,13-05-2024,0.13110939,Onion,01-01-2024
ON036,14-01-2024,0.49267644,Onion,01-01-2024
ON036,14-03-2024,0.2031732,Onion,01-01-2024
ON036,15-11-2023,0.2214511,Onion,01-01-2024
ON036,15-12-2023,0.32372504,Onion,01-01-2024
ON036,16-10-2023,0.23867685,Onion,01-01-2024
ON036,18-02-2024,0.4124594,Onion,01-01-2024
ON036,18-04-2024,0.24686554,Onion,01-01-2024
ON036,18-05-2024,0.2529412,Onion,01-01-2024
ON036,19-01-2024,0.5877262,Onion,01-01-2024
ON036,19-03-2024,0.12802419,Onion,01-01-2024
ON036,20-11-2023,0.25826883,Onion,01-01-2024
ON036,20-11-2023,0.23603603,Onion,01-01-2024
ON036,23-02-2024,0.40387812,Onion,01-01-2024
ON036,23-04-2024,0.40603876,Onion,01-01-2024
ON036,24-03-2024,0.15748031,Onion,01-01-2024
ON036,25-12-2023,0.41793776,Onion,01-01-2024
ON036,26-10-2023,0.1722125,Onion,01-01-2024
ON036,28-02-2024,0.37700865,Onion,01-01-2024
ON036,28-04-2024,0.46680498,Onion,01-01-2024
ON036,30-12-2023,0.5,Onion,01-01-2024
ON036,31-10-2023,0.17804877,Onion,01-01-2024
ON037,03-02-2024,0.6449244,Onion,01-01-2024
ON037,03-04-2024,0.27793023,Onion,01-01-2024
ON037,03-05-2024,0.18238214,Onion,01-01-2024
ON037,04-01-2024,0.3352643,Onion,01-01-2024
ON037,04-03-2024,0.7039068,Onion,01-01-2024
ON037,06-10-2023,0.5901814,Onion,01-01-2024
ON037,08-02-2024,0.6409836,Onion,01-01-2024
ON037,08-04-2024,0.17708333,Onion,01-01-2024
ON037,08-05-2024,0.14661655,Onion,01-01-2024
ON037,09-03-2024,0.6725184,Onion,01-01-2024
ON037,10-12-2023,0.31764707,Onion,01-01-2024
ON037,11-10-2023,0.66456497,Onion,01-01-2024
ON037,13-04-2024,0.14498141,Onion,01-01-2024
ON037,13-05-2024,0.15643564,Onion,01-01-2024
ON037,14-01-2024,0.52030456,Onion,01-01-2024
ON037,14-03-2024,0.5904437,Onion,01-01-2024
ON037,15-11-2023,0.26550388,Onion,01-01-2024
ON037,15-12-2023,0.32835025,Onion,01-01-2024
ON037,16-10-2023,0.6653595,Onion,01-01-2024
ON037,18-02-2024,0.66366583,Onion,01-01-2024
ON037,18-04-2024,0.16286644,Onion,01-01-2024
ON037,18-05-2024,0.18657033,Onion,01-01-2024
ON037,19-01-2024,0.5588526,Onion,01-01-2024
ON037,19-03-2024,0.59463346,Onion,01-01-2024
ON037,20-11-2023,0.28747568,Onion,01-01-2024
ON037,20-11-2023,0.3245033,Onion,01-01-2024
ON037,23-02-2024,0.7170596,Onion,01-01-2024
ON037,23-04-2024,0.15439956,Onion,01-01-2024
ON037,24-03-2024,0.47158352,Onion,01-01-2024
ON037,25-12-2023,0.29681185,Onion,01-01-2024
ON037,26-10-2023,0.6635973,Onion,01-01-2024
ON037,28-02-2024,0.6224132,Onion,01-01-2024
ON037,28-04-2024,0.13537118,Onion,01-01-2024
ON037,30-12-2023,0.33832976,Onion,01-01-2024
ON037,31-10-2023,0.6725075,Onion,01-01-2024
ON038,03-02-2024,0.68191355,Onion,01-01-2024
ON038,03-04-2024,0.21589278,Onion,01-01-2024
ON038,03-05-2024,0.42259413,Onion,01-01-2024
ON038,04-01-2024,0.3691732,Onion,01-01-2024
ON038,04-03-2024,0.67139655,Onion,01-01-2024
ON038,06-10-2023,0.7643606,Onion,01-01-2024
ON038,08-02-2024,0.74935687,Onion,01-01-2024
ON038,08-04-2024,0.18126626,Onion,01-01-2024
ON038,08-05-2024,0.558393,Onion,01-01-2024
ON038,09-03-2024,0.5903771,Onion,01-01-2024
ON038,10-12-2023,0.27081138,Onion,01-01-2024
ON038,11-10-2023,0.42396778,Onion,01-01-2024
ON038,13-04-2024,0.18859246,Onion,01-01-2024
ON038,13-05-2024,0.71543086,Onion,01-01-2024
ON038,14-01-2024,0.59074914,Onion,01-01-2024
ON038,14-03-2024,0.54948163,Onion,01-01-2024
ON038,15-11-2023,0.2531915,Onion,01-01-2024
ON038,15-12-2023,0.27991566,Onion,01-01-2024
ON038,16-10-2023,0.32263076,Onion,01-01-2024
ON038,18-02-2024,0.71275884,Onion,01-01-2024
ON038,18-04-2024,0.2119149,Onion,01-01-2024
ON038,18-05-2024,0.7670372,Onion,01-01-2024
ON038,19-01-2024,0.6181739,Onion,01-01-2024
ON038,19-03-2024,0.51443124,Onion,01-01-2024
ON038,20-11-2023,0.2766453,Onion,01-01-2024
ON038,20-11-2023,0.26757368,Onion,01-01-2024
ON038,23-02-2024,0.7663062,Onion,01-01-2024
ON038,23-04-2024,0.28229666,Onion,01-01-2024
ON038,24-03-2024,0.44607842,Onion,01-01-2024
ON038,25-12-2023,0.31348836,Onion,01-01-2024
ON038,26-10-2023,0.2609756,Onion,01-01-2024
ON038,28-02-2024,0.60835177,Onion,01-01-2024
ON038,28-04-2024,0.3977567,Onion,01-01-2024
ON038,30-12-2023,0.35750252,Onion,01-01-2024
ON038,31-10-2023,0.2015161,Onion,01-01-2024
ON039,03-02-2024,0.63338304,Onion,01-01-2024
ON039,03-04-2024,0.19095023,Onion,01-01-2024
ON039,03-05-2024,0.11466942,Onion,01-01-2024
ON039,04-01-2024,0.34239483,Onion,01-01-2024
ON039,04-03-2024,0.64845604,Onion,01-01-2024
ON039,06-10-2023,0.48371533,Onion,01-01-2024
ON039,08-02-2024,0.67697066,Onion,01-01-2024
ON039,08-04-2024,0.14221218,Onion,01-01-2024
ON039,08-05-2024,0.2264237,Onion,01-01-2024
ON039,09-03-2024,0.60134757,Onion,01-01-2024
ON039,10-12-2023,0.2753623,Onion,01-01-2024
ON039,11-10-2023,0.32792583,Onion,01-01-2024
ON039,13-04-2024,0.14003944,Onion,01-01-2024
ON039,13-05-2024,0.22407688,Onion,01-01-2024
ON039,14-01-2024,0.5066259,Onion,01-01-2024
ON039,14-03-2024,0.5687041,Onion,01-01-2024
ON039,15-11-2023,0.32131147,Onion,01-01-2024
ON039,15-12-2023,0.3177132,Onion,01-01-2024
ON039,16-10-2023,0.31442973,Onion,01-01-2024
ON039,18-02-2024,0.6335218,Onion,01-01-2024
ON039,18-04-2024,0.025949953,Onion,01-01-2024
ON039,18-05-2024,0.27039847,Onion,01-01-2024
ON039,19-01-2024,0.5533981,Onion,01-01-2024
ON039,19-03-2024,0.52659357,Onion,01-01-2024
ON039,20-11-2023,0.2549763,Onion,01-01-2024
ON039,20-11-2023,0.38383102,Onion,01-01-2024
ON039,23-02-2024,0.70261216,Onion,01-01-2024
ON039,23-04-2024,-0.013500482,Onion,01-01-2024
ON039,25-12-2023,0.28055343,Onion,01-01-2024
ON039,26-10-2023,0.31287605,Onion,01-01-2024
ON039,28-02-2024,0.5570308,Onion,01-01-2024
ON039,28-04-2024,0.000936,Onion,01-01-2024
ON039,30-12-2023,0.30641544,Onion,01-01-2024
ON040,03-02-2024,0.6494398,Onion,01-01-2024
ON040,03-04-2024,0.24784054,Onion,01-01-2024
ON040,03-05-2024,0.4491928,Onion,01-01-2024
ON040,04-01-2024,0.4644243,Onion,01-01-2024
ON040,04-03-2024,0.46537843,Onion,01-01-2024
ON040,06-10-2023,0.7145585,Onion,01-01-2024
ON040,08-02-2024,0.5981432,Onion,01-01-2024
ON040,08-04-2024,0.25971144,Onion,01-01-2024
ON040,08-05-2024,0.5092526,Onion,01-01-2024
ON040,09-03-2024,0.26290402,Onion,01-01-2024
ON040,10-12-2023,0.48528302,Onion,01-01-2024
ON040,11-10-2023,0.50610995,Onion,01-01-2024
ON040,13-04-2024,0.28233153,Onion,01-01-2024
ON040,13-05-2024,0.59882724,Onion,01-01-2024
ON040,14-01-2024,0.6323752,Onion,01-01-2024
ON040,14-03-2024,0.25588536,Onion,01-01-2024
ON040,15-11-2023,0.33377793,Onion,01-01-2024
ON040,15-12-2023,0.5043075,Onion,01-01-2024
ON040,16-10-2023,0.43390357,Onion,01-01-2024
ON040,18-02-2024,0.5775536,Onion,01-01-2024
ON040,18-04-2024,0.29904762,Onion,01-01-2024
ON040,18-05-2024,0.6340652,Onion,01-01-2024
ON040,19-01-2024,0.6933607,Onion,01-01-2024
ON040,19-03-2024,0.28842106,Onion,01-01-2024
ON040,20-11-2023,0.2974026,Onion,01-01-2024
ON040,23-02-2024,0.5828181,Onion,01-01-2024
ON040,23-04-2024,0.35430634,Onion,01-01-2024
ON040,24-03-2024,0.27938342,Onion,01-01-2024
ON040,25-12-2023,0.4984127,Onion,01-01-2024
ON040,26-10-2023,0.24467303,Onion,01-01-2024
ON040,28-02-2024,0.4847059,Onion,01-01-2024
ON040,28-04-2024,0.49223888,Onion,01-01-2024
ON040,30-12-2023,0.5443709,Onion,01-01-2024
ON040,31-10-2023,0.35910878,Onion,01-01-2024
ON041,03-02-2024,0.37021598,Onion,01-01-2024
ON041,03-04-2024,0.2686935,Onion,01-01-2024
ON041,03-05-2024,0.14081146,Onion,01-01-2024
ON041,04-01-2024,0.35569423,Onion,01-01-2024
ON041,04-03-2024,0.563623,Onion,01-01-2024
ON041,06-10-2023,0.81229234,Onion,01-01-2024
ON041,08-02-2024,0.4570637,Onion,01-01-2024
ON041,08-04-2024,0.1928805,Onion,01-01-2024
ON041,08-05-2024,0.10479423,Onion,01-01-2024
ON041,09-03-2024,0.43598056,Onion,01-01-2024
ON041,10-12-2023,0.25572756,Onion,01-01-2024
ON041,11-10-2023,0.4817374,Onion,01-01-2024
ON041,13-04-2024,0.18554893,Onion,01-01-2024
ON041,13-05-2024,0.085951395,Onion,01-01-2024
ON041,14-01-2024,0.32498434,Onion,01-01-2024
ON041,14-03-2024,0.4159005,Onion,01-01-2024
ON041,15-11-2023,0.16177389,Onion,01-01-2024
ON041,15-12-2023,0.18508287,Onion,01-01-2024
ON041,16-10-2023,0.40618557,Onion,01-01-2024
ON041,18-02-2024,0.5265406,Onion,01-01-2024
ON041,18-04-2024,0.18701096,Onion,01-01-2024
ON041,18-05-2024,0.12070875,Onion,01-01-2024
ON041,19-01-2024,0.49452055,Onion,01-01-2024
ON041,19-03-2024,0.4213135,Onion,01-01-2024
ON041,20-11-2023,0.20920785,Onion,01-01-2024
ON041,23-02-2024,0.6200145,Onion,01-01-2024
ON041,23-04-2024,0.12853163,Onion,01-01-2024
ON041,24-03-2024,0.36205864,Onion,01-01-2024
ON041,25-12-2023,0.25871015,Onion,01-01-2024
ON041,26-10-2023,0.29983062,Onion,01-01-2024
ON041,28-02-2024,0.4383954,Onion,01-01-2024
ON041,28-04-2024,0.14406455,Onion,01-01-2024
ON041,30-12-2023,0.26118502,Onion,01-01-2024
ON041,31-10-2023,0.24309081,Onion,01-01-2024
ON042,03-02-2024,0.625,Onion,01-01-2024
ON042,03-04-2024,0.11079944,Onion,01-01-2024
ON042,03-05-2024,0.30592504,Onion,01-01-2024
ON042,04-01-2024,0.3641237,Onion,01-01-2024
ON042,04-03-2024,0.52869684,Onion,01-01-2024
ON042,06-10-2023,0.7468806,Onion,01-01-2024
ON042,08-02-2024,0.6918033,Onion,01-01-2024
ON042,08-04-2024,0.11692084,Onion,01-01-2024
ON042,08-05-2024,0.3378762,Onion,01-01-2024
ON042,09-03-2024,0.4201878,Onion,01-01-2024
ON042,10-12-2023,0.21746431,Onion,01-01-2024
ON042,11-10-2023,0.40407157,Onion,01-01-2024
ON042,13-04-2024,0.16028956,Onion,01-01-2024
ON042,13-05-2024,0.53846157,Onion,01-01-2024
ON042,14-01-2024,0.45954964,Onion,01-01-2024
ON042,14-03-2024,0.3847838,Onion,01-01-2024
ON042,15-11-2023,0.16622223,Onion,01-01-2024
ON042,15-12-2023,0.30381536,Onion,01-01-2024
ON042,16-10-2023,0.27811366,Onion,01-01-2024
ON042,18-02-2024,0.65562916,Onion,01-01-2024
ON042,18-04-2024,0.14425428,Onion,01-01-2024
ON042,18-05-2024,0.6278963,Onion,01-01-2024
ON042,19-01-2024,0.5621663,Onion,01-01-2024
ON042,19-03-2024,0.24305852,Onion,01-01-2024
ON042,20-11-2023,0.1496063,Onion,01-01-2024
ON042,23-02-2024,0.65910655,Onion,01-01-2024
ON042,23-04-2024,0.17948718,Onion,01-01-2024
ON042,24-03-2024,0.16297261,Onion,01-01-2024
ON042,25-12-2023,0.3220339,Onion,01-01-2024
ON042,26-10-2023,0.2082228,Onion,01-01-2024
ON042,28-02-2024,0.4805039,Onion,01-01-2024
ON042,28-04-2024,0.29886064,Onion,01-01-2024
ON042,30-12-2023,0.299389,Onion,01-01-2024
ON042,31-10-2023,0.17335686,Onion,01-01-2024
ON043,03-02-2024,0.481982,Onion,01-01-2024
ON043,03-04-2024,0.13464053,Onion,01-01-2024
ON043,03-05-2024,0.77451736,Onion,01-01-2024
ON043,04-01-2024,0.32116294,Onion,01-01-2024
ON043,04-03-2024,0.45129684,Onion,01-01-2024
ON043,06-10-2023,0.7976809,Onion,01-01-2024
ON043,08-02-2024,0.5163827,Onion,01-01-2024
ON043,08-04-2024,0.2702884,Onion,01-01-2024
ON043,08-05-2024,0.7330211,Onion,01-01-2024
ON043,09-03-2024,0.42635658,Onion,01-01-2024
ON043,10-12-2023,0.24865592,Onion,01-01-2024
ON043,11-10-2023,0.4527559,Onion,01-01-2024
ON043,13-04-2024,0.3509061,Onion,01-01-2024
ON043,13-05-2024,0.75323147,Onion,01-01-2024
ON043,14-01-2024,0.44478422,Onion,01-01-2024
ON043,14-03-2024,0.3687468,Onion,01-01-2024
ON043,15-11-2023,0.15514809,Onion,01-01-2024
ON043,15-12-2023,0.27731094,Onion,01-01-2024
ON043,16-10-2023,0.23768532,Onion,01-01-2024
ON043,18-02-2024,0.50544524,Onion,01-01-2024
ON043,18-04-2024,0.5763269,Onion,01-01-2024
ON043,18-05-2024,0.7577909,Onion,01-01-2024
ON043,19-01-2024,0.5007969,Onion,01-01-2024
ON043,19-03-2024,0.28308997,Onion,01-01-2024
ON043,20-11-2023,0.15895954,Onion,01-01-2024
ON043,23-02-2024,0.53642386,Onion,01-01-2024
ON043,23-04-2024,0.7713078,Onion,01-01-2024
ON043,24-03-2024,0.110064745,Onion,01-01-2024
ON043,25-12-2023,0.25493562,Onion,01-01-2024
ON043,26-10-2023,0.1638796,Onion,01-01-2024
ON043,28-02-2024,0.4537389,Onion,01-01-2024
ON043,28-04-2024,0.8413425,Onion,01-01-2024
ON043,30-12-2023,0.3272279,Onion,01-01-2024
ON043,31-10-2023,0.16300732,Onion,01-01-2024
ON044,03-02-2024,0.7181529,Onion,01-01-2024
ON044,03-04-2024,0.27212632,Onion,01-01-2024
ON044,03-05-2024,0.1562719,Onion,01-01-2024
ON044,04-01-2024,0.2711223,Onion,01-01-2024
ON044,04-03-2024,0.77898306,Onion,01-01-2024
ON044,06-10-2023,0.6433785,Onion,01-01-2024
ON044,08-02-2024,0.77563864,Onion,01-01-2024
ON044,08-04-2024,0.20785476,Onion,01-01-2024
ON044,08-05-2024,0.014629049,Onion,01-01-2024
ON044,09-03-2024,0.7288028,Onion,01-01-2024
ON044,10-12-2023,0.26340327,Onion,01-01-2024
ON044,11-10-2023,0.6256899,Onion,01-01-2024
ON044,13-04-2024,0.1702673,Onion,01-01-2024
ON044,13-05-2024,-0.016706444,Onion,01-01-2024
ON044,14-01-2024,0.46058092,Onion,01-01-2024
ON044,14-03-2024,0.64984804,Onion,01-01-2024
ON044,15-11-2023,0.4141514,Onion,01-01-2024
ON044,15-12-2023,0.26495728,Onion,01-01-2024
ON044,16-10-2023,0.57380205,Onion,01-01-2024
ON044,18-02-2024,0.78145695,Onion,01-01-2024
ON044,18-04-2024,0.20064725,Onion,01-01-2024
ON044,18-05-2024,0.025125628,Onion,01-01-2024
ON044,19-01-2024,0.62739176,Onion,01-01-2024
ON044,19-03-2024,0.6457896,Onion,01-01-2024
ON044,20-11-2023,0.40815392,Onion,01-01-2024
ON044,20-11-2023,0.41840038,Onion,01-01-2024
ON044,23-02-2024,0.8051088,Onion,01-01-2024
ON044,23-04-2024,0.16447368,Onion,01-01-2024
ON044,25-12-2023,0.24423417,Onion,01-01-2024
ON044,26-10-2023,0.47837716,Onion,01-01-2024
ON044,28-02-2024,0.6261739,Onion,01-01-2024
ON044,28-04-2024,0.17678453,Onion,01-01-2024
ON044,30-12-2023,0.25784755,Onion,01-01-2024
ON044,31-10-2023,0.31432974,Onion,01-01-2024
ON045,03-02-2024,0.54364735,Onion,01-01-2024
ON045,03-04-2024,0.28136882,Onion,01-01-2024
ON045,03-05-2024,0.16340464,Onion,01-01-2024
ON045,04-01-2024,0.25762194,Onion,01-01-2024
ON045,04-03-2024,0.6920016,Onion,01-01-2024
ON045,06-10-2023,0.8223815,Onion,01-01-2024
ON045,08-02-2024,0.6548004,Onion,01-01-2024
ON045,08-04-2024,0.12814896,Onion,01-01-2024
ON045,08-05-2024,0.13661203,Onion,01-01-2024
ON045,09-03-2024,0.6243094,Onion,01-01-2024
ON045,10-12-2023,0.21552879,Onion,01-01-2024
ON045,11-10-2023,0.5260417,Onion,01-01-2024
ON045,13-04-2024,0.11328976,Onion,01-01-2024
ON045,13-05-2024,0.086217746,Onion,01-01-2024
ON045,14-01-2024,0.36129034,Onion,01-01-2024
ON045,14-03-2024,0.54266214,Onion,01-01-2024
ON045,15-11-2023,0.19461218,Onion,01-01-2024
ON045,15-12-2023,0.22171113,Onion,01-01-2024
ON045,16-10-2023,0.30423397,Onion,01-01-2024
ON045,18-02-2024,0.67146975,Onion,01-01-2024
ON045,18-04-2024,0.15165336,Onion,01-01-2024
ON045,18-05-2024,0.095580675,Onion,01-01-2024
ON045,19-01-2024,0.4210797,Onion,01-01-2024
ON045,19-03-2024,0.53026026,Onion,01-01-2024
ON045,20-11-2023,0.16382429,Onion,01-01-2024
ON045,20-11-2023,0.18940529,Onion,01-01-2024
ON045,23-02-2024,0.75658363,Onion,01-01-2024
ON045,23-04-2024,0.089296274,Onion,01-01-2024
ON045,24-03-2024,0.4124121,Onion,01-01-2024
ON045,25-12-2023,0.21406412,Onion,01-01-2024
ON045,26-10-2023,0.21920668,Onion,01-01-2024
ON045,28-02-2024,0.5771584,Onion,01-01-2024
ON045,28-04-2024,0.09429701,Onion,01-01-2024
ON045,30-12-2023,0.25211865,Onion,01-01-2024
ON045,31-10-2023,0.21722846,Onion,01-01-2024
ON046,03-02-2024,0.724061,Onion,01-01-2024
ON046,03-04-2024,0.26755556,Onion,01-01-2024
ON046,03-05-2024,-0.002531646,Onion,01-01-2024
ON046,04-01-2024,0.3588799,Onion,01-01-2024
ON046,04-03-2024,0.7650619,Onion,01-01-2024
ON046,06-10-2023,0.5116969,Onion,01-01-2024
ON046,08-02-2024,0.7721519,Onion,01-01-2024
ON046,08-04-2024,0.14078374,Onion,01-01-2024
ON046,08-05-2024,-0.003569607,Onion,01-01-2024
ON046,09-03-2024,0.7081293,Onion,01-01-2024
ON046,10-12-2023,0.32171893,Onion,01-01-2024
ON046,11-10-2023,0.418694,Onion,01-01-2024
ON046,13-04-2024,0.15339233,Onion,01-01-2024
ON046,13-05-2024,-0.012917115,Onion,01-01-2024
ON046,14-01-2024,0.65305144,Onion,01-01-2024
ON046,14-03-2024,0.6335561,Onion,01-01-2024
ON046,15-11-2023,0.2467271,Onion,01-01-2024
ON046,15-12-2023,0.37307692,Onion,01-01-2024
ON046,16-10-2023,0.3952321,Onion,01-01-2024
ON046,18-02-2024,0.73561215,Onion,01-01-2024
ON046,18-04-2024,0.14285715,Onion,01-01-2024
ON046,18-05-2024,0.039529916,Onion,01-01-2024
ON046,19-01-2024,0.7722681,Onion,01-01-2024
ON046,19-03-2024,0.5872483,Onion,01-01-2024
ON046,20-11-2023,0.3206733,Onion,01-01-2024
ON046,20-11-2023,0.30949107,Onion,01-01-2024
ON046,23-02-2024,0.7787144,Onion,01-01-2024
ON046,23-04-2024,0.094339624,Onion,01-01-2024
ON046,24-03-2024,0.5033784,Onion,01-01-2024
ON046,25-12-2023,0.34001002,Onion,01-01-2024
ON046,26-10-2023,0.2178344,Onion,01-01-2024
ON046,28-02-2024,0.64497787,Onion,01-01-2024
ON046,28-04-2024,-0.07832239,Onion,01-01-2024
ON046,30-12-2023,0.38613862,Onion,01-01-2024
ON046,31-10-2023,0.25509214,Onion,01-01-2024
ON047,03-02-2024,0.5515464,Onion,01-01-2024
ON047,03-04-2024,0.26796764,Onion,01-01-2024
ON047,03-05-2024,0.1521739,Onion,01-01-2024
ON047,04-01-2024,0.25886792,Onion,01-01-2024
ON047,04-03-2024,0.6673283,Onion,01-01-2024
ON047,06-10-2023,0.8131626,Onion,01-01-2024
ON047,08-02-2024,0.6722408,Onion,01-01-2024
ON047,08-04-2024,0.13542795,Onion,01-01-2024
ON047,08-05-2024,0.13375796,Onion,01-01-2024
ON047,09-03-2024,0.60827684,Onion,01-01-2024
ON047,10-12-2023,0.2366621,Onion,01-01-2024
ON047,11-10-2023,0.5144105,Onion,01-01-2024
ON047,13-04-2024,0.109195404,Onion,01-01-2024
ON047,13-05-2024,0.101123594,Onion,01-01-2024
ON047,14-01-2024,0.34065935,Onion,01-01-2024
ON047,14-03-2024,0.52877456,Onion,01-01-2024
ON047,15-11-2023,0.2245266,Onion,01-01-2024
ON047,15-12-2023,0.21435316,Onion,01-01-2024
ON047,16-10-2023,0.29647794,Onion,01-01-2024
ON047,18-02-2024,0.65722585,Onion,01-01-2024
ON047,18-04-2024,0.14921007,Onion,01-01-2024
ON047,18-05-2024,0.10550695,Onion,01-01-2024
ON047,19-01-2024,0.41418293,Onion,01-01-2024
ON047,19-03-2024,0.48232323,Onion,01-01-2024
ON047,20-11-2023,0.21309824,Onion,01-01-2024
ON047,20-11-2023,0.2,Onion,01-01-2024
ON047,23-02-2024,0.71899587,Onion,01-01-2024
ON047,23-04-2024,0.13140312,Onion,01-01-2024
ON047,24-03-2024,0.3845209,Onion,01-01-2024
ON047,25-12-2023,0.20366599,Onion,01-01-2024
ON047,26-10-2023,0.21611002,Onion,01-01-2024
ON047,28-02-2024,0.5762483,Onion,01-01-2024
ON047,28-04-2024,0.081318684,Onion,01-01-2024
ON047,30-12-2023,0.23839009,Onion,01-01-2024
ON047,31-10-2023,0.1996337,Onion,01-01-2024
ON048,03-02-2024,0.6913947,Onion,01-01-2024
ON048,03-04-2024,0.2298951,Onion,01-01-2024
ON048,03-05-2024,0.15991472,Onion,01-01-2024
ON048,04-01-2024,0.39290407,Onion,01-01-2024
ON048,04-03-2024,0.6268202,Onion,01-01-2024
ON048,06-10-2023,0.8950628,Onion,01-01-2024
ON048,08-02-2024,0.6749468,Onion,01-01-2024
ON048,08-04-2024,0.24050634,Onion,01-01-2024
ON048,08-05-2024,0.15789473,Onion,01-01-2024
ON048,09-03-2024,0.54903185,Onion,01-01-2024
ON048,10-12-2023,0.26810175,Onion,01-01-2024
ON048,11-10-2023,0.79401475,Onion,01-01-2024
ON048,13-04-2024,0.23462985,Onion,01-01-2024
ON048,13-05-2024,0.13795145,Onion,01-01-2024
ON048,14-01-2024,0.5410605,Onion,01-01-2024
ON048,14-03-2024,0.483237,Onion,01-01-2024
ON048,15-11-2023,0.15384616,Onion,01-01-2024
ON048,15-12-2023,0.37690243,Onion,01-01-2024
ON048,16-10-2023,0.37005776,Onion,01-01-2024
ON048,18-02-2024,0.6782247,Onion,01-01-2024
ON048,18-04-2024,0.16730769,Onion,01-01-2024
ON048,18-05-2024,0.15503173,Onion,01-01-2024
ON048,19-01-2024,0.64501446,Onion,01-01-2024
ON048,19-03-2024,0.45546558,Onion,01-01-2024
ON048,20-11-2023,0.1952381,Onion,01-01-2024
ON048,20-11-2023,0.2,Onion,01-01-2024
ON048,23-02-2024,0.6681311,Onion,01-01-2024
ON048,23-04-2024,0.15991472,Onion,01-01-2024
ON048,24-03-2024,0.3776322,Onion,01-01-2024
ON048,25-12-2023,0.32788375,Onion,01-01-2024
ON048,26-10-2023,0.2370892,Onion,01-01-2024
ON048,28-02-2024,0.54394907,Onion,01-01-2024
ON048,28-04-2024,0.20246659,Onion,01-01-2024
ON048,30-12-2023,0.42208135,Onion,01-01-2024
ON048,31-10-2023,0.22043309,Onion,01-01-2024
ON049,03-02-2024,0.635903,Onion,01-01-2024
ON049,03-04-2024,0.2581475,Onion,01-01-2024
ON049,03-05-2024,0.20289855,Onion,01-01-2024
ON049,04-01-2024,0.38536584,Onion,01-01-2024
ON049,04-03-2024,0.61989796,Onion,01-01-2024
ON049,06-10-2023,0.8645025,Onion,01-01-2024
ON049,08-02-2024,0.6409556,Onion,01-01-2024
ON049,08-04-2024,0.2847417,Onion,01-01-2024
ON049,08-05-2024,0.13474026,Onion,01-01-2024
ON049,09-03-2024,0.5694855,Onion,01-01-2024
ON049,10-12-2023,0.24231058,Onion,01-01-2024
ON049,11-10-2023,0.7928052,Onion,01-01-2024
ON049,13-04-2024,0.2821497,Onion,01-01-2024
ON049,13-05-2024,0.20161757,Onion,01-01-2024
ON049,14-01-2024,0.5322788,Onion,01-01-2024
ON049,14-03-2024,0.51555556,Onion,01-01-2024
ON049,15-11-2023,0.20581754,Onion,01-01-2024
ON049,15-12-2023,0.39498705,Onion,01-01-2024
ON049,16-10-2023,0.41100916,Onion,01-01-2024
ON049,18-02-2024,0.6420765,Onion,01-01-2024
ON049,18-04-2024,0.16787003,Onion,01-01-2024
ON049,18-05-2024,0.17355372,Onion,01-01-2024
ON049,19-01-2024,0.6143498,Onion,01-01-2024
ON049,19-03-2024,0.4873047,Onion,01-01-2024
ON049,20-11-2023,0.17526942,Onion,01-01-2024
ON049,20-11-2023,0.17490494,Onion,01-01-2024
ON049,23-02-2024,0.66106254,Onion,01-01-2024
ON049,23-04-2024,0.21841542,Onion,01-01-2024
ON049,24-03-2024,0.41090554,Onion,01-01-2024
ON049,25-12-2023,0.33272728,Onion,01-01-2024
ON049,26-10-2023,0.22812846,Onion,01-01-2024
ON049,28-02-2024,0.5737913,Onion,01-01-2024
ON049,28-04-2024,0.2239925,Onion,01-01-2024
ON049,30-12-2023,0.40150094,Onion,01-01-2024
ON049,31-10-2023,0.22749068,Onion,01-01-2024
ON050,03-02-2024,0.71888113,Onion,01-01-2024
ON050,03-04-2024,0.27342048,Onion,01-01-2024
ON050,03-05-2024,0.17075893,Onion,01-01-2024
ON050,04-01-2024,0.3680431,Onion,01-01-2024
ON050,04-03-2024,0.69181585,Onion,01-01-2024
ON050,06-10-2023,0.7953615,Onion,01-01-2024
ON050,08-02-2024,0.7584803,Onion,01-01-2024
ON050,08-04-2024,0.2913386,Onion,01-01-2024
ON050,08-05-2024,0.23121724,Onion,01-01-2024
ON050,09-03-2024,0.6160093,Onion,01-01-2024
ON050,10-12-2023,0.24977127,Onion,01-01-2024
ON050,11-10-2023,0.65658635,Onion,01-01-2024
ON050,13-04-2024,0.26683804,Onion,01-01-2024
ON050,13-05-2024,0.23498695,Onion,01-01-2024
ON050,14-01-2024,0.54706925,Onion,01-01-2024
ON050,14-03-2024,0.5535332,Onion,01-01-2024
ON050,15-11-2023,0.18405244,Onion,01-01-2024
ON050,15-12-2023,0.284,Onion,01-01-2024
ON050,16-10-2023,0.45200893,Onion,01-01-2024
ON050,18-02-2024,0.74465406,Onion,01-01-2024
ON050,18-04-2024,0.12338858,Onion,01-01-2024
ON050,18-05-2024,0.31772152,Onion,01-01-2024
ON050,19-01-2024,0.6527546,Onion,01-01-2024
ON050,19-03-2024,0.54422474,Onion,01-01-2024
ON050,20-11-2023,0.18666667,Onion,01-01-2024
ON050,20-11-2023,0.14475873,Onion,01-01-2024
ON050,23-02-2024,0.75412846,Onion,01-01-2024
ON050,23-04-2024,0.065721646,Onion,01-01-2024
ON050,24-03-2024,0.42396778,Onion,01-01-2024
ON050,25-12-2023,0.28650275,Onion,01-01-2024
ON050,26-10-2023,0.4526589,Onion,01-01-2024
ON050,28-02-2024,0.61255926,Onion,01-01-2024
ON050,28-04-2024,0.14454664,Onion,01-01-2024
ON050,30-12-2023,0.35353535,Onion,01-01-2024
ON050,31-10-2023,0.25706214,Onion,01-01-2024
